,Date,obitos,confirmados_novos,recuperados,Temperature,Visibility,total_testes,testes_pcr,testes_antigenio,new_cases_per_million_Austria,new_deaths_per_million_Austria,new_cases_per_million_Belgium,new_deaths_per_million_Belgium,icu_patients_per_million_Belgium,hosp_patients_per_million_Belgium,new_deaths_per_million_Bulgaria,new_cases_per_million_Canada,new_deaths_per_million_Canada,icu_patients_per_million_Canada,new_cases_per_million_Cyprus,new_deaths_per_million_Czechia,hosp_patients_per_million_Czechia,new_cases_per_million_Denmark,new_tests_per_thousand_Estonia,icu_patients_per_million_France,new_cases_per_million_Georgia,new_cases_per_million_Germany,new_deaths_per_million_Germany,icu_patients_per_million_Germany,new_deaths_per_million_Hungary,hosp_patients_per_million_Hungary,positive_rate_India,new_cases_per_million_Ireland,new_deaths_per_million_Ireland,icu_patients_per_million_Ireland,hosp_patients_per_million_Ireland,new_tests_per_thousand_Ireland,positive_rate_Ireland,new_tests_per_thousand_Italy,new_cases_per_million_Japan,new_deaths_per_million_Japan,new_cases_per_million_Latvia,new_deaths_per_million_Latvia,hosp_patients_per_million_Latvia,new_tests_per_thousand_Latvia,new_cases_per_million_Lithuania,new_tests_per_thousand_Lithuania,icu_patients_per_million_Luxembourg,new_deaths_per_million_Malta,new_tests_per_thousand_Malta,positive_rate_Malta,new_cases_per_million_Monaco,new_cases_per_million_Montenegro,positive_rate_Mozambique,new_deaths_per_million_Poland,positive_rate_Romania,new_cases_per_million_Russia,new_deaths_per_million_Russia,new_deaths_per_million_Serbia,positive_rate_Serbia,new_cases_per_million_Slovakia,new_tests_per_thousand_Slovakia,new_cases_per_million_Slovenia,new_deaths_per_million_Slovenia,icu_patients_per_million_Slovenia,new_tests_per_thousand_Slovenia,new_deaths_per_million_Switzerland,new_cases_per_million_Turkey,positive_rate_Ukraine,new_deaths_per_million_United Arab Emirates,tests_per_case_United Arab Emirates,new_cases_per_million_United Kingdom,new_deaths_per_million_United Kingdom,icu_patients_per_million_United Kingdom,hosp_patients_per_million_United Kingdom,positive_rate_United Kingdom,new_cases_per_million_United States,new_deaths_per_million_United States,COVID-19 Deaths,Pneumonia Deaths,Influenza Deaths,flights,commercial_flights,People Screened at Airports,US International Commercial Flights,Nr People not staying home,Nr of trips
0,2020-03-01,0.0,0.0,0.0,14.220000000000002,10.66,25.0,25.0,0.0,1.3319999999999999,0.0,0.086,0.0,0.0,0.0,0.0,0.344,0.0,0.0,0.0,0.0,0.0,0.6910000000000001,0.044,0.29600000000000004,0.752,1.349,0.0,0.0,0.0,0.0,0.0,0.203,0.0,0.0,0.0,0.0,0.0,0.20699999999999996,0.6799999999999999,0.024,0.0,0.0,0.0,0.066,0.3670000000000001,0.0,0.0,0.0,0.202,0.0,25.482,0.0,0.0,0.0,0.0,0.0,0.0,0.0,0.0,0.0,0.0,0.0,0.0,0.0,0.07400000000000001,0.0,0.0,0.0,0.0,1449.18,0.884,0.0,0.0,0.0,0.0,0.048,0.003,37.0,3978,636,177311.1428571429,104781.85714285713,14345360.0,29327.0,265899606.2857143,1233873920.857143
1,2020-03-08,0.0,30.0,0.0,14.614285714285714,11.114285714285714,470.0,470.0,0.0,9.992,0.0,17.085,0.0,0.0,0.0,0.0,1.058,0.0,0.0,0.0,0.0,0.0,5.696,0.184,1.8050000000000002,2.5069999999999997,10.862,0.0,0.0,0.0,2.278,0.0,3.6460000000000004,0.0,0.0,7.088,0.0,0.0,0.477,1.8980000000000001,0.016,1.06,0.0,0.0,0.116,0.0,0.0,0.0,0.0,0.858,0.0,0.0,0.0,0.0,0.0,0.0,0.10300000000000001,0.0,0.0,0.0,0.5489999999999999,0.095,7.696,0.0,0.0,0.457,0.23199999999999998,0.0,0.0,0.0,1544.757142857143,5.73,0.03,0.0,0.0,0.0,1.471,0.06,58.0,3974,627,178796.42857142858,103299.14285714287,12452312.0,29073.0,266364609.7142857,1245619459.857143
2,2020-03-15,0.0,215.0,2.0,16.014285714285712,11.085714285714285,5754.0,5754.0,0.0,83.94099999999999,0.111,59.191,0.345,4.573,22.693,0.28800000000000003,4.98,0.026000000000000002,0.132,29.683,0.0,1.775,144.678,0.923,10.153,5.012999999999999,56.753,0.132,0.0,0.10400000000000001,13.25,0.0,22.277,0.406,0.0,47.592999999999996,0.0,0.0,1.24,2.586,0.128,14.844,0.0,0.0,0.5349999999999999,2.939,0.0,0.0,0.0,2.106,0.008142857142857143,25.482,0.0,0.0,0.07800000000000001,0.0,0.31500000000000006,0.0,0.0,0.13899999999999998,9.341999999999999,0.168,97.64699999999999,0.48100000000000004,7.215,2.602,1.388,0.071,0.0,0.0,775.8285714285714,38.211,0.6040000000000001,0.0,0.0,0.0,8.136,0.14700000000000002,581.0,4550,560,167279.7142857143,96839.28571428572,6321050.0,22625.0,260388249.2857143,1202655311.0
3,2020-03-22,14.0,1355.0,3.0,14.171428571428573,10.4,16790.0,16790.0,0.0,302.23,1.665,217.00599999999997,6.1259999999999994,113.722,561.02,0.14400000000000002,32.245999999999995,0.5549999999999999,3.3909999999999996,78.777,0.09300000000000001,38.753,110.32,2.0149999999999997,102.06499999999998,5.263999999999999,227.70499999999998,0.992,10.408000000000001,0.518,50.411,0.012285714285714287,157.358,0.406,0.0,152.903,1.005,0.0,2.2079999999999997,2.198,0.127,57.787000000000006,0.0,0.0,2.767,37.467999999999996,0.277,17.573,0.0,3.947,0.03300000000000001,535.113,33.435,0.0,0.10500000000000001,0.02842857142857142,2.0820000000000003,0.006999999999999999,0.294,0.2792857142857143,23.993,0.375,93.799,0.48100000000000004,23.569000000000003,3.3899999999999997,9.706,14.584,0.0,0.028857142857142856,886.6571428571427,107.799,3.624,0.0,0.0,0.0,95.72699999999999,1.593,3197.0,6187,446,123842.85714285714,70288.85714285714,1922854.0,9091.0,236935856.14285716,1016028966.2857145
4,2020-03-29,105.0,4362.0,38.0,14.657142857142857,10.5,41059.0,41059.0,0.0,578.034,7.772,641.523,30.718,414.163,1914.818,0.7200000000000001,127.47,1.959,16.375,135.86,1.4010000000000002,132.785,181.27700000000002,5.59,347.15100000000007,9.275999999999998,444.26200000000006,5.239999999999999,67.423,0.726,169.249,0.04142857142857142,346.106,8.506,49.415,488.67999999999995,3.253,0.07442857142857143,3.2359999999999998,6.348,0.182,110.275,0.0,0.0,3.8329999999999997,98.08,1.822,162.946,0.0,7.713,0.030428571428571433,586.076,101.89999999999999,0.0,0.39699999999999996,0.08428571428571428,7.997,0.048,1.6170000000000002,0.3535714285714286,23.629,0.7399999999999999,152.002,4.329,57.72,3.7219999999999995,23.340999999999998,94.63,0.0,0.014428571428571428,280.2571428571428,288.11600000000004,20.476,0.0,369.29600000000005,0.0,329.344,8.988,10107.0,9929,478,83941.0,42447.0,995755.0,4116.0,233587758.85714287,850814227.7142857
5,2020-04-05,176.0,5316.0,32.0,12.685714285714285,10.157142857142857,59250.0,59250.0,0.0,362.29800000000006,13.103000000000002,764.046,87.666,711.153,3211.064,1.7280000000000004,251.07100000000003,8.98,56.541000000000004,264.872,4.7620000000000005,226.25900000000001,344.774,8.446000000000002,635.469,20.806999999999995,453.88199999999995,12.544999999999998,167.085,2.175,372.55300000000005,0.052714285714285714,481.794,22.682000000000002,182.87500000000003,936.0459999999999,2.803,0.146,3.9270000000000005,15.568,0.237,98.61200000000001,0.53,110.27499999999999,3.6450000000000005,124.162,5.4159999999999995,332.28200000000004,0.0,10.287,0.01457142857142857,688.0029999999999,205.39400000000003,0.003999999999999999,1.9020000000000001,0.12842857142857142,26.415,0.254,5.586,0.22985714285714282,31.320000000000004,1.5859999999999999,128.432,8.177,101.494,3.321,47.951,211.67,0.0,0.10099999999999999,147.68571428571428,463.542,61.912,128.319,1518.797,0.0,626.8370000000001,27.817999999999998,16290.0,12012,475,70394.0,32699.857142857138,734336.0,3096.0,232723262.42857143,842989355.5714285
6,2020-04-12,209.0,5307.0,202.0,16.07142857142857,8.9,68439.0,68439.0,0.0,210.295,16.212,859.0450000000001,185.77,765.081,3405.808,1.2960000000000003,226.35200000000003,17.487000000000002,99.30500000000002,213.49499999999998,6.63,267.253,312.144,7.302,714.1200000000001,20.805,330.98099999999994,17.164,221.59499999999997,6.729,642.109,0.05171428571428571,943.944,35.643,211.026,1187.9799999999998,7.4639999999999995,0.128,5.273,28.441,0.427,62.559,2.12,146.325,3.9949999999999997,86.691,5.691,340.27000000000004,6.795,15.798,0.022428571428571426,509.63200000000006,92.34899999999999,0.03314285714285715,3.645,0.10628571428571428,71.135,0.581,4.263,0.21728571428571428,47.071999999999996,2.3,100.05200000000002,12.024999999999999,114.00299999999999,3.44,45.178000000000004,354.369,0.0,0.17314285714285713,150.8714285714286,477.12399999999997,94.982,312.89300000000003,2146.142,0.2362857142857143,664.913,45.054,17169.0,11415,264,63951.285714285725,28798.142857142862,674932.0,2695.0,231816774.2857143,872543102.2857143
7,2020-04-19,210.0,3621.0,333.0,14.999999999999998,10.2,85004.0,85004.0,0.0,89.271,11.326000000000002,763.529,179.72799999999998,693.12,3150.666,1.8720000000000003,300.3,27.819000000000003,103.042,152.987,4.4830000000000005,238.11700000000002,209.074,8.468,637.29,34.342,206.841,18.668,234.68699999999998,9.315999999999999,718.296,0.04285714285714286,1133.298,55.894999999999996,198.06400000000002,1205.397,5.723,0.16385714285714287,5.729,27.206999999999997,0.854,40.291,0.0,161.17000000000002,4.064,73.834,8.627,359.439,0.0,14.828,0.01185714285714286,25.482,57.31900000000001,0.04157142857142858,3.3819999999999997,0.08728571428571427,185.583,1.583,6.174,0.141,76.74499999999999,3.294,60.126,10.100999999999999,102.45599999999999,3.0759999999999996,33.161,348.0,0.05914285714285715,0.2742857142857143,81.11428571428571,479.952,91.094,332.115,2090.563,0.257,598.794,46.17099999999999,15527.0,10388,144,68235.57142857142,28086.571428571428,744728.0,2626.0,235836916.57142857,893740452.5714285
8,2020-04-26,189.0,3477.0,719.0,15.385714285714286,10.385714285714286,93237.0,93237.0,0.0,52.85,9.993,659.038,121.747,586.733,2654.186,2.0160000000000005,328.546,32.56400000000001,97.981,57.083,3.177,218.695,205.966,6.556000000000001,518.557,23.061,150.22000000000003,16.589999999999996,225.81799999999998,8.591,624.3040000000001,0.04514285714285714,812.306,96.60000000000001,179.634,1084.0859999999998,7.1739999999999995,0.17314285714285713,6.6339999999999995,19.696,1.1059999999999999,45.062999999999995,3.7110000000000003,152.68699999999995,6.2219999999999995,59.87500000000001,14.751,290.747,2.265,10.488,0.006428571428571428,0.0,20.697999999999997,0.04328571428571428,4.625,0.06857142857142857,261.048,2.645,4.998,0.09257142857142855,39.928999999999995,5.010999999999999,31.746,3.848,80.32700000000001,4.2540000000000004,25.074,282.479,0.09942857142857142,0.5055714285714287,56.51428571428571,479.216,81.59299999999999,294.34700000000004,1842.678,0.19557142857142856,626.7760000000001,45.229,13206.0,8952,66,73113.57142857142,28294.857142857138,947860.0,2632.0,237941194.14285716,930081236.0
9,2020-05-03,140.0,1599.0,360.0,17.214285714285715,10.299999999999999,90631.0,90631.0,0.0,41.30499999999999,6.2170000000000005,325.46500000000003,64.712,450.4030000000001,2065.383,2.4480000000000004,330.426,34.312,94.192,62.792,2.615,175.74099999999999,163.668,6.618,419.51099999999997,25.819,94.21900000000001,10.623,185.91900000000004,7.04,712.603,0.038714285714285715,454.454,43.745,147.839,1042.772,11.565,0.06857142857142857,6.550000000000001,13.093,1.3039999999999998,35.52,2.12,143.67499999999998,8.815999999999999,30.49,12.991000000000001,258.79600000000005,0.0,17.005,0.0032857142857142855,25.482,1.5919999999999999,0.03614285714285714,3.777,0.039714285714285716,368.23400000000004,3.652,5.439,0.04928571428571427,5.310999999999999,4.342,20.683000000000003,6.733999999999999,72.631,3.2990000000000004,17.562,188.703,0.088,0.7224285714285715,49.32857142857143,453.438,62.442,229.47299999999998,1569.026,0.11114285714285711,575.615,39.83,11223.0,7833,48,76318.85714285714,29658.0,1182109.0,2631.0,240593886.42857143,975686412.4285717
10,2020-05-10,92.0,2299.0,860.0,17.442857142857143,10.285714285714286,96310.0,96310.0,0.0,30.423000000000002,2.2199999999999998,273.953,70.063,322.01300000000003,1555.444,2.5920000000000005,254.012,30.549,87.912,29.682999999999993,2.9890000000000003,129.237,156.418,7.333,315.728,11.53,74.178,8.39,147.02100000000002,7.557000000000001,674.613,0.04057142857142857,301.755,31.391000000000002,112.397,867.998,9.882000000000001,0.031714285714285716,6.817,6.0329999999999995,0.838,31.809,1.06,113.986,6.546000000000001,26.448999999999998,15.298,201.286,2.265,17.299999999999997,0.0029999999999999996,25.482,3.1839999999999997,0.004857142857142858,3.223,0.04071428571428572,513.936,4.352,3.234,0.024571428571428577,8.975,4.183999999999999,8.658000000000001,2.886,45.21400000000001,3.4780000000000006,8.204,149.53999999999996,0.07914285714285715,1.039857142857143,54.01428571428572,327.063,46.771,177.68,1316.8400000000001,0.050714285714285705,517.835,36.399,9215.0,6789,22,83478.0,32198.714285714286,1440238.0,2805.0,242295645.0,991373716.7142855
11,2020-05-17,83.0,1455.0,2087.0,16.414285714285715,10.22857142857143,111487.0,111487.0,0.0,41.193,1.2209999999999999,189.73900000000003,34.167,235.555,1133.084,2.4480000000000004,218.349,22.229999999999997,75.22,20.549,1.681,87.59100000000002,85.97699999999999,5.8260000000000005,238.336,15.040999999999997,53.589999999999996,4.6899999999999995,111.154,3.934,478.243,0.04399999999999999,226.012,17.215,84.653,650.4920000000001,8.281,0.030285714285714284,7.262,3.179,0.956,36.581,0.53,103.382,6.263,27.182999999999996,15.839,162.947,2.265,21.144,0.004285714285714286,0.0,0.0,0.017571428571428575,3.3019999999999996,0.029714285714285714,493.81100000000004,4.905,2.205,0.013428571428571427,6.776,4.1739999999999995,4.329,0.9620000000000001,25.493000000000002,3.1159999999999997,5.546999999999999,127.794,0.0642857142857143,0.31757142857142856,50.971428571428575,284.61,35.838,137.319,1133.5040000000001,0.038142857142857145,473.50300000000004,29.730000000000004,7236.0,5907,24,91670.71428571428,33839.0,1841713.0,2843.0,251308020.14285716,1048270333.7142855
12,2020-05-24,98.0,1587.0,12913.0,21.028571428571432,10.514285714285714,90872.0,90872.0,0.0,28.981,1.2209999999999999,156.347,19.672,169.894,858.9569999999999,3.1680000000000006,205.97600000000003,17.621,66.344,21.693,1.588,66.392,74.928,5.945,180.333,8.772,47.253,3.831,83.81099999999999,3.625,310.961,0.054,106.72699999999999,13.163,72.703,477.7439999999999,6.165,0.020714285714285716,7.311999999999999,1.779,0.513,20.676000000000002,1.59,95.42900000000002,5.643,26.816000000000003,13.61,73.486,0.0,22.438,0.006571428571428571,50.964,0.0,0.02157142857142857,1.8760000000000001,0.023857142857142855,429.84299999999996,6.234999999999999,1.176,0.013571428571428571,2.747,2.862,0.9620000000000001,1.443,12.986999999999998,2.4890000000000003,2.8899999999999997,87.64599999999999,0.05142857142857143,0.3608571428571428,49.72857142857142,232.817,31.508999999999997,104.10000000000001,970.922,0.02914285714285714,473.371,25.125,6164.0,5283,12,98130.28571428572,35245.142857142855,2060102.0,2909.0,261187465.42857143,1135631724.7142856
13,2020-05-31,94.0,1877.0,1860.0,24.12857142857143,10.5,96551.0,96551.0,0.0,25.315,3.1090000000000004,111.22,16.136,118.46799999999999,601.918,1.4400000000000004,168.856,15.369000000000002,60.94,10.274000000000001,0.467,51.827,53.519000000000005,6.917,145.95,13.286,36.785,3.0660000000000003,63.19800000000001,4.141,257.444,0.06328571428571429,71.08500000000001,8.911,61.36399999999999,332.13200000000006,5.176,0.015428571428571429,7.140000000000001,2.372,0.363,10.072999999999999,1.06,83.76600000000002,5.313,18.0,12.665000000000001,43.134,6.795,18.290000000000003,0.0025714285714285717,25.482,0.0,0.027,1.7959999999999998,0.018714285714285715,420.476,7.893,0.735,0.012285714285714285,2.1969999999999996,2.53,2.4050000000000002,0.48100000000000004,7.215,1.9360000000000002,1.6180000000000003,84.362,0.040999999999999995,0.27428571428571424,45.10000000000001,154.70100000000002,21.92,78.749,821.744,0.018142857142857145,441.956,19.71,5048.0,4904,11,108319.0,37170.42857142857,2445693.0,3319.0,249384451.42857143,1016655984.2857145
14,2020-06-07,69.0,2193.0,1586.0,20.057142857142857,10.5,95071.0,95071.0,0.0,18.985999999999997,0.444,72.911,11.043000000000001,83.523,420.9800000000001,2.879,124.50199999999998,9.619000000000002,52.461,22.833,0.653,42.301,48.169000000000004,6.018000000000001,117.25200000000001,6.518,27.929,1.73,51.60800000000001,2.073,293.36400000000003,0.069,42.73,5.469,51.23799999999999,217.91,3.8209999999999997,0.013714285714285712,5.917999999999999,2.277,0.15100000000000002,11.662,0.53,45.065000000000005,4.553,15.429000000000002,11.021999999999998,22.367,0.0,13.886,0.001142857142857143,0.0,0.0,0.045714285714285714,2.4579999999999997,0.01742857142857143,419.572,7.935,0.882,0.011,1.2810000000000001,3.059,5.772,0.48100000000000004,0.9620000000000001,2.056,0.11599999999999999,73.395,0.053,0.17314285714285713,64.84285714285714,119.657,17.308,59.954,680.154,0.01457142857142857,437.77400000000006,17.414,4227.0,4547,11,107185.14285714287,41649.28571428572,3054987.0,3584.0,252952526.42857143,1042982622.7142855
15,2020-06-14,38.0,1997.0,1674.0,18.114285714285714,10.885714285714286,60843.0,60843.0,0.0,22.982999999999997,0.555,69.287,5.177,56.947,283.444,2.016,85.475,5.827999999999999,44.06100000000001,21.690999999999995,0.18600000000000005,42.768,42.298,5.899,92.28200000000001,13.786999999999999,21.101,1.3829999999999998,39.663000000000004,1.6569999999999998,234.257,0.074,20.656000000000002,5.468000000000001,36.251,133.45899999999997,3.942,0.005999999999999999,6.354000000000001,2.609,0.08,4.7700000000000005,1.59,36.582,5.1899999999999995,19.835,10.299,9.587,0.0,15.719999999999999,0.0025714285714285713,0.0,1.5919999999999999,0.037142857142857144,2.378,0.02242857142857143,419.324,7.448,0.735,0.016428571428571428,3.6609999999999996,1.319,4.8100000000000005,0.0,0.0,2.061,1.9650000000000003,96.123,0.05757142857142857,0.1877142857142857,75.68571428571428,105.98700000000001,11.034,44.266,548.6700000000001,0.01057142857142857,450.923,15.221,3838.0,4374,8,117238.0,44843.571428571435,3615170.0,3895.0,253532972.14285716,1054125952.7142855
16,2020-06-21,13.0,2443.0,2707.0,19.914285714285715,11.728571428571428,85160.0,85160.0,0.0,25.761,1.4429999999999998,44.954,3.5369999999999995,35.117000000000004,202.165,3.6000000000000005,70.85000000000001,3.628,32.509,3.425,0.652,52.105999999999995,34.183,6.018000000000001,76.239,10.527000000000001,44.805,1.121,32.692,0.829,155.481,0.07957142857142858,15.392000000000001,1.824,27.339,77.16,3.7770000000000006,0.005428571428571429,6.015000000000001,3.2500000000000004,0.223,7.4220000000000015,1.06,27.567,5.52,11.021,10.346,17.574,0.0,13.31,0.0031428571428571426,25.482,58.912000000000006,0.03142857142857143,2.8810000000000002,0.02885714285714286,381.075,7.968999999999999,1.029,0.015285714285714286,7.143,0.9570000000000001,12.025,0.0,3.367,2.686,2.08,111.999,0.0702857142857143,0.18757142857142856,97.34285714285714,94.37900000000002,7.542000000000001,36.207,469.90500000000003,0.011,568.2040000000001,12.505,3834.0,4275,12,122987.14285714286,47348.571428571435,3971225.0,4186.0,251323458.7142857,1031021094.8571428
17,2020-06-28,34.0,2513.0,1690.0,22.242857142857144,11.5,87885.0,87885.0,0.0,34.752,1.332,64.281,3.1059999999999994,23.038000000000004,156.95000000000002,2.879,56.03699999999999,3.258,24.402,9.133000000000001,1.1219999999999999,45.474999999999994,49.032,2.742,64.73899999999999,4.510999999999999,40.832,0.871,29.468999999999998,1.141,130.119,0.08457142857142856,12.152,4.052,16.607,44.148999999999994,4.105,0.002857142857142857,5.463,4.632,0.135,2.6500000000000004,0.0,29.686999999999998,5.33,6.246,8.535,9.587,0.0,13.294000000000002,0.0014285714285714288,76.446,189.47100000000003,0.02742857142857143,2.1670000000000003,0.03357142857142857,340.45400000000006,6.571,1.323,0.019857142857142858,14.103,1.2759999999999998,29.341,0.9620000000000001,3.367,2.9160000000000004,0.6930000000000001,113.281,0.07928571428571429,0.15871428571428572,115.71428571428571,72.59200000000001,6.4959999999999996,30.212,397.962,0.009142857142857144,826.226,11.722999999999999,4539.0,4568,5,125444.28571428572,49428.857142857145,4339139.0,5092.0,250678675.0,1001054191.5714283
18,2020-07-05,50.0,2451.0,1951.0,22.428571428571427,11.742857142857144,95288.0,95288.0,0.0,69.506,0.444,62.211999999999996,3.365,20.708999999999996,117.691,3.886,58.31799999999999,1.9599999999999997,16.613,10.274999999999999,0.0,46.783,27.278999999999996,3.3080000000000003,56.760999999999996,6.7669999999999995,33.777,0.656,26.784,0.83,113.763,0.09057142857142855,17.822000000000003,1.2160000000000002,15.796000000000001,29.161000000000005,8.027000000000001,0.0028571428571428576,5.354,10.295000000000002,0.04,4.240000000000001,0.0,19.617,5.253,7.713000000000001,8.788,28.756999999999998,0.0,13.113,0.0005714285714285715,127.40799999999999,477.659,0.028285714285714282,2.087,0.03442857142857143,320.144,7.433000000000001,6.027,0.033857142857142856,18.315,1.7280000000000002,57.239000000000004,0.0,0.0,3.6829999999999994,0.347,101.00799999999998,0.08142857142857143,0.1442857142857143,123.78571428571429,40.346999999999994,4.61,25.146,322.481,0.004428571428571428,1039.164,11.066999999999998,5775.0,5549,10,129569.71428571428,55184.857142857145,4850625.0,6429.0,245980562.2857143,965820945.5714283
19,2020-07-12,46.0,2415.0,1890.0,23.900000000000002,11.228571428571428,96008.0,96008.0,0.0,68.50699999999999,0.222,59.623000000000005,0.9500000000000001,18.465000000000003,92.929,3.168,51.773,1.694,13.010000000000002,20.551,0.37300000000000005,46.876,19.680999999999997,2.732,50.839999999999996,8.770999999999999,28.598000000000003,0.5730000000000001,23.142,0.621,97.202,0.09928571428571428,20.454000000000004,1.014,13.57,20.252,9.715,0.0017142857142857144,4.971,17.182,0.048,25.977000000000004,0.0,14.844000000000001,5.895999999999999,12.120999999999999,6.220000000000001,28.757,0.0,11.839,0.00028571428571428574,25.482,700.5680000000001,0.02728571428571428,1.428,0.04042857142857143,313.51800000000003,8.038,12.052,0.04114285714285714,25.093,2.1380000000000003,67.82199999999999,0.0,0.48100000000000004,3.728,0.347,85.78399999999999,0.06785714285714287,0.1442857142857143,89.57142857142858,62.206999999999994,3.138,19.105999999999998,243.87900000000002,0.004285714285714286,1247.4009999999998,16.308,7183.0,6197,13,142989.57142857142,60759.285714285725,4667719.0,6831.0,247473778.0,922845340.0
20,2020-07-19,29.0,2124.0,2462.0,26.88571428571429,11.157142857142857,99392.0,99392.0,0.0,84.162,0.333,86.19800000000001,1.552,16.741,91.11699999999999,4.606000000000001,74.718,1.483,12.426,19.409,0.653,48.557,39.71,2.217,47.288,10.528,33.61,0.252,20.970000000000002,0.10400000000000001,76.602,0.10528571428571429,26.733,1.4190000000000003,12.353000000000002,16.201,10.155999999999999,0.0028571428571428567,4.949,28.502,0.024,10.073,0.53,11.131,6.352,23.509,6.405,55.914,0.0,14.037999999999998,0.0,0.0,1539.656,0.043,1.4020000000000001,0.04414285714285714,303.39,6.8870000000000005,11.611,0.04385714285714286,14.286000000000001,1.861,50.505,0.48100000000000004,5.291,3.0069999999999997,0.11599999999999999,78.82400000000001,0.0662857142857143,0.08657142857142856,128.0,76.658,2.21,14.922,194.88600000000002,0.005857142857142857,1408.343,16.84,8228.0,6772,11,147763.2857142857,63920.42857142857,4633316.0,6841.0,245593016.14285716,930939275.0
21,2020-07-26,28.0,1528.0,1848.0,24.857142857142858,11.542857142857143,95883.0,95883.0,0.0,90.713,0.111,200.18,1.811,24.332,119.59000000000002,5.756,95.94,0.9269999999999999,13.540000000000001,21.690999999999995,1.121,56.87,49.722,2.263,41.782000000000004,25.819000000000003,46.931000000000004,0.382,20.589,0.0,53.82800000000001,0.12028571428571429,24.505,2.229,8.507,17.012,10.057000000000002,0.0025714285714285717,5.335,40.339000000000006,0.096,14.314,0.0,9.01,5.377000000000001,27.551000000000005,1.7269999999999999,44.732,0.0,16.25,0.0012857142857142859,178.37099999999998,972.833,0.03314285714285715,1.243,0.04928571428571428,279.317,6.344000000000001,9.113,0.040428571428571425,36.633,2.4650000000000003,65.41600000000001,1.9240000000000002,9.620000000000001,2.7259999999999995,0.9249999999999999,76.583,0.0692857142857143,0.07214285714285715,164.5,68.674,1.7080000000000002,11.43,160.388,0.0051428571428571435,1385.7299999999998,19.668,8299.0,6854,13,143431.0,63360.857142857145,4762032.0,6670.0,243685691.2857143,916555897.8571428
22,2020-08-02,21.0,1299.0,1767.0,23.014285714285712,11.62857142857143,96419.0,96419.0,0.0,92.38000000000001,0.6659999999999999,329.864,2.0700000000000003,30.372,152.465,6.908,78.93,1.429,12.983,106.17699999999999,1.213,74.23499999999999,62.669999999999995,3.018,36.763999999999996,11.530000000000001,54.342000000000006,0.35900000000000004,21.556,0.10400000000000001,53.415000000000006,0.11014285714285714,56.909000000000006,-0.203,6.480000000000002,12.353,6.114,0.004857142857142858,5.893,67.74300000000001,0.11900000000000002,12.724,0.53,12.724000000000002,5.429,37.101,8.014,65.499,0.0,24.019000000000002,0.010285714285714285,101.92699999999999,730.8190000000001,0.03642857142857143,1.5850000000000002,0.05028571428571428,261.79,5.857999999999999,8.232000000000001,0.04071428571428571,30.221,2.2180000000000004,47.138,1.9240000000000002,12.986999999999998,2.466,0.46399999999999997,80.10400000000001,0.076,0.10099999999999999,160.17142857142858,77.911,1.4140000000000001,9.192000000000002,135.609,0.005,1308.191,23.761,7859.0,6823,10,142863.2857142857,63600.714285714275,4872062.0,7276.0,243909821.14285716,925382239.2857145
23,2020-08-09,18.0,1205.0,1527.0,23.814285714285717,11.585714285714287,97465.0,97465.0,0.0,80.944,0.333,371.28,2.33,38.655,170.583,8.491000000000001,68.862,0.9259999999999999,14.15,105.035,0.5609999999999999,70.96900000000001,126.20400000000001,5.8,37.63700000000001,12.032000000000002,72.423,0.573,20.087,0.519,52.69,0.102,111.385,1.823,7.696999999999999,17.619,5.5889999999999995,0.015714285714285715,5.5089999999999995,76.426,0.26999999999999996,24.916,0.0,22.796999999999997,6.481999999999999,52.528000000000006,8.236,78.279,0.0,26.679,0.016285714285714285,331.261,573.1930000000001,0.03785714285714286,2.008,0.0672857142857143,249.709,5.4750000000000005,7.497000000000001,0.03342857142857143,46.157,2.5150000000000006,33.189,3.367,9.139000000000001,2.3299999999999996,0.579,94.238,0.08057142857142856,0.08657142857142856,186.01428571428573,92.28699999999999,1.0460000000000003,7.202000000000001,116.65200000000002,0.0051428571428571435,1139.8600000000001,22.315999999999995,7248.0,6521,5,153656.57142857142,67045.85714285714,4986826.0,7231.0,246887897.7142857,979324707.2857145
24,2020-08-16,22.0,1434.0,1186.0,21.371428571428567,11.37142857142857,96267.0,96267.0,0.0,148.449,0.7769999999999999,359.892,5.781,47.284,188.70499999999998,7.340000000000001,69.86999999999998,1.032,12.558000000000002,110.74499999999999,0.653,69.754,214.77200000000002,7.294,36.928000000000004,27.823999999999998,92.13,0.39499999999999996,18.882,0.622,45.754,0.09028571428571429,110.372,0.406,9.721,18.834000000000003,10.764,0.015,5.088,57.655,0.442,16.965,0.0,18.025000000000002,6.415,59.507999999999996,9.055,33.550000000000004,0.0,35.202999999999996,0.01942857142857143,331.261,663.948,0.05614285714285715,1.8499999999999999,0.06671428571428571,239.841,5.140000000000001,4.851,0.02914285714285714,56.048,2.8920000000000003,80.33000000000001,0.9620000000000001,9.139,2.7800000000000002,0.579,100.84299999999999,0.08314285714285714,0.10099999999999999,264.0142857142857,114.44200000000001,1.296,7.733,104.27799999999999,0.006285714285714285,1070.88,21.680000000000003,6370.0,5980,12,152213.85714285713,68623.71428571429,4957329.0,7252.0,249455021.7142857,968863868.2857145
25,2020-08-23,18.0,1495.0,1077.0,22.642857142857142,11.042857142857143,98806.0,98806.0,0.0,209.07299999999998,0.444,311.744,4.573,51.857,194.053,6.764,74.532,1.059,10.466,93.619,1.401,75.73100000000001,122.92399999999999,5.614000000000001,37.802,18.801,113.232,0.478,19.179000000000002,0.518,42.75099999999999,0.07742857142857143,144.19400000000002,0.609,9.113,27.339000000000002,10.684999999999999,0.012142857142857141,7.446999999999999,52.05800000000001,0.6719999999999999,7.9510000000000005,0.53,13.784,6.278000000000001,80.81299999999999,9.106,25.562999999999995,2.265,37.445,0.016714285714285716,203.852,490.397,0.059,2.06,0.06042857142857143,230.30300000000003,4.714,3.5279999999999996,0.02,83.155,3.376,113.03999999999999,0.9620000000000001,5.291,3.3700000000000006,1.1560000000000001,106.00200000000001,0.10214285714285713,0.15871428571428572,224.55714285714285,107.53299999999999,0.941,7.469,95.23400000000001,0.006285714285714284,903.9200000000001,20.262,5735.0,5555,12,152978.0,68916.28571428571,4693367.0,7157.0,248620101.57142857,942683817.8571428
26,2020-08-30,23.0,2171.0,1111.0,23.328571428571426,11.642857142857142,100166.0,100166.0,0.0,212.406,0.111,267.999,-8.456000000000001,48.059,158.245,9.786,81.36699999999999,1.031,8.902000000000001,75.35199999999998,1.0270000000000001,93.75400000000002,103.75899999999999,6.793,40.065000000000005,14.538999999999998,105.164,0.299,19.634,0.10400000000000001,52.48100000000001,0.08085714285714286,160.193,0.0,6.685,41.113,11.681999999999999,0.014285714285714285,9.569999999999999,41.90400000000001,0.7669999999999999,29.689,0.53,12.722,7.015,87.79400000000001,10.221,25.561,4.53,34.248,0.017714285714285717,0.0,711.7139999999999,0.057571428571428565,2.06,0.058571428571428566,227.10200000000003,4.824000000000001,1.911,0.013857142857142856,95.246,3.8800000000000003,102.93900000000001,0.9620000000000001,3.367,3.9120000000000004,0.46399999999999997,122.09100000000001,0.11985714285714286,0.10099999999999999,185.05714285714285,132.944,1.047,6.851,86.38000000000001,0.006285714285714285,880.328,19.101,5007.0,5220,9,147316.14285714287,68551.85714285714,5137064.0,7356.0,242656506.7142857,888641185.4285715
27,2020-09-06,21.0,2490.0,1068.0,24.685714285714283,11.72857142857143,110771.0,110771.0,0.0,233.72400000000002,0.333,286.894,1.121,36.066,133.912,9.068000000000001,106.03399999999999,0.6350000000000001,10.44,25.115999999999996,1.213,125.596,171.60999999999999,11.353000000000002,46.504000000000005,45.373999999999995,100.53299999999999,0.35900000000000004,18.894000000000002,1.038,82.50399999999999,0.08014285714285715,184.69700000000003,0.0,9.114,59.13600000000001,14.13,0.012142857142857144,10.469000000000001,31.308999999999997,0.641,18.554000000000002,0.53,19.617,7.182,76.775,9.543,7.9879999999999995,4.53,29.857,0.012714285714285711,-178.37100000000004,1214.847,0.05871428571428572,2.2980000000000005,0.05885714285714285,238.177,4.954,1.911,0.011428571428571429,135.175,4.178999999999999,144.306,0.9620000000000001,11.063,4.828,0.9249999999999999,133.50900000000001,0.11399999999999999,0.08657142857142856,155.17142857142858,189.023,0.7939999999999999,7.556,85.17299999999999,0.008142857142857143,867.7719999999999,17.743000000000002,4617.0,4946,7,154372.0,67841.28571428571,5062279.0,7533.0,243182075.7142857,941837938.8571428
28,2020-09-13,27.0,3725.0,1116.0,24.785714285714285,11.371428571428572,129384.0,129384.0,0.0,431.69300000000004,2.22,439.013,1.554,38.137,155.398,6.333000000000002,125.85499999999999,0.714,9.91,19.409000000000002,1.868,181.064,348.228,12.448999999999998,62.82900000000001,144.642,119.46299999999998,0.28800000000000003,19.024,1.347,167.799,0.08385714285714284,265.909,1.419,10.329,72.096,14.411999999999999,0.016142857142857143,9.904,29.474999999999998,0.649,24.388000000000005,0.0,34.459,7.639000000000001,92.93699999999998,10.305,3.196,2.265,29.996,0.019,611.5589999999999,1845.36,0.07457142857142858,1.797,0.05785714285714285,252.141,5.133,1.323,0.009285714285714286,168.144,5.162000000000001,258.306,0.0,17.316,7.446,0.926,134.647,0.1122857142857143,0.15885714285714286,113.64285714285714,315.70599999999996,1.1340000000000001,9.367,89.695,0.012142857142857141,737.716,15.517000000000001,4262.0,4780,5,149628.0,68501.28571428571,4887070.0,7737.0,239873661.2857143,911602053.2857145
29,2020-09-20,45.0,4594.0,1527.0,20.657142857142855,10.985714285714284,138052.0,138052.0,0.0,548.055,1.11,762.752,1.9839999999999998,44.436,224.511,5.901000000000001,188.384,1.376,14.336000000000002,84.48400000000001,4.388999999999999,295.546,522.4269999999999,15.741999999999999,81.804,319.61400000000003,145.945,0.43000000000000005,20.147000000000002,4.762,249.369,0.08628571428571429,394.508,1.6219999999999999,20.049,102.272,17.404000000000003,0.02085714285714286,10.166,27.641,0.4740000000000001,27.039,0.53,32.870000000000005,8.786,150.24099999999999,10.906,6.391,11.325000000000001,36.697,0.024999999999999998,560.5969999999999,3025.178,0.1202857142857143,2.774,0.06142857142857143,273.644,5.702,1.176,0.011285714285714284,209.72,5.18,345.37,3.367,36.074999999999996,8.822000000000001,2.774,138.78600000000003,0.119,0.07214285714285715,105.47142857142856,380.25600000000003,2.1959999999999997,13.524000000000001,121.306,0.014142857142857143,870.1000000000001,16.145,4292.0,4946,4,155543.42857142858,69378.71428571429,5116460.0,8002.0,241727115.42857143,965717568.0
30,2020-09-27,41.0,5027.0,2051.0,19.957142857142856,10.671428571428573,140703.0,140618.0,85.0,530.845,2.331,1025.4,2.761,64.282,349.19100000000003,5.038,256.424,1.456,18.097,109.60100000000001,9.618,482.866,648.804,18.717,106.58,439.189,147.688,0.883,24.455,5.487,402.678,0.08414285714285714,416.58299999999997,2.026,23.897000000000002,137.30899999999997,17.793000000000003,0.02214285714285714,10.821000000000002,24.066999999999997,0.32500000000000007,80.056,0.0,31.279000000000003,8.265,235.83100000000002,12.381000000000002,20.771,24.914,37.191,0.01842857142857143,433.187,2708.3320000000003,0.1295714285714286,3.674,0.06657142857142857,324.221,6.098,0.882,0.011,439.773,6.180000000000001,447.345,2.4050000000000002,48.1,8.198,2.196,137.138,0.12928571428571428,0.11542857142857142,111.32857142857142,600.6089999999999,3.108,24.483,191.66,0.02,931.751,16.432000000000002,4234.0,4833,8,145098.0,68806.42857142858,5276150.0,8165.0,245105024.2857143,961618792.8571428
31,2020-10-04,52.0,5547.0,2560.0,18.728571428571428,10.700000000000001,151817.0,151409.0,408.0,585.1400000000001,2.8859999999999997,1385.3790000000001,7.248,98.106,466.797,6.909000000000001,346.37699999999995,6.013999999999999,23.183,146.13700000000003,11.3,727.52,527.778,16.1,129.372,717.943,181.824,0.823,31.151,8.902,528.657,0.073,616.0649999999999,1.6210000000000004,28.149,170.724,17.802,0.030142857142857145,11.529,28.148,0.388,217.36700000000002,1.06,67.331,12.722,293.503,13.868000000000002,38.34199999999999,18.12,36.176,0.013999999999999999,305.779,2888.2509999999997,0.13799999999999998,5.231,0.083,430.096,6.9959999999999996,1.029,0.011857142857142856,743.821,8.855,552.2080000000001,3.8480000000000003,52.429,8.571,1.5040000000000004,118.689,0.1492857142857143,0.20199999999999999,99.25714285714285,1003.182,5.347,35.236000000000004,273.798,0.02642857142857143,909.327,14.948,4810.0,5184,13,146584.0,68009.0,5666196.0,8658.0,244071865.0,934143039.7142855
32,2020-10-11,75.0,7513.0,2980.0,19.914285714285715,10.885714285714286,155495.0,154906.0,589.0,796.4340000000001,4.218,2763.0769999999998,10.959,128.133,675.948,6.907,421.334,3.656,27.953000000000003,207.78700000000003,24.279,1249.792,474.25899999999996,13.681,148.421,921.494,295.235,1.1110000000000002,40.999,13.664,637.14,0.06485714285714286,910.5279999999999,3.242,38.479,240.79600000000002,19.116000000000003,0.039142857142857146,12.911,28.890000000000004,0.238,309.61699999999996,1.06,139.964,14.322,342.726,15.329,17.574,4.53,37.287,0.02514285714285714,305.78,2773.611,0.08157142857142856,9.883000000000001,0.10457142857142857,566.335,8.298,1.323,0.017857142857142856,1229.3839999999996,10.286999999999999,1041.4,5.772,74.55499999999999,10.854000000000001,1.2730000000000001,131.494,0.17371428571428574,0.27428571428571424,99.84285714285714,1485.254,6.997000000000001,45.193,415.12199999999996,0.050571428571428566,1062.3429999999998,15.636999999999999,5178.0,5216,17,146872.0,68727.57142857142,6065948.0,9220.0,240964151.7142857,912436092.2857145
33,2020-10-18,101.0,13247.0,5813.0,16.714285714285715,10.37142857142857,189446.0,188153.0,1293.0,1053.3609999999999,4.662,5176.616,19.155,202.16400000000004,1180.97,13.529,434.55400000000003,4.027,35.611,728.3940000000001,40.62,2065.741,514.1390000000001,12.698,180.19900000000004,1424.6049999999998,505.609,2.053,55.357,19.46,1146.645,0.05985714285714285,1505.5300000000002,5.268,43.138,346.512,22.665,0.06028571428571429,16.14,29.238,0.349,413.53000000000003,2.12,228.50099999999998,15.442,513.538,17.953,38.341,9.06,41.28999999999999,0.038714285714285715,789.929,2779.9799999999996,0.07271428571428572,15.033999999999999,0.131,679.3249999999999,10.745,1.911,0.027857142857142858,1828.6909999999998,13.366000000000001,2154.472,10.101,129.39499999999998,14.766,4.0440000000000005,141.808,0.18285714285714286,0.2597142857142857,92.4857142857143,1750.6549999999997,12.094,58.966,610.628,0.056285714285714286,1190.1299999999999,15.782,5977.0,5652,15,148490.85714285713,68754.85714285714,5972809.0,9300.0,243148506.0,900619700.7142857
34,2020-10-25,135.0,18775.0,9877.0,16.38571428571429,9.657142857142857,204697.0,202468.0,2229.0,1777.069,9.547,8522.975,34.254999999999995,354.973,2240.281,15.543,478.775,5.218,41.095,1028.657,72.743,3265.297,858.0509999999999,12.076,241.327,2745.932,823.8690000000001,3.1500000000000004,86.90200000000002,29.296,1543.836,0.051714285714285706,1451.256,6.077,51.035,443.316,23.302999999999997,0.06785714285714287,18.415,31.603,0.34800000000000003,651.043,6.361000000000001,363.69300000000004,17.507,981.527,20.245,103.839,13.589,46.173,0.04828571428571428,1044.7459999999999,1881.98,0.088,22.856,0.144,773.1399999999999,12.581,2.352,0.05028571428571429,2565.735,15.906,4717.807000000001,25.012,207.799,19.076999999999998,-4.622,169.64800000000002,0.20157142857142857,0.20199999999999999,83.0,2232.39,18.413,75.657,877.293,0.0642857142857143,1499.045,17.568,7005.0,6158,21,135334.7142857143,66965.85714285714,5593048.0,9252.0,243629973.0,935673173.5714283
35,2020-11-01,228.0,25655.0,12894.0,16.77142857142857,10.514285714285716,231117.0,227722.0,3395.0,3227.704,16.766000000000002,10352.975,79.985,626.767,3683.642,29.36,550.4449999999999,6.782,42.55,1162.235,114.671,4566.1669999999995,1199.5430000000001,14.777999999999999,329.065,3082.3410000000003,1272.893,5.382,141.901,40.786,2470.095,0.04171428571428571,987.081,6.684,58.529,471.668,18.5,0.05714285714285714,21.730999999999998,38.331999999999994,0.47500000000000003,772.983,9.542000000000002,666.419,18.107999999999997,2025.867,23.449,254.00400000000002,29.444000000000003,51.107,0.03457142857142857,1528.8949999999998,3052.2459999999996,0.09114285714285712,35.538000000000004,0.15999999999999998,829.113,14.739,4.997999999999999,0.10957142857142857,2949.46,52.744,6108.424,59.163000000000004,373.749,19.509000000000004,28.078,185.821,0.19157142857142856,0.2742857142857143,85.22857142857143,2374.775,26.824,97.929,1183.69,0.07228571428571429,1838.3880000000001,18.153,8740.0,7094,21,142748.0,67058.71428571429,5449951.0,10480.0,240992347.85714287,963056355.4285717
36,2020-11-08,352.0,34983.0,18010.0,15.571428571428571,11.0,253917.0,248936.0,4981.0,4804.5830000000005,31.198999999999998,5157.290000000001,113.722,853.1779999999999,4354.674,52.818000000000005,729.054,8.690999999999999,45.306,1625.7580000000003,133.439,5157.820000000001,1350.782,20.948,431.42699999999996,4268.051,1650.412,10.254,218.04899999999998,64.075,3741.2720000000004,0.04257142857142857,686.947,6.482,57.11099999999999,427.72099999999995,16.115000000000002,0.045571428571428575,23.268,51.005,0.356,1038.595,13.252,873.7139999999999,21.099,3283.263999999999,25.811999999999998,397.779,27.178000000000004,47.471999999999994,0.04057142857142857,3057.791,6513.688,0.084,55.197,0.23985714285714285,930.3629999999998,15.527000000000001,9.408,0.17071428571428574,2847.988,40.778,4575.425,91.872,548.3590000000002,16.886999999999997,51.535000000000004,198.983,0.21300000000000002,0.25985714285714284,96.72857142857143,2317.062,34.277,121.1,1432.829,0.07657142857142858,2468.3500000000004,22.095999999999997,10619.0,8059,20,153176.0,68019.14285714286,5541705.0,10897.0,233222222.57142857,995733421.1428572
37,2020-11-15,485.0,37977.0,25285.0,15.899999999999997,9.685714285714285,269279.0,259637.0,9642.0,5640.767000000001,46.410999999999994,3032.887,117.86500000000001,878.546,4137.583,66.92099999999999,855.144,11.578000000000001,60.092,1359.7459999999999,126.063,4600.344,1211.4570000000003,25.567999999999998,498.904,5496.125,1436.0979999999997,14.334999999999999,266.507,68.216,4733.16,0.04099999999999999,508.12199999999996,6.482,51.44,388.8380000000001,15.141,0.035,24.87,80.78200000000001,0.41800000000000004,1299.966,12.722,1123.4230000000002,21.639,3707.172,28.457,471.264,47.561,49.977,0.040999999999999995,1579.859,6961.096,0.06357142857142857,65.422,0.2705714285714286,1026.001,17.769,17.487000000000002,0.22457142857142856,2064.6040000000003,20.023999999999997,4752.922,116.888,672.9399999999999,17.563999999999997,68.982,237.41000000000003,0.22542857142857148,0.231,107.01428571428572,2615.178,42.601,134.78500000000003,1635.433,0.07371428571428572,3193.6839999999997,24.671000000000003,13328.0,9420,30,141675.2857142857,66825.28571428571,5866658.0,11346.0,233405922.85714287,971674368.7142855
38,2020-11-22,516.0,43457.0,47853.0,16.82857142857143,9.814285714285715,286993.0,273442.0,13551.0,4800.142,62.067,1970.73,103.28100000000002,778.6270000000001,3439.373,107.937,913.991,13.382000000000001,76.67900000000002,1672.567,92.25899999999999,3918.0190000000002,1441.767,29.375999999999998,483.79200000000003,6280.496999999999,1544.7,18.929000000000002,298.19500000000005,72.771,5371.649,0.04157142857142858,518.0439999999999,8.911999999999999,46.378,395.31800000000004,16.024,0.03514285714285715,24.979,114.037,0.546,1364.117,15.905000000000001,1389.0349999999999,20.084000000000003,4510.906999999999,29.064,504.812,31.706999999999997,47.454,0.041428571428571426,866.374,6185.695,0.06628571428571428,86.39999999999999,0.26400000000000007,1108.0939999999998,20.237,27.923,0.28785714285714287,1735.28,19.567000000000004,4938.114,122.66100000000002,684.965,17.497,79.38,385.87100000000004,0.3062857142857142,0.31742857142857145,95.50000000000001,2105.28,45.576,147.143,1785.2589999999998,0.06999999999999999,3673.864,33.658,15584.0,10457,27,149371.14285714287,68922.0,6067747.0,11429.0,231100305.2857143,960383041.8571428
39,2020-11-29,530.0,34041.0,36615.0,12.714285714285714,10.314285714285715,266690.0,250742.0,15948.0,3610.7659999999996,79.60999999999999,1537.5829999999999,80.157,623.4029999999999,2675.067,134.41799999999998,1052.5629999999999,14.495,84.89,1986.531,87.964,3317.0289999999995,1531.197,27.07,417.93,6927.748999999999,1471.927,25.626000000000005,318.499,90.265,5489.552,0.040999999999999995,360.48400000000004,5.875,47.998,374.86299999999994,15.468999999999998,0.02628571428571428,23.584000000000003,114.49600000000001,0.902,2043.7899999999997,23.325999999999997,1626.019,24.258,4837.102,29.966000000000005,480.84900000000005,49.824999999999996,46.87,0.040857142857142856,662.5219999999999,6080.61,0.06285714285714286,90.128,0.2724285714285714,1219.946,22.537,51.436,0.3387142857142857,1738.5760000000002,32.726,4845.277,159.69899999999998,675.826,19.288,68.634,1906.66,0.3178571428571428,0.25985714285714284,94.11428571428569,1554.121,47.462,148.70499999999998,1736.2340000000002,0.053142857142857144,3472.7319999999995,32.725,18511.0,12087,34,133665.57142857142,66934.0,5579347.0,12088.0,231673057.7142857,902689799.2857145
40,2020-12-06,536.0,27675.0,33521.0,11.7,10.514285714285714,224639.0,209156.0,15483.0,2633.906,81.61000000000001,1307.808,66.69900000000001,487.93699999999995,2109.5609999999997,141.47000000000003,1197.229,17.090999999999998,99.94200000000001,2361.004,71.34299999999999,2913.8150000000005,1943.8199999999997,27.135000000000005,354.314,7547.174000000001,1657.346,32.023,332.80899999999997,123.80599999999998,5616.669,0.03457142857142857,406.051,9.518999999999998,42.327999999999996,333.54900000000004,15.3,0.024999999999999998,21.685000000000002,121.77800000000002,1.597,2299.86,34.46,1878.9070000000002,26.615999999999996,5327.866000000001,29.312,453.69199999999995,40.767,46.593999999999994,0.04014285714285715,764.448,5357.752,0.06857142857142857,80.852,0.26800000000000007,1296.972,24.310999999999996,58.785000000000004,0.36057142857142865,2014.417,45.089000000000006,5014.112999999999,173.167,671.497,18.527999999999995,80.76599999999999,2616.4280000000003,0.3434285714285714,0.31757142857142856,99.07142857142857,1568.0120000000002,44.190999999999995,133.37,1648.0420000000001,0.04671428571428571,4243.722,48.547,20874.0,13275,30,147978.85714285713,69712.57142857142,4823816.0,12483.0,236844763.85714287,996161219.7142855
41,2020-12-13,596.0,26270.0,28267.0,14.771428571428572,8.657142857142857,222001.0,199945.0,22056.0,2113.274,70.283,1413.421,54.443999999999996,397.856,1805.9270000000001,128.23,1208.065,20.189,114.859,3025.464,59.108999999999995,2900.2760000000003,3310.311,25.985999999999997,308.32899999999995,6831.238,1865.0349999999999,37.203,362.992,113.557,5702.175000000001,0.03142857142857143,392.68399999999997,5.0649999999999995,46.783,293.857,16.430999999999997,0.02457142857142857,18.029,140.12,1.755,2312.584,46.125,2540.555,29.76,6823.2970000000005,31.676,520.787,40.766,42.620999999999995,0.036,764.4469999999999,5063.1939999999995,0.07671428571428572,73.32300000000001,0.25442857142857145,1305.628,25.552,56.14,0.36685714285714294,2976.9350000000004,55.098000000000006,5054.999999999999,153.445,652.7379999999999,17.547,73.48700000000001,11956.891,0.3312857142857143,0.36100000000000004,100.18571428571428,1866.9389999999999,43.086999999999996,130.395,1727.47,0.05042857142857143,4588.466,54.120000000000005,22254.0,14289,32,146018.2857142857,69630.0,5849997.0,13663.0,234001762.85714287,926442928.1428572
42,2020-12-20,575.0,25377.0,25911.0,13.185714285714285,9.957142857142856,253199.0,229419.0,23780.0,1819.9289999999999,97.488,1535.2540000000001,58.24099999999999,342.80699999999996,1615.843,132.547,1253.3719999999998,22.176000000000002,129.45600000000002,2953.537,74.33,3058.9269999999997,4263.317999999999,28.314,290.567,4740.83,1959.23,51.24999999999999,404.361,117.386,5416.470999999999,0.026428571428571423,679.8580000000001,6.886000000000001,43.138,290.818,18.009999999999998,0.030285714285714287,15.107,147.30800000000002,2.395,2791.324,47.714000000000006,2980.592,30.640000000000004,7220.756,33.853,480.849,47.56,47.81,0.029285714285714283,1528.8959999999997,4026.673,0.0692857142857143,66.928,0.22042857142857145,1311.726,26.299,52.17100000000001,0.32085714285714284,3361.3920000000003,74.268,4610.541,139.497,692.18,16.412000000000003,73.602,2227.592,0.3092857142857143,0.2885714285714286,116.72857142857141,2823.424,47.668,140.501,1954.3940000000002,0.06471428571428571,4597.545,58.302,23280.0,14875,31,148548.42857142858,75547.85714285714,6853060.0,14488.0,232774273.0,920999053.1428572
43,2020-12-27,485.0,20452.0,22513.0,11.242857142857144,10.042857142857143,232833.0,196897.0,35936.0,1447.6390000000001,58.847,1117.122,49.52700000000001,310.881,1467.8660000000002,79.875,1123.544,21.116,132.928,2247.975,66.58099999999999,3092.824,3272.156,23.644000000000002,276.86299999999994,3250.547,1714.8509999999999,46.512,445.7300000000001,98.133,4700.761999999999,0.022,1333.996,9.316,36.454,366.154,21.573,0.05071428571428571,15.167,175.07000000000002,2.4979999999999998,2857.595,63.62,3397.3019999999997,26.761,6865.173000000002,26.63,413.755,45.296,39.724000000000004,0.029714285714285717,1758.2309999999998,4361.034,0.072,45.473,0.2065714285714286,1362.578,26.3,50.554,0.27871428571428575,2964.8469999999998,65.93900000000001,4284.411,101.975,696.99,13.823,67.94099999999999,1458.126,0.32371428571428573,0.2887142857142857,110.39999999999998,3668.915,49.449999999999996,165.734,2221.636,0.07971428571428572,3929.6670000000013,49.616,24679.0,15994,44,129587.42857142855,70028.28571428571,7473295.0,14516.0,225249844.42857143,843392683.7142857
44,2021-01-03,499.0,32681.0,22789.0,9.642857142857142,11.242857142857144,227766.0,199968.0,27798.0,1540.6819999999998,49.187,960.6860000000001,43.229,296.472,1360.269,73.974,1375.729,22.124999999999996,145.674,4928.652000000001,85.535,3903.2670000000003,2659.783,22.524,274.451,1896.132,1495.0000000000002,53.638000000000005,471.475,86.644,4282.039,0.02,3191.3030000000003,11.14,63.997,703.9580000000001,29.122000000000003,0.08442857142857142,14.556000000000001,188.81800000000004,4.198,3269.5330000000004,64.149,3768.9509999999996,27.761000000000006,6098.172,25.741999999999997,356.244,22.648000000000003,41.212999999999994,0.03957142857142858,2802.977,3982.091,0.08371428571428573,52.872,0.211,1259.27,25.011,43.352000000000004,0.23585714285714282,3652.2540000000004,69.91599999999998,4944.844999999999,114.483,661.8770000000001,13.126999999999999,62.048,1118.508,0.312,0.31757142857142856,104.74285714285715,5413.058,63.001999999999995,218.18900000000002,2735.159,0.11085714285714286,4553.111999999999,57.348000000000006,25629.0,16768,32,124520.33333333331,69011.5,6110410.0,14435.0,230410599.85714287,914934267.8571428
45,2021-01-10,685.0,56435.0,26573.0,7.014285714285714,11.3,336393.0,284649.0,51744.0,1660.374,44.3,1229.723,32.529,242.113,1236.2779999999998,64.474,1550.785,28.296,156.69400000000002,3854.326,107.85399999999998,4701.848,2210.385,26.576999999999998,270.543,2521.824,1736.777,73.343,460.28000000000003,79.08600000000001,3919.424,0.02014285714285714,9260.405999999999,17.214000000000002,140.75,1492.1640000000002,36.29900000000001,0.20185714285714282,15.963999999999999,344.135,3.4400000000000004,3748.803,89.59800000000001,4057.3579999999997,40.211000000000006,4973.384,31.223000000000006,279.564,29.444000000000003,51.309000000000005,0.05128571428571428,3822.24,5152.357,0.157,54.696,0.19399999999999998,1116.748,22.154000000000003,37.768,0.218,3799.882,91.32,6828.026000000001,93.79700000000001,647.447,16.276,60.085,1000.057,0.3578571428571428,0.41885714285714293,73.20000000000002,6167.236000000001,94.718,301.417,3375.6450000000004,0.11685714285714285,5204.37,69.908,25156.0,16684,34,137578.85714285713,68777.71428571429,5081778.0,13525.0,241491817.2857143,960895011.7142855
46,2021-01-17,1058.0,66112.0,37821.0,8.757142857142858,10.485714285714284,369418.0,321051.0,48367.0,1449.636,39.861,1257.677,30.804000000000002,216.05400000000003,1160.263,51.378,1287.0230000000001,27.342,163.87599999999998,1847.2440000000001,114.20500000000001,4598.851,1313.1439999999998,24.027,281.03700000000003,2149.819,1440.838,71.195,426.527,71.737,3414.1620000000003,0.020142857142857146,5085.8730000000005,53.466,248.49100000000004,2516.1020000000003,32.898,0.20342857142857143,21.754,331.26399999999995,3.622,3231.8920000000003,68.39,4040.9260000000004,38.196,3047.066,24.589000000000002,233.237,13.59,52.699999999999996,0.05471428571428571,3771.277,4875.3150000000005,0.2642857142857143,57.23100000000001,0.15771428571428572,1121.49,24.927999999999997,24.688999999999997,0.17885714285714288,2768.6800000000003,87.344,4735.1230000000005,87.544,661.877,14.864000000000003,47.952,721.4340000000001,0.2657142857142857,0.5345714285714286,50.84285714285714,4778.185,115.81100000000004,378.149,3872.5220000000004,0.08942857142857143,4623.126,71.87,23082.0,15506,31,139005.7142857143,65930.14285714286,4885777.0,13181.0,242600428.85714287,1003377057.4285717
47,2021-01-24,1608.0,86389.0,49562.0,12.557142857142859,8.8,450108.0,379167.0,70941.0,1214.248,37.306,1279.335,29.682000000000002,206.392,1168.891,48.5,1029.618,26.841,160.405,1197.6259999999997,96.275,4147.0779999999995,964.4000000000001,25.942999999999998,297.243,1432.1259999999997,1165.379,64.393,399.74299999999994,64.905,2977.428,0.018857142857142857,3002.96,73.312,301.146,2762.365,30.413999999999998,0.11957142857142856,28.568,278.18600000000004,4.704,2833.2070000000003,70.511,3778.493,37.16499999999999,2448.673,22.412000000000003,172.531,27.179000000000002,44.062,0.055285714285714285,3873.2019999999998,4494.780000000001,0.30657142857142855,53.056000000000004,0.13614285714285715,1020.101,26.009999999999998,19.985,0.163,2408.766,370.502,4187.246999999999,86.581,623.397,13.570999999999998,44.25399999999999,503.965,0.2514285714285714,0.679,44.357142857142854,3713.8290000000006,128.15699999999998,412.384,3951.432,0.06942857142857144,3594.0730000000003,66.359,20036.0,13751,34,136173.42857142858,63257.57142857143,4695483.0,12868.0,245696271.7142857,1021458721.5714283
48,2021-01-31,2013.0,84326.0,69920.0,14.257142857142858,8.071428571428571,416815.0,360757.0,56058.0,1075.236,33.643,1422.566,27.006,192.24200000000002,1113.842,32.382,838.692,24.429000000000002,154.362,980.707,87.685,3883.376,656.5709999999999,26.093999999999998,320.747,1151.365,929.653,58.089,371.479,57.555,2681.063,0.018571428571428572,1821.2569999999998,68.249,302.76699999999994,2365.225,27.726,0.078,28.657999999999998,191.86899999999997,5.013000000000001,2774.3569999999995,44.533,3554.232,35.233999999999995,2145.6180000000004,21.661,142.18,36.237,52.171,0.05299999999999999,3363.571,5322.723000000001,0.3018571428571429,48.009,0.12785714285714286,884.6510000000001,24.887,19.691,0.16071428571428573,2461.1499999999996,277.194,4157.424,68.78299999999999,589.246,13.347999999999999,36.513,567.448,0.21100000000000002,0.8378571428571429,46.25714285714286,2509.001,121.35000000000001,400.275,3604.69,0.0477142857142857,3151.9139999999998,67.145,16401.0,11916,27,131315.0,61047.57142857143,4853568.0,12403.0,245420110.7142857,1003530493.5714283
49,2021-02-07,1676.0,44898.0,79755.0,12.842857142857143,9.72857142857143,304215.0,257372.0,46843.0,1048.2549999999999,32.311,1333.694,25.627,185.337,1056.723,41.161,670.497,19.051,137.751,1008.1070000000001,86.562,3841.1679999999997,544.008,25.52,336.07899999999995,980.9050000000001,787.909,54.246,344.841,58.59100000000001,2647.213,0.017714285714285717,1421.89,76.754,271.985,1879.585,25.352999999999998,0.06057142857142857,28.052,123.335,5.305,2947.192,76.344,3430.705,36.642,1552.7359999999999,18.654,143.776,33.971999999999994,47.296,0.045428571428571436,4229.945,5680.968,0.3071428571428571,50.387,0.12057142857142857,788.7990000000001,23.305,15.575000000000001,0.16142857142857142,2456.754,342.956,3477.267,57.72,551.728,14.072000000000003,26.806,640.1899999999999,0.19257142857142856,1.0255714285714286,49.25714285714285,1900.1560000000002,93.00900000000001,364.494,3046.815,0.032,2490.371,63.18300000000001,12893.0,9833,23,132443.85714285713,60681.142857142855,5875349.0,12731.0,246340587.0,1070405505.5714283
50,2021-02-14,1163.0,20342.0,59150.0,13.442857142857141,9.085714285714287,220920.0,183489.0,37431.0,1071.238,22.096,1123.5059999999999,23.555999999999997,181.80200000000002,989.2469999999998,42.168,572.597,13.275,118.78,860.829,84.78699999999999,3882.535,473.39599999999996,26.875,343.55600000000004,885.6460000000002,597.62,40.568000000000005,305.94000000000005,63.766,2733.7519999999995,0.016428571428571428,1217.952,53.06099999999999,242.212,1435.459,23.263000000000005,0.053142857142857144,29.867,82.141,4.285,2600.994,59.377,3139.113,36.223000000000006,1452.452,18.084,140.582,24.914,46.481,0.045571428571428575,2675.568,5881.585000000001,0.29500000000000004,45.446,0.12028571428571429,706.1030000000001,23.263,15.280999999999999,0.16942857142857143,2629.477,387.49600000000004,2777.8679999999995,45.21399999999999,521.904,12.266,17.563000000000002,648.891,0.18999999999999997,1.3432857142857144,51.51428571428571,1366.158,69.323,312.259,2424.609,0.023999999999999997,1929.714,52.82200000000001,10361.0,8640,15,124552.42857142855,59486.714285714275,6069478.0,11986.0,246231306.42857143,1110451153.5714283
51,2021-02-21,641.0,11769.0,33906.0,13.6,9.514285714285714,200146.0,156379.0,43767.0,1319.838,19.431,1366.915,20.795,191.292,968.971,33.102,533.2239999999999,10.969999999999999,106.989,852.8369999999999,100.009,4169.212,555.229,32.595,348.91200000000003,701.399,629.8480000000001,33.885000000000005,267.437,61.385000000000005,2929.605,0.017571428571428575,1108.7930000000001,38.074999999999996,216.897,1133.3010000000002,21.279,0.053285714285714283,31.264000000000003,69.848,4.1049999999999995,2551.687,48.24600000000001,2894.176,35.082,1222.132,16.757,169.338,24.914,46.181000000000004,0.054142857142857145,2802.975,4894.422,0.2757142857142857,36.041000000000004,0.11599999999999999,626.898,21.25,15.722000000000001,0.19028571428571425,2648.7080000000005,382.255,2544.5769999999998,28.379,401.649,12.637,14.096999999999998,619.393,0.2057142857142857,1.6034285714285712,56.50000000000001,1143.887,50.423,262.47,1928.7620000000002,0.021857142857142853,1404.4550000000002,40.266999999999996,8264.0,7283,18,132317.14285714287,62577.857142857145,6369518.0,12757.0,246842495.14285716,1127837158.2857144
52,2021-02-28,355.0,7037.0,19755.0,13.685714285714285,10.171428571428569,189811.0,148804.0,41007.0,1561.7780000000002,19.431000000000004,1470.1100000000001,15.013000000000002,226.84199999999998,1079.328,48.5,555.2669999999999,8.345,105.82100000000001,1652.017,105.05199999999999,4743.121000000001,624.633,33.442,356.66700000000003,602.381,665.76,26.330000000000002,243.70999999999998,69.873,3524.821,0.019571428571428573,918.4259999999999,37.062000000000005,200.09000000000003,878.935,22.485999999999997,0.045571428571428575,34.301,56.153000000000006,3.1950000000000003,2474.283,40.293000000000006,2658.251,37.364,1871.217,19.05,196.49499999999998,24.914,54.043000000000006,0.06028571428571428,2191.418,6112.454,0.22285714285714284,42.22299999999999,0.12814285714285714,550.987,19.007,15.575000000000001,0.22485714285714287,2919.604,395.69300000000004,2556.1199999999994,28.86,338.15700000000004,13.304000000000002,9.129999999999997,748.9530000000001,0.21228571428571433,1.3868571428571428,61.442857142857136,902.233,33.483,209.822,1524.423,0.016428571428571428,1432.24,41.99400000000001,6464.0,6309,26,152191.57142857142,68112.42857142858,6770379.0,12856.0,252943906.0,1218924288.0
53,2021-03-07,223.0,5532.0,12590.0,13.971428571428572,9.942857142857141,171766.0,135338.0,36428.0,1735.4330000000002,16.878,1413.3329999999999,15.876,256.522,1154.222,60.876,543.2919999999999,6.4639999999999995,103.306,2478.597,128.67600000000002,5446.643,629.2950000000001,36.717999999999996,377.596,524.6709999999999,696.5550000000001,21.866999999999997,234.09000000000003,93.06,4785.127,0.021,734.537,20.859,152.49900000000002,658.1890000000001,19.672000000000004,0.03942857142857143,36.552,57.45100000000001,2.8930000000000002,2197.5370000000003,40.822,2581.3780000000006,43.03900000000001,1127.36,19.111,238.029,43.031,60.741,0.0702857142857143,1707.2669999999998,6273.267,0.1832857142857143,40.056000000000004,0.17500000000000002,519.8429999999998,19.968,17.486,0.2515714285714286,2803.664,421.318,2591.235,26.455,291.012,15.272999999999998,9.474,934.6690000000001,0.2294285714285714,1.459,71.55714285714285,623.6780000000001,24.349999999999998,164.04,1133.827,0.009571428571428573,1257.3860000000002,35.906000000000006,5512.0,5546,13,161088.7142857143,71319.14285714286,7787341.0,13354.0,254374077.2857143,1226779840.0
54,2021-03-14,144.0,4163.0,27850.0,13.171428571428573,10.471428571428572,158762.0,134007.0,24755.0,2053.8720000000003,17.767,1759.506,15.533000000000001,276.368,1177.088,96.57,593.3949999999999,5.854,101.294,3165.8900000000003,140.91,5801.111,970.7879999999999,38.483,413.044,535.9499999999999,837.715,17.653,230.77300000000002,111.69399999999999,6133.319,0.026571428571428572,713.2729999999999,22.682000000000002,127.587,521.8929999999999,20.587,0.035428571428571434,37.717,62.706,2.626,1829.0720000000001,38.172000000000004,2357.117,48.203,1164.829,18.66,298.734,38.502,67.949,0.07085714285714287,2140.4539999999997,6239.8290000000015,0.16757142857142857,50.016999999999996,0.1931428571428572,459.9189999999999,20.173,23.072,0.27485714285714286,2584.968,421.947,2359.864,20.683,295.341,15.155999999999999,7.394,1173.5140000000001,0.2491428571428571,1.0544285714285715,90.6857142857143,597.237,14.981000000000002,122.58800000000001,845.7119999999999,0.004857142857142858,1135.229,26.688,4757.0,5106,7,156194.0,73161.85714285714,8769096.0,13504.0,257170373.85714287,1243422505.0
55,2021-03-21,84.0,3273.0,7902.0,15.171428571428573,10.5,266072.0,136912.0,129160.0,2285.5969999999998,22.318,2478.3390000000004,22.951999999999998,325.981,1296.333,105.63499999999999,648.1339999999999,5.325,107.915,2930.702,134.561,5806.248,871.17,38.869,443.563,624.439,1088.024,15.434,242.672,135.607,7382.031,0.03428571428571429,781.3209999999999,10.733,118.474,492.932,19.427,0.037142857142857144,37.504999999999995,71.405,1.85,1923.4430000000002,31.279999999999998,2204.4300000000003,46.470000000000006,1331.966,20.409000000000002,239.627,47.56,64.94300000000001,0.06342857142857143,1681.7859999999998,5602.950000000001,0.15314285714285716,56.068999999999996,0.22557142857142856,449.85900000000004,19.864,31.598,0.29857142857142854,2081.8210000000004,412.627,2718.703,18.278,292.456,15.449000000000002,11.67,1585.6480000000001,0.2782857142857143,0.6211428571428571,109.45714285714287,566.906,9.427,90.93100000000001,643.4899999999999,0.004,1151.634,21.67,4325.0,4877,16,157258.57142857142,74672.28571428571,9202547.0,13487.0,259686759.85714287,1249915410.142857
56,2021-03-28,69.0,2877.0,8072.0,14.785714285714286,10.485714285714286,181367.0,150387.0,30980.0,2477.349,20.208,2912.176,16.395000000000003,393.283,1508.505,99.447,821.574,5.272,119.60199999999999,2754.8839999999996,112.709,5329.825999999999,432.99799999999993,31.877000000000006,487.99500000000006,707.163,1368.414,14.358,273.14300000000003,177.01299999999998,8500.828999999998,0.04599999999999999,798.3330000000001,15.999000000000002,102.27199999999999,465.79499999999996,25.335,0.03585714285714286,36.425000000000004,95.101,1.81,1925.0330000000004,27.568000000000005,2276.535,49.516,1810.974,23.548,231.64000000000001,33.973,44.046,0.04728571428571427,2191.4179999999997,4571.205,0.1157142857142857,68.275,0.23328571428571426,426.879,18.269,37.623,0.30357142857142855,1655.969,407.794,3199.7200000000003,22.126,346.334,17.837,10.052999999999999,2312.701,0.29542857142857143,0.6212857142857143,109.44285714285715,542.3510000000001,6.496,67.199,488.28899999999993,0.0041428571428571434,1338.4850000000001,21.088,4049.0,4550,17,162488.42857142858,76660.85714285714,11134929.0,13655.0,260633692.57142857,1327423728.5714285
57,2021-04-04,42.0,2928.0,4931.0,16.885714285714286,10.214285714285714,167344.0,142645.0,24699.0,2474.907,21.429000000000002,2609.145,23.469,472.49199999999996,1764.0800000000002,126.502,1026.5169999999998,5.431,139.022,3518.669,100.01100000000001,4622.663,915.8879999999999,26.003,533.951,885.3969999999999,1332.9160000000002,13.140000000000002,314.2,180.42899999999997,8690.472,0.06414285714285714,730.488,10.531,90.526,396.938,24.055999999999997,0.03014285714285714,34.844,133.464,1.264,1624.9579999999999,28.098000000000003,2195.418,43.619,2081.3340000000003,30.649,321.099,24.915000000000003,33.363,0.029285714285714283,1783.713,3878.598,0.08357142857142856,80.77300000000001,0.23557142857142857,412.84799999999996,17.747,39.38499999999999,0.30342857142857144,1342.945,123.334,3589.824,27.417000000000005,384.333,16.048,6.124,3306.6169999999997,0.2877142857142857,0.419,106.12857142857145,394.5570000000001,3.5929999999999995,53.72299999999999,372.89000000000004,0.004,1343.9829999999997,17.386999999999997,4134.0,4726,12,171999.0,77864.28571428571,9655056.0,13742.0,259969858.14285716,1273189523.7142856
58,2021-04-11,37.0,4159.0,4296.0,16.157142857142855,10.428571428571429,349209.0,179959.0,169250.0,2026.558,26.425,2112.237,26.229999999999997,544.193,1875.732,119.30700000000002,1562.0739999999998,6.2,173.94500000000002,4329.267,80.587,3992.163,772.4179999999999,26.844,589.9119999999999,1143.846,1382.4710000000002,17.187000000000005,369.60499999999996,176.18300000000002,8327.441,0.09585714285714285,566.4470000000001,13.569999999999999,78.376,326.462,22.111,0.028428571428571425,30.676000000000002,166.127,1.2570000000000001,1857.1709999999998,29.157999999999998,2385.2160000000003,51.028,2411.9379999999996,35.264,333.879,9.06,33.548,0.024714285714285713,1172.155,2786.3489999999997,0.07728571428571429,91.95,0.21300000000000002,408.63,17.605,40.705999999999996,0.2647142857142857,1066.005,10.158000000000001,3058.301000000001,21.163999999999998,450.22999999999996,12.866,11.554999999999998,4291.736000000001,0.3287142857142857,0.303,117.67142857142858,159.266,3.727,43.455,298.647,0.003142857142857144,1476.999,20.864,4227.0,4695,7,168114.85714285713,79368.57142857142,9211765.0,13550.0,258743615.57142857,1270455560.142857
59,2021-04-18,29.0,3507.0,4051.0,16.3,10.571428571428571,256919.0,183494.0,73425.0,1822.7040000000002,23.428000000000004,2115.687,23.643,562.054,1842.251,111.823,1632.313,8.399,211.11800000000002,5427.566,57.709,3053.978,835.952,28.317,612.4250000000001,1745.224,1711.115,18.523999999999997,392.832,182.91199999999998,7103.366,0.133,519.058,10.329,70.476,276.03499999999997,20.714,0.02514285714285714,33.734,229.158,1.9050000000000002,1975.3999999999999,35.522000000000006,2211.321,51.084,2739.605,44.742999999999995,373.817,15.854,30.064,0.026571428571428572,611.558,2041.201,0.06457142857142857,95.411,0.178,410.012,17.486,37.622,0.22114285714285714,899.692,11.668999999999999,2680.2219999999998,19.24,505.0640000000001,12.934000000000001,6.355,4973.210999999999,0.3335714285714286,0.33185714285714285,122.41428571428573,271.78,2.7550000000000003,35.249,228.92800000000003,0.0024285714285714284,1427.416,15.393,4342.0,4834,14,173137.7142857143,77735.14285714286,9205404.0,13234.0,256488664.16666663,1302851193.6666667
60,2021-04-25,11.0,1890.0,2502.0,16.25,11.349999999999998,372436.0,122531.0,249905.0,1007.172,14.212000000000002,1253.709,13.977999999999998,320.71899999999994,1062.158,60.877,920.3770000000001,5.272,138.493,4033.5700000000006,33.71,1502.477,540.21,16.574,353.649,1229.829,1182.6490000000001,13.738,237.09699999999998,84.57300000000001,3401.1189999999997,0.17375000000000002,364.94,6.0760000000000005,39.086,145.814,12.986,0.02525,19.113,143.443,1.328,1180.6799999999998,18.554000000000002,1293.0750000000003,30.566000000000003,1586.531,30.725,228.44299999999998,4.53,16.498,0.024,611.558,1012.6400000000001,0.0625,56.43900000000001,0.14700000000000002,229.754,10.237,20.429000000000002,0.20274999999999999,398.56100000000004,5.266,1317.9850000000001,13.468,298.23,8.769,5.431,2761.887,0.32525,0.27775,106.225,158.707,1.164,17.014,112.144,0.002,783.0509999999999,9.553,3859.0,4484,3,170722.14285714287,76306.14285714286,9205404.0,13234.0,256488664.16666663,1302851193.6666667
