Periodo;Nº de acionamentos do Serviço de Helicópteros de Emergência Médica (SHEM);Nº de acionamentos das Viaturas Médica de Emergência e Reanimação (VMER);Nº de acionamentos de Ambulâncias de Transporte Inter-Hospitalar Pediátrico (TIP);Nº de acionamentos das Ambulâncias de Suporte Imediato de Vida (SIV);Nº de acionamentos das Ambulâncias de Emergência Médica (AEM);Nº de acionamentos dos Motociclos de Emergência Médica (MEM);Nº de acionamentos das Unidade Móvel de Intervenção Psicológica de Emergência (UMIPE);Nº de acionamentos das Ambulâncias de Socorro sedeadas em Postos de Emergência Médica (PEM);Nº de acionamentos das Ambulâncias de Socorro sedeadas em Postos Reserva (RES);Nº de acionamentos das Ambulâncias sedeadas em Postos Não INEM (NINEM)
2017-01-10;1;289;7;112;481;32;2;2318;565;125
2017-04-24;2;245;3;90;411;33;1;2077;458;140
2017-06-18;4;275;2;110;430;0;1;2162;504;123
2017-07-02;2;239;2;104;409;3;0;2019;435;100
2017-10-21;0;247;1;89;442;0;3;1951;429;121
2018-01-10;2;266;7;111;437;25;0;2329;490;127
2018-02-07;3;260;6;98;494;30;2;2380;455;116
2018-02-13;1;279;5;92;471;24;1;2259;439;111
2016-11-04;2;242;3;103;456;24;0;1900;453;111
2016-11-06;1;197;3;80;435;0;2;1705;429;58
2017-01-12;3;295;4;116;453;22;0;2261;558;123
2017-02-28;3;248;1;99;437;16;0;1864;410;84
2017-04-12;3;220;5;93;428;28;0;1990;433;119
2017-04-23;4;212;2;80;408;0;2;1924;435;119
2017-05-04;2;219;3;76;430;25;0;1967;466;144
2017-09-11;4;225;4;102;403;23;0;2013;491;150
2017-10-14;2;256;3;81;477;0;0;2001;486;123
2017-10-28;2;255;5;99;436;1;0;2107;463;142
2017-10-30;2;256;5;96;450;40;1;2159;528;159
2017-11-22;4;249;6;96;434;36;2;2135;485;161
2017-12-19;2;273;5;103;441;27;2;2361;526;195
2018-01-27;3;291;4;113;448;0;3;2199;462;105
2018-01-29;0;291;5;114;476;34;2;2516;499;146
2016-11-18;6;227;2;93;430;26;0;1902;458;112
2016-12-01;5;262;3;107;470;0;0;1994;485;121
2016-12-16;2;309;4;106;506;34;1;2198;542;123
2017-03-28;2;289;5;95;473;36;1;2044;457;105
2017-05-17;3;265;9;79;447;31;0;2023;466;139
2017-07-16;2;232;5;94;396;6;2;1991;455;119
2017-07-29;5;250;3;88;414;9;0;2082;454;135
2017-08-15;5;223;0;96;406;7;0;1971;496;93
2017-09-29;2;262;4;90;449;42;1;2083;506;152
2017-11-28;2;271;5;97;453;15;1;2144;486;147
2017-12-20;3;283;9;109;395;25;1;2250;537;163
2017-12-21;2;301;4;129;422;28;3;2198;519;178
2018-01-13;6;293;5;111;483;0;6;2183;487;101
2017-02-11;2;249;7;111;456;0;0;1974;487;84
2017-03-02;4;264;4;99;452;38;0;2005;501;123
2017-03-16;3;287;5;86;433;26;2;1987;522;119
2017-08-10;8;235;4;89;450;32;1;2065;441;130
2017-09-17;2;206;1;85;398;3;1;1830;440;112
2017-09-30;1;213;1;102;420;0;2;1971;452;105
2017-12-06;1;258;5;90;392;20;1;2232;508;175
2018-01-19;2;285;3;93;474;39;2;2461;475;142
2018-02-18;0;291;5;111;415;0;3;2385;445;116
2016-11-28;2;303;8;110;520;28;2;2365;596;151
2016-11-30;2;253;3;105;491;35;0;2160;489;132
2017-01-05;1;286;5;126;516;30;2;2332;599;143
2017-03-17;1;252;2;89;469;32;4;2016;454;119
2017-03-19;2;261;2;91;445;0;0;1924;446;101
2017-03-23;1;257;7;95;430;28;2;1854;413;101
2017-06-16;2;246;4;109;477;39;0;2281;522;162
2017-07-21;3;208;1;88;413;41;0;1938;433;133
2017-08-02;3;234;1;83;436;25;1;1967;462;136
2017-10-24;2;248;0;113;450;33;0;2041;483;157
2018-02-21;4;289;4;108;483;35;6;2468;493;153
2017-06-03;3;216;1;85;440;0;0;1882;431;87
2017-06-11;2;241;3;100;425;0;3;2045;486;125
2017-07-25;2;204;12;68;456;38;1;1960;443;117
2017-08-25;3;216;3;105;414;21;0;2056;435;105
2017-08-27;1;213;2;90;387;1;1;1915;386;83
2017-08-28;4;204;3;99;391;14;0;1914;450;114
2017-10-18;3;242;5;105;472;20;2;2099;467;120
2017-12-25;1;260;4;101;422;0;4;2352;470;123
2017-12-26;1;301;4;134;371;19;2;2432;602;160
2017-12-27;3;262;8;111;436;20;0;2500;582;179
2016-11-08;5;257;6;81;446;28;2;1931;467;131
2016-12-05;2;289;3;97;485;34;1;2403;629;164
2016-12-11;1;266;5;108;446;0;4;2122;501;82
2016-12-14;2;277;4;102;481;21;1;2086;504;125
2017-01-20;4;264;4;101;425;23;1;2185;539;132
2017-02-16;5;276;4;87;489;27;2;2141;495;124
2017-03-26;1;281;3;108;458;0;1;1772;413;113
2017-04-06;3;251;3;86;447;26;3;1958;455;115
2017-07-22;7;245;1;96;411;11;0;2029;414;122
2017-09-05;6;216;2;84;437;32;2;1859;422;107
2017-09-19;5;215;1;87;423;21;0;1892;445;112
2017-11-02;1;242;4;101;429;17;2;2154;437;160
2017-11-03;1;253;8;81;467;17;0;2022;453;142
2017-12-01;3;258;2;90;430;0;0;2032;455;151
2017-12-02;0;238;1;90;420;0;1;2020;471;112
2017-12-05;2;243;5;107;431;24;1;2110;487;140
2018-01-24;3;256;6;107;461;44;1;2208;450;147
2018-02-25;2;284;3;115;509;0;3;2335;444;99
2016-11-07;3;228;4;82;469;34;2;2017;499;106
2016-12-04;3;279;2;100;463;0;1;2087;507;121
2016-12-13;2;264;3;99;439;30;1;2300;534;122
2017-04-20;0;215;2;72;412;35;1;1905;443;156
2017-06-08;0;217;2;111;453;28;0;2089;444;162
2017-06-13;3;226;4;97;464;9;1;2123;440;128
2017-08-18;7;207;9;84;409;26;2;1978;456;116
2017-10-31;4;239;4;98;417;21;2;2150;507;149
2017-12-10;1;286;4;101;433;2;3;2048;494;128
2018-01-23;1;264;6;104;447;31;1;2264;506;114
2016-12-28;4;303;3;113;477;27;0;2474;628;139
2017-01-09;7;323;4;110;483;31;0;2567;606;135
2017-02-10;1;251;1;101;473;18;0;2094;455;114
2017-02-12;4;274;2;86;435;0;1;1980;485;95
2017-03-09;2;261;3;111;449;27;1;2114;514;148
2017-06-19;2;246;0;95;447;23;0;2277;534;173
2017-09-25;2;242;9;106;470;27;1;2087;465;135
2017-10-08;1;198;4;80;424;0;2;1920;469;119
2017-11-17;4;283;2;119;470;29;1;2219;503;169
2017-11-27;4;270;2;96;458;35;1;2315;525;159
2017-11-29;1;241;4;93;462;25;1;2101;470;141
2017-12-13;3;272;7;104;432;22;0;2250;559;143
2017-12-24;1;272;6;118;497;0;0;2340;492;112
2018-02-10;6;303;5;109;485;0;2;2474;500;113
2017-02-05;3;269;4;100;455;0;2;1869;476;83
2017-03-08;0;254;4;100;447;33;2;2017;462;125
2017-06-22;2;232;7;93;460;35;0;2174;504;153
2017-06-29;2;205;5;82;416;37;0;1750;409;124
2017-08-12;4;251;5;104;425;12;1;2166;520;116
2017-10-22;3;235;2;89;415;0;0;1826;449;85
2017-10-25;6;208;5;91;456;20;0;1988;454;137
2017-10-26;3;235;2;80;429;20;0;1999;474;135
2018-01-18;3;276;6;101;442;37;3;2438;459;138
2018-01-22;3;278;3;114;473;21;1;2532;486;146
2018-02-20;3;296;3;116;500;33;4;2460;477;163
2016-11-05;2;239;1;96;433;0;1;1691;440;70
2016-11-19;4;228;0;101;449;0;1;1852;452;80
2016-11-20;0;255;3;105;460;0;1;1936;501;100
2016-11-29;3;299;4;105;468;33;1;2239;512;134
2016-12-07;3;261;2;99;486;32;1;2153;514;149
2017-01-23;4;289;6;117;493;33;2;2358;599;153
2017-04-07;3;254;4;110;375;21;1;1890;498;147
2017-04-22;3;228;5;90;423;0;0;1963;458;119
2017-05-24;2;238;5;71;435;42;1;2047;485;122
2017-09-03;3;224;0;96;416;4;1;1946;432;139
2017-09-21;3;216;4;82;420;22;2;2007;486;127
2017-12-12;6;282;5;98;452;31;2;2372;567;160
2016-11-01;7;242;0;101;461;;0;1794;401;87
2016-11-25;1;262;7;101;468;19;0;2084;492;139
2016-12-24;4;314;6;120;517;2;1;2401;541;100
2017-01-04;2;326;9;118;512;31;1;2547;650;160
2017-05-26;4;207;1;85;397;20;1;2005;458;151
2017-06-23;4;243;4;96;473;31;0;2108;480;159
2017-09-26;2;233;6;78;442;31;2;2054;469;129
2017-10-03;2;255;7;98;460;29;1;2189;481;139
2017-12-23;2;294;7;115;434;0;2;2329;589;127
2018-02-26;3;270;3;106;487;40;1;2578;538;123
2017-02-02;0;272;11;86;456;13;0;2018;493;106
2017-03-15;0;239;3;104;413;22;0;2020;450;124
2017-03-29;3;256;2;80;449;34;0;2022;480;134
2017-09-04;6;239;5;84;429;21;0;2006;454;140
2017-09-16;3;218;4;76;384;2;0;1872;438;93
2017-10-13;3;242;1;86;460;20;0;2148;475;142
2017-11-01;2;207;3;76;444;0;0;1886;424;135
2017-11-04;3;242;4;81;421;0;1;1936;440;109
2017-11-23;1;283;8;113;468;18;0;2240;482;187
2017-12-29;1;292;8;98;457;27;1;2497;592;171
2016-11-10;2;254;1;101;478;33;2;2056;457;102
2016-11-11;3;252;1;103;476;26;0;2037;497;115
2016-12-09;7;289;5;108;510;33;2;2285;589;132
2017-01-22;2;294;4;113;469;0;1;2155;466;107
2017-01-26;0;284;5;106;481;12;0;2274;540;138
2017-07-18;3;236;1;92;456;31;2;1994;460;112
2017-07-26;2;210;5;90;424;30;2;1944;426;129
2017-08-20;7;228;4;99;435;4;2;2063;463;107
2017-08-22;5;228;3;87;411;27;0;2137;448;125
2017-09-06;3;199;3;81;443;27;0;2016;460;131
2018-01-25;2;253;10;98;461;26;1;2338;439;132
2017-02-09;2;229;4;92;408;24;1;1988;450;138
2017-02-21;2;245;4;86;434;28;1;2015;517;107
2017-03-06;3;251;4;94;448;26;2;2157;536;122
2017-03-14;4;243;2;78;436;24;1;1882;456;103
2017-04-09;4;243;4;91;460;0;0;1916;435;89
2017-04-25;4;250;1;95;365;0;3;1705;385;118
2017-05-20;3;246;3;96;477;0;1;2021;455;115
2017-05-30;4;238;1;89;414;36;0;1980;499;127
2017-07-13;4;205;2;86;447;17;3;2125;474;136
2017-10-01;3;242;3;104;460;0;0;2014;468;125
2017-10-16;2;234;3;108;506;15;3;2268;518;174
2017-12-09;1;284;1;103;423;0;0;2362;557;126
2018-01-09;0;273;12;92;417;9;4;2261;445;133
2018-01-16;3;299;6;132;468;35;2;2372;489;149
2018-01-31;3;255;5;90;466;28;4;2290;465;143
2018-02-23;3;275;3;115;507;32;1;2542;461;127
2016-11-03;1;219;2;87;459;25;1;1979;486;106
2016-11-17;6;240;6;95;457;23;0;2053;505;114
2017-01-01;0;295;3;110;621;34;0;2420;633;165
2017-01-18;3;287;4;103;433;30;0;1938;496;128
2017-04-04;0;242;5;83;436;35;2;2066;489;118
2017-04-10;6;241;5;78;426;26;0;2012;510;147
2017-07-28;4;226;6;104;444;29;2;2062;435;107
2017-08-03;4;241;6;84;416;34;1;2092;496;146
2017-08-08;3;206;4;100;425;40;1;1918;434;114
2017-09-08;2;224;2;94;423;28;3;1942;467;121
2017-09-12;5;196;2;103;430;32;3;1938;412;131
2017-09-14;3;233;3;89;417;36;0;1896;446;141
2017-09-20;4;221;5;89;436;22;1;1919;445;132
2017-09-22;5;242;6;96;460;16;3;2071;507;150
2017-10-27;1;270;2;95;436;22;1;2127;485;139
2017-11-10;4;263;7;103;475;39;1;2231;496;158
2017-11-16;5;288;0;89;437;37;3;2180;466;161
2017-12-11;1;298;5;113;474;15;3;2406;566;148
2018-01-08;7;302;3;131;466;34;3;2499;551;154
2016-11-02;2;210;5;106;438;35;2;1935;423;104
2016-12-12;3;270;6;100;505;33;1;2259;568;125
2017-01-16;1;310;6;124;466;23;0;2350;601;138
2017-01-19;2;280;3;100;432;22;1;2181;500;141
2017-03-22;2;235;3;85;392;25;1;1867;388;88
2017-05-16;4;256;1;91;435;32;0;2074;467;154
2018-02-08;3;289;3;115;488;32;3;2503;488;138
2017-01-07;2;319;4;114;463;0;2;2160;534;112
2017-02-23;1;239;7;98;445;23;2;2094;442;112
2017-02-26;0;224;3;94;448;0;1;1910;430;78
2017-03-01;0;240;3;89;450;21;1;1934;452;130
2017-03-04;2;249;7;104;457;0;0;1838;431;101
2017-07-07;0;233;2;89;400;32;1;1948;439;93
2017-11-14;5;262;8;84;478;32;0;2172;461;154
2017-12-16;3;247;6;95;424;0;1;2221;515;156
2018-02-11;1;303;5;114;472;0;2;2487;449;118
2016-12-27;4;301;9;107;517;27;4;2410;650;158
2017-01-06;2;310;4;127;487;28;4;2400;546;125
2017-01-30;1;274;3;101;505;33;0;2352;597;123
2017-05-27;2;226;6;104;473;0;1;1922;482;91
2017-07-14;2;250;4;96;449;25;1;2061;462;137
2017-08-11;4;235;1;95;498;30;1;2144;444;132
2017-08-29;2;207;6;85;386;23;0;1826;400;94
2017-10-19;3;231;2;101;435;22;2;2047;463;138
2018-01-20;2;278;3;100;438;0;1;2466;477;131
2016-11-21;3;273;4;110;497;32;2;2208;523;135
2017-07-04;2;252;1;90;429;27;3;1999;425;144
2017-07-09;5;186;0;85;408;1;0;1934;429;105
2017-12-17;3;259;3;108;463;0;1;2201;474;133
2017-12-31;3;259;7;105;449;4;2;2205;478;88
2016-11-27;2;287;1;103;510;0;2;2106;527;93
2017-05-25;6;243;2;96;467;23;0;2196;495;162
2017-06-21;2;253;4;111;493;28;0;2135;461;163
2017-10-02;1;301;6;99;463;29;0;2458;557;183
2017-11-24;1;267;2;79;436;28;1;2268;520;186
2017-11-26;3;226;6;99;431;0;2;1991;442;111
2017-12-14;0;283;7;94;441;17;2;2368;557;174
2017-02-08;1;250;2;75;443;31;1;2017;475;114
2017-04-02;1;249;1;100;441;0;0;1984;458;113
2017-04-14;6;221;2;110;408;0;1;1793;390;83
2017-06-05;2;212;1;79;424;29;0;1993;482;148
2017-07-30;3;224;1;81;387;10;4;1984;458;76
2017-09-02;0;226;5;105;412;6;1;2019;451;109
2017-09-24;1;261;4;96;436;3;0;1923;512;85
2017-01-15;1;289;8;126;432;0;0;2104;510;108
2017-05-11;7;219;4;91;414;16;2;1882;451;123
2017-05-13;4;245;1;88;403;0;1;1886;435;121
2017-07-15;3;214;1;89;396;5;0;1956;434;114
2017-07-19;3;202;1;76;438;27;0;1989;428;117
2017-08-09;4;227;1;98;449;47;1;1991;437;117
2017-09-15;3;221;4;80;452;29;0;1869;472;130
2017-10-23;1;277;2;91;455;20;1;2168;494;140
2017-12-08;0;278;10;103;433;0;0;2263;512;141
2018-01-28;4;287;2;99;482;0;4;2244;436;104
2018-02-15;1;306;4;110;511;37;3;2589;497;151
2017-04-11;2;239;5;91;432;41;1;1883;472;151
2017-04-26;2;210;4;95;420;29;0;1908;409;139
2017-05-01;5;254;3;100;425;0;1;1732;414;93
2017-05-06;4;247;1;100;448;0;0;1933;490;117
2017-05-19;0;216;1;69;448;28;0;1941;443;170
2017-05-28;2;232;2;98;427;0;1;1852;432;123
2017-06-04;0;223;2;90;426;0;0;1821;413;70
2017-07-12;2;220;5;84;472;26;2;2043;438;122
2017-08-06;3;240;1;103;425;8;1;2030;527;99
2017-11-13;4;285;2;109;478;34;3;2210;553;186
2018-01-06;3;303;4;108;409;0;2;2219;479;98
2016-11-22;3;250;2;105;466;23;0;2061;503;95
2016-12-08;2;254;5;108;473;0;0;1898;455;117
2016-12-19;5;298;4;102;521;35;3;2365;586;146
2016-12-20;3;314;3;118;527;36;1;2266;545;130
2016-12-30;2;275;6;131;454;21;2;2334;565;116
2017-01-11;1;284;0;129;498;24;3;2359;547;135
2017-02-07;1;264;8;96;445;20;1;2042;492;139
2017-03-07;1;233;4;97;449;28;1;2010;450;134
2017-04-21;2;230;2;95;431;22;0;1968;449;150
2017-04-29;4;232;3;86;410;0;0;1841;402;102
2017-08-07;2;240;10;91;440;28;1;2117;447;125
2017-08-16;3;215;4;89;422;35;3;2040;457;112
2017-08-31;2;203;5;87;413;28;1;1850;444;114
2017-09-18;2;223;4;92;457;39;0;1978;464;131
2017-10-04;3;250;7;90;444;23;2;2076;484;140
2017-10-06;6;228;9;99;480;29;1;2238;519;168
2017-10-10;6;233;7;102;456;33;2;2020;453;122
2017-12-03;6;259;4;108;410;0;0;2129;471;142
2017-12-07;2;277;4;111;434;21;1;2342;527;162
2017-12-18;1;282;5;105;462;39;1;2314;511;169
2018-01-12;1;297;9;108;492;30;3;2258;495;154
2018-02-19;6;304;9;116;487;31;5;2640;482;134
2016-11-15;3;265;2;93;466;40;0;1979;488;127
2016-12-23;3;294;11;105;497;29;2;2430;573;154
2017-01-25;4;293;5;95;447;22;2;2164;518;144
2017-03-11;2;246;6;104;464;0;1;1897;474;108
2017-04-05;1;269;2;75;442;38;3;1963;465;121
2017-05-02;2;239;2;87;442;33;1;2070;481;141
2017-05-03;4;235;4;95;435;30;1;2016;433;140
2017-05-08;4;249;4;85;469;21;1;2196;453;160
2017-05-23;4;227;2;88;460;28;1;2194;490;123
2017-06-02;1;230;9;89;459;31;3;2041;471;139
2017-08-26;4;243;0;84;390;5;1;2091;465;92
2017-11-11;2;270;2;94;475;0;0;2085;546;141
2018-02-06;0;288;9;107;476;36;4;2364;489;159
2017-02-13;3;296;4;116;449;17;1;2201;549;131
2017-03-10;4;258;4;91;482;32;4;2135;532;139
2017-05-21;3;253;2;102;444;0;1;1985;438;108
2017-06-26;1;222;0;82;433;19;0;2001;447;130
2017-06-27;4;209;5;83;422;27;0;1897;429;141
2017-07-10;1;212;3;73;457;44;1;2024;482;131
2018-02-14;3;298;4;118;478;31;2;2518;473;156
2016-12-31;3;311;4;98;437;1;1;2182;524;101
2017-01-08;1;272;7;126;450;0;0;2164;553;111
2017-02-15;2;254;6;108;483;22;1;2111;516;110
2017-02-19;0;285;2;92;494;0;0;1937;451;100
2017-02-20;2;288;1;105;452;28;1;2153;519;151
2017-06-17;4;264;2;115;462;0;2;2297;502;124
2017-11-12;2;263;2;95;457;0;2;2056;504;84
2018-02-16;4;303;4;117;498;27;3;2625;517;140
2016-11-12;5;267;6;105;494;0;5;1914;478;101
2016-12-06;0;267;4;102;487;29;0;2237;538;148
2017-02-24;3;259;6;96;458;37;1;2027;458;140
2017-03-25;2;260;2;94;422;0;1;1704;419;102
2017-05-22;5;262;4;98;457;33;0;2118;481;148
2017-07-03;7;223;5;88;450;23;1;2183;480;144
2017-07-23;4;210;4;103;434;8;0;2003;455;97
2017-09-07;3;238;3;84;467;36;1;1998;458;127
2017-09-09;1;246;0;83;441;6;2;2011;446;104
2018-02-28;0;326;6;105;461;17;7;2363;440;141
2016-12-02;2;299;6;118;486;37;1;2268;548;148
2017-02-18;4;255;5;114;434;0;2;1864;399;106
2017-04-08;3;272;1;89;421;0;1;1940;518;110
2017-04-13;3;238;3;91;426;24;0;1867;426;110
2017-05-07;4;237;3;97;482;0;2;1901;475;94
2017-10-12;2;260;3;100;462;25;1;2200;498;133
2017-11-09;6;240;4;89;415;34;0;2225;510;148
2018-01-01;3;312;5;133;598;7;1;2628;690;190
2018-01-17;3;292;5;118;471;38;5;2606;523;124
2018-02-03;6;314;4;96;458;0;1;2224;465;110
2017-04-15;4;234;5;93;430;0;0;1933;471;106
2017-05-05;0;225;1;87;402;24;1;1923;402;155
2017-10-20;4;270;3;88;448;22;1;2230;489;150
2017-11-21;1;257;2;107;459;19;3;2230;496;154
2016-12-21;5;286;6;110;447;30;0;2204;541;122
2017-01-02;2;344;6;122;548;26;3;2531;598;141
2017-01-14;2;285;3;111;455;0;1;1987;505;97
2017-01-31;1;302;3;116;478;16;1;2194;504;118
2017-02-04;1;265;1;94;460;0;1;1926;471;103
2017-03-20;2;245;3;98;482;20;3;1947;534;121
2017-03-30;3;257;4;89;453;22;0;2005;463;126
2017-06-12;1;285;2;104;490;28;2;2225;529;146
2017-06-25;0;229;4;86;419;0;0;1880;434;101
2017-07-27;3;207;4;99;424;29;1;2080;471;119
2018-02-09;3;279;7;115;487;47;2;2488;462;159
2017-02-17;1;261;3;97;459;28;1;2101;530;156
2017-04-17;1;251;7;99;432;23;1;1904;444;129
2017-06-01;2;211;3;76;450;21;1;1947;408;130
2017-06-07;4;237;1;90;435;37;1;2018;405;140
2017-08-05;5;253;4;91;413;11;0;2091;490;114
2016-11-14;5;249;2;97;427;29;1;2075;490;120
2016-12-03;2;270;5;109;472;0;0;2005;466;107
2016-12-15;3;259;5;93;483;26;0;2143;564;133
2017-03-13;0;239;3;91;425;22;0;2056;499;112
2017-04-18;4;204;6;95;435;25;1;1877;404;133
2017-06-09;0;273;2;97;452;33;0;2059;432;140
2017-07-17;2;214;4;101;430;32;0;2137;467;132
2017-08-19;2;232;2;82;426;5;0;2075;465;88
2017-09-13;4;237;3;91;428;24;0;1959;472;115
2017-09-23;4;236;4;104;417;5;1;2002;498;123
2017-09-27;2;245;6;85;476;33;0;2068;525;148
2017-10-15;6;244;3;100;456;0;3;2069;522;129
2017-11-08;3;241;5;95;408;32;0;1978;482;137
2017-11-15;4;244;2;99;459;32;1;2101;465;146
2017-11-19;3;257;0;102;471;0;1;2068;515;127
2017-11-20;6;271;1;113;499;21;2;2397;532;164
2018-01-03;0;280;5;110;476;18;5;2551;642;163
2016-12-18;4;288;6;131;481;0;2;2335;544;93
2016-12-26;5;302;4;130;480;12;3;2539;638;168
2017-01-17;2;299;2;118;447;26;0;2141;504;123
2017-05-10;1;241;5;99;454;22;1;1875;420;138
2017-07-01;8;190;4;76;404;2;2;1783;401;90
2017-08-21;3;255;3;75;450;29;0;2240;517;147
2017-11-06;3;244;5;97;419;33;0;2303;542;166
2018-01-04;1;262;7;75;471;31;1;2443;545;164
2018-02-05;0;292;7;106;494;34;2;2491;457;123
2017-02-06;0;261;12;132;480;19;0;2225;561;143
2017-08-24;6;201;3;78;436;37;1;2026;481;108
2017-11-18;2;291;1;100;470;0;0;2172;520;129
2017-12-15;2;279;9;100;499;29;3;2342;490;154
2016-12-25;1;298;5;121;474;0;1;2278;487;93
2017-02-01;2;302;4;98;454;21;1;2278;490;128
2017-06-20;3;260;1;91;448;39;0;2115;496;157
2017-06-28;2;207;0;67;426;22;0;1824;411;139
2017-07-20;3;213;7;82;402;28;1;1939;398;96
2017-08-17;3;212;4;94;446;29;1;2085;458;109
2018-01-02;0;296;2;109;485;23;1;2548;561;178
2016-11-09;1;222;10;98;432;28;0;1809;403;117
2016-11-23;6;278;11;88;506;30;2;2077;485;139
2017-01-28;3;296;1;127;485;0;0;2153;495;134
2017-02-25;3;230;6;93;456;0;0;1908;475;88
2017-02-27;4;220;1;72;443;19;0;1991;485;119
2017-04-16;2;220;1;99;406;0;1;1907;394;73
2017-05-14;4;264;2;77;423;0;0;1899;423;122
2017-07-11;3;211;4;75;452;33;1;1955;423;120
2017-12-28;3;281;4;132;453;29;0;2565;566;184
2018-02-01;2;266;7;115;445;28;0;2381;424;142
2017-01-03;5;304;4;144;529;34;1;2634;642;153
2017-01-24;0;315;2;92;452;27;1;2232;531;133
2017-02-22;3;248;5;81;443;26;2;2126;455;116
2017-03-05;2;257;3;97;431;0;0;1900;396;101
2017-03-12;3;236;1;82;429;0;2;1787;456;99
2017-03-24;2;249;5;96;436;23;2;2021;473;131
2017-05-09;3;275;7;85;469;22;0;1989;445;129
2017-06-15;3;184;3;90;445;0;0;1922;433;106
2017-08-23;4;214;4;93;410;27;2;2000;452;117
2017-10-07;2;209;3;98;451;0;1;1981;447;114
2017-11-30;6;279;3;109;430;26;2;2214;512;157
2017-12-04;5;244;5;101;424;16;1;2253;551;172
2018-01-15;1;300;5;98;480;33;3;2520;552;163
2018-01-30;1;309;7;109;453;33;0;2403;423;131
2018-02-02;3;262;3;94;477;28;4;2345;437;165
2018-02-04;3;286;2;84;462;0;1;2310;416;109
2018-02-12;1;287;4;114;506;27;1;2568;484;143
2018-02-24;2;282;3;101;492;0;2;2354;452;93
2017-04-03;0;246;6;95;427;30;2;2175;476;118
2017-04-19;3;225;2;94;444;33;0;1902;421;136
2017-06-10;5;238;3;96;424;0;0;1989;486;115
2018-01-26;3;280;8;103;459;35;4;2331;414;131
2016-11-13;0;254;2;86;441;0;0;1949;483;91
2016-11-24;4;253;6;115;474;11;1;2067;496;116
2016-12-29;4;320;2;109;483;41;2;2456;586;125
2017-03-18;1;267;1;83;443;0;0;1979;475;128
2017-05-29;4;241;5;88;478;26;0;2228;474;145
2017-07-31;5;257;3;94;425;33;1;2061;441;122
2017-11-07;3;256;4;77;441;31;0;2074;453;150
2017-11-25;4;262;6;92;456;0;0;2049;493;126
2017-12-30;2;291;3;110;441;1;1;2472;564;145
2017-02-14;2;237;7;80;421;25;1;1948;433;140
2017-03-03;3;219;5;94;430;13;0;1846;422;105
2017-05-18;5;192;4;74;449;30;0;1906;489;135
2017-07-05;4;230;6;73;403;32;0;1860;443;107
2017-07-08;0;238;6;95;411;5;1;1917;454;116
2017-09-01;5;237;1;91;401;23;2;1894;449;115
2017-09-28;0;265;4;111;479;40;3;2179;492;171
2017-10-11;2;219;3;77;434;32;0;2077;497;139
2018-01-05;1;288;6;104;443;8;0;2262;490;124
2018-01-14;1;276;7;123;452;0;1;2241;481;90
2016-12-10;3;275;7;109;493;0;2;2131;564;82
2016-12-17;6;300;4;113;501;0;0;2373;590;127
2016-12-22;3;267;6;117;462;33;1;2314;582;135
2017-01-13;4;293;5;103;462;28;1;2154;525;142
2017-02-03;1;260;2;109;437;18;0;2002;456;125
2017-03-21;2;236;1;90;411;26;1;1885;453;106
2017-03-27;1;269;5;85;458;28;1;2117;484;136
2017-04-27;0;227;3;73;424;41;0;1865;412;134
2017-04-28;2;226;2;94;445;29;0;2047;440;153
2017-04-30;2;218;1;102;405;0;0;1803;427;92
2017-06-24;3;253;2;91;515;0;3;2117;494;128
2017-07-06;0;192;2;77;411;29;0;1861;455;121
2017-08-01;3;208;4;88;414;27;0;1931;454;141
2017-08-04;2;246;6;97;431;28;2;2115;471;146
2017-08-30;3;204;5;72;404;26;0;1778;388;98
2017-10-05;3;233;1;105;453;0;0;1888;473;106
2017-10-09;5;242;7;107;437;23;1;2118;534;141
2017-10-29;2;249;4;95;474;1;0;2005;445;130
2016-11-16;1;270;7;112;457;34;1;1991;494;128
2016-11-26;2;291;1;116;522;0;0;2103;496;108
2017-01-21;6;316;10;138;479;0;2;2225;536;74
2017-03-31;3;254;4;99;430;35;0;2016;477;142
2017-05-15;2;248;6;105;452;30;2;2210;505;173
2017-05-31;2;220;3;80;457;33;0;1931;454;140
2017-06-06;3;198;6;91;455;25;0;1945;413;156
2017-07-24;4;240;7;95;418;30;3;2037;480;152
2017-08-13;4;221;1;101;400;7;2;2123;521;102
2017-08-14;6;233;6;87;457;28;2;2252;435;113
2017-09-10;5;230;4;92;399;3;0;1959;433;101
2017-11-05;1;268;1;88;410;0;0;1978;409;102
2018-01-07;2;302;9;112;418;0;2;2246;438;102
2018-01-11;3;271;4;109;462;37;3;2341;514;149
2018-01-21;2;295;2;113;427;0;1;2249;412;104
2018-02-27;0;262;2;105;484;20;1;2371;414;141
2017-01-27;1;281;1;103;479;15;1;2213;525;123
2017-01-29;;274;4;112;498;0;2;2052;503;97
2017-04-01;0;225;0;87;443;0;1;1995;434;102
2017-05-12;4;224;5;96;430;20;2;1742;404;97
2017-06-14;2;252;5;87;437;28;3;2030;451;153
2017-06-30;6;199;5;75;430;19;1;1826;408;103
2017-10-17;1;206;4;89;445;26;0;2003;451;135
2017-12-22;3;301;4;104;447;22;3;2344;532;174
2018-02-17;5;282;3;104;441;0;2;2384;478;120
2018-02-22;4;305;1;115;479;29;3;2406;479;135
2018-03-19;2;263;1;99;432;23;1;2280;461;133
2018-04-06;4;249;2;101;422;12;2;2205;399;126
2018-04-15;0;252;2;86;410;0;1;2097;399;101
2018-04-18;4;237;3;94;448;25;1;2367;422;124
2018-04-20;1;282;3;110;442;36;0;2419;492;141
2018-04-23;3;287;3;117;445;43;4;2552;491;142
2018-04-26;6;236;4;123;433;27;2;2407;431;130
2018-05-16;4;236;3;90;423;28;3;2188;377;137
2018-05-17;1;286;8;99;426;15;3;2292;450;123
2018-05-23;2;242;9;78;435;34;2;2232;410;114
2018-05-26;3;229;5;93;406;0;2;2126;359;109
2018-05-29;4;240;5;80;398;19;2;2036;382;142
2018-05-30;2;215;4;108;402;18;3;2113;356;118
2018-05-31;3;223;2;71;371;0;1;1964;344;118
2018-06-02;2;234;1;91;382;2;1;2029;340;112
2018-06-06;1;234;1;81;391;20;3;2151;396;124
2018-06-07;2;223;4;91;393;19;3;2037;376;125
2018-07-02;0;250;5;81;412;17;2;2193;394;110
2018-07-09;4;240;1;108;395;24;4;2311;407;128
2018-07-10;4;237;7;93;398;23;1;2194;383;127
2018-07-15;2;221;3;93;344;0;2;2122;411;95
2018-07-20;0;232;9;107;395;27;2;2073;388;130
2018-07-21;4;257;0;104;348;3;0;2157;355;120
2018-07-22;8;239;1;94;355;8;2;2311;383;73
2018-07-31;2;255;1;93;399;26;1;2259;419;107
2018-08-02;5;252;3;106;444;29;2;2588;454;137
2018-08-04;5;309;2;119;420;2;1;2971;530;162
2018-08-06;4;345;3;111;414;35;4;3028;509;129
2018-08-17;4;248;5;102;337;23;2;2389;382;103
2018-08-20;1;266;1;115;437;27;0;2631;466;112
2018-08-25;5;219;1;87;356;3;2;2351;353;81
2018-08-28;0;254;6;96;383;10;6;2114;340;115
2018-08-29;1;207;6;102;420;19;0;2123;359;104
2018-08-30;1;237;5;80;412;25;1;2180;353;97
2018-09-01;4;215;5;89;361;1;1;2433;427;123
2018-09-12;7;221;3;79;415;23;0;2223;375;122
2018-09-15;6;254;6;89;363;1;1;2235;385;92
2018-09-18;1;215;6;86;376;33;1;2161;339;140
2018-09-29;1;278;2;101;409;1;1;2373;406;134
2018-09-30;2;223;5;93;398;6;2;2238;365;119
2018-10-02;5;210;5;84;460;26;2;2255;446;130
2018-10-07;5;223;3;79;362;0;1;2099;341;100
2018-10-10;4;252;1;87;422;39;2;2325;382;121
2018-10-13;2;245;6;68;371;0;1;2266;371;129
2018-10-23;3;227;4;85;395;23;2;2306;366;145
2018-10-30;5;266;1;77;435;27;2;2204;378;126
2018-11-10;2;265;4;102;408;0;2;2224;394;115
2018-11-11;1;249;5;88;393;0;0;2040;389;82
2018-11-14;3;260;4;96;469;34;1;2468;378;140
2018-11-21;3;249;4;96;368;21;2;2149;339;117
2018-11-24;4;260;1;79;386;0;4;2072;367;103
2018-12-01;3;261;4;103;392;0;2;2241;371;126
2018-12-02;1;269;0;98;364;0;0;2188;340;92
2018-12-04;1;245;8;87;391;15;3;2311;396;125
2018-12-07;4;252;4;80;385;13;2;2201;402;130
2018-12-11;2;254;5;101;420;14;2;2248;385;140
2018-12-16;1;291;2;128;359;0;6;2393;387;101
2018-12-20;2;280;4;104;414;15;2;2349;411;158
2018-12-26;3;283;5;86;384;18;3;2610;388;145
2019-01-03;1;279;4;105;401;23;1;2584;433;149
2019-01-11;5;303;5;112;423;38;3;2581;401;154
2019-01-16;2;297;4;112;458;26;2;2673;421;150
2019-01-18;2;301;8;116;415;24;2;2632;419;139
2019-01-19;0;296;8;115;440;0;3;2552;383;111
2019-01-20;3;332;10;117;388;0;2;2679;456;109
2019-01-22;3;275;8;104;385;24;1;2579;430;141
2019-01-24;1;311;6;114;426;17;1;2707;454;126
2019-01-25;2;320;5;102;443;24;2;2738;495;141
2019-01-26;4;311;4;122;454;0;1;2587;419;106
2019-02-09;2;305;2;98;401;0;5;2541;410;113
2019-02-16;5;303;1;125;428;0;2;2513;411;99
2019-02-17;3;299;2;115;419;0;0;2467;376;98
2019-02-18;3;260;6;119;400;28;2;2576;402;132
2019-03-02;3;250;2;95;368;0;3;2276;370;121
2019-03-05;2;255;5;86;338;10;1;2120;338;109
2019-03-07;2;249;3;88;370;12;1;2215;341;113
2019-03-09;2;276;5;91;390;0;3;2512;394;110
2019-03-13;3;225;2;89;374;20;0;2161;332;117
2019-03-15;3;270;2;102;390;23;4;2464;379;136
2019-03-16;4;277;5;109;357;0;6;2216;336;117
2019-03-19;2;259;5;92;396;23;1;2347;391;120
2019-03-28;3;231;5;104;386;24;2;2338;370;146
2019-03-30;3;263;4;76;394;0;3;2200;348;125
2019-04-01;4;287;4;129;393;24;0;2430;387;152
2019-04-05;3;262;5;96;382;8;1;2245;365;112
2019-04-15;2;259;2;94;402;13;1;2277;395;116
2019-04-25;4;212;2;80;334;0;2;1894;293;92
2019-05-02;2;243;2;91;448;20;2;2533;391;118
2019-05-11;3;255;2;104;363;0;4;2263;349;85
2019-05-12;4;244;4;86;387;0;2;2350;369;103
2019-05-19;2;234;1;107;367;0;2;2094;326;100
2019-05-22;4;252;5;88;392;23;2;2319;356;108
2019-05-28;2;236;1;89;380;23;3;2316;352;98
2019-06-03;3;282;2;91;354;26;3;2539;350;147
2019-06-07;5;268;2;101;346;39;0;2432;351;138
2019-06-19;4;223;5;87;334;25;3;2260;321;129
2019-06-22;4;217;2;107;318;3;2;2260;326;100
2019-06-23;1;237;5;95;314;2;1;2260;316;111
2019-06-29;3;243;1;95;356;1;1;2313;342;106
2019-06-30;5;255;3;83;336;0;1;2306;340;114
2019-07-01;1;238;5;99;348;23;0;2491;373;125
2019-07-10;3;257;4;83;382;33;2;2399;355;123
2019-07-11;2;251;2;86;404;21;1;2458;360;128
2019-07-13;1;290;4;100;385;1;2;2342;399;119
2019-07-16;1;281;3;91;402;21;4;2287;339;102
2019-07-18;2;223;4;83;395;28;2;2328;344;112
2019-07-19;3;262;5;111;369;37;3;2430;327;117
2019-07-22;5;279;2;94;423;22;3;2561;361;143
2019-08-05;3;246;4;113;368;25;0;2556;381;107
2019-08-06;1;263;6;89;376;20;2;2423;376;97
2019-08-12;4;255;6;106;361;21;5;2452;350;116
2019-08-16;3;259;6;113;387;30;0;2589;354;131
2019-08-21;4;260;5;98;386;35;1;2511;358;127
2019-08-22;3;266;3;105;362;25;2;2472;363;111
2019-08-25;6;251;2;91;337;0;1;2304;323;90
2019-08-30;1;262;2;103;347;22;1;2448;310;88
2019-09-03;3;258;3;82;371;28;1;2317;398;117
2019-09-21;1;248;4;90;366;0;0;2364;314;90
2019-09-28;3;266;1;100;392;1;0;2279;318;101
2019-10-05;2;281;4;104;390;0;3;2311;303;110
2019-10-06;7;276;1;103;349;0;1;2298;319;115
2019-10-07;3;267;5;100;425;28;2;2543;336;129
2019-10-16;3;242;3;78;431;21;4;2341;317;122
2019-10-19;1;239;6;91;375;0;0;2194;310;96
2019-10-24;1;267;2;92;412;33;2;2411;383;138
2019-10-25;2;296;2;100;421;32;1;2636;381;147
2019-10-30;1;277;1;104;408;16;2;2465;336;126
2019-11-09;1;269;3;102;348;0;0;2298;304;100
2019-11-19;2;279;1;106;394;25;1;2555;337;113
2019-11-29;0;278;6;101;376;16;0;2595;416;116
2019-12-04;5;243;4;102;378;23;0;2465;315;137
2019-12-10;2;317;5;118;437;30;1;2475;365;115
2019-12-12;2;296;3;111;406;19;1;2549;344;130
2019-12-18;0;295;10;94;413;22;2;2495;322;124
2019-12-22;3;325;3;120;391;0;1;2707;353;113
2019-12-26;5;294;2;118;379;27;2;2536;355;127
2019-12-31;0;288;9;106;312;12;2;2311;305;76
2020-01-10;3;305;4;124;439;30;2;2826;401;117
2020-01-11;3;292;4;115;436;0;2;2599;390;122
2020-01-14;5;293;2;123;420;22;0;2632;400;132
2020-01-17;0;308;8;118;405;22;0;2696;396;132
2020-01-21;4;283;1;112;401;22;2;2638;382;112
2020-02-03;3;297;3;124;408;30;1;2789;465;124
2020-02-06;0;306;4;142;413;29;2;2518;344;117
2020-02-08;1;300;3;104;347;0;1;2342;332;93
2020-02-09;1;260;4;81;354;0;4;2310;326;82
2020-02-14;1;270;7;112;377;22;1;2549;361;119
2020-02-16;2;294;2;92;393;0;0;2302;328;96
2020-02-20;4;287;3;108;386;24;1;2511;371;104
2020-02-27;2;257;4;105;379;36;3;2479;364;103
2020-02-29;0;313;7;92;363;0;0;2281;310;98
2020-03-01;3;262;5;85;339;0;1;2179;274;113
2020-03-04;1;255;2;97;366;14;4;2369;315;112
2020-03-06;2;273;2;114;377;28;2;2388;351;118
2020-03-10;3;225;3;92;348;20;2;2270;313;124
2020-03-27;3;214;2;58;280;9;0;1657;253;85
2020-04-01;3;221;2;72;278;2;0;1732;230;73
2020-04-03;2;224;4;78;311;9;0;1056;219;94
2020-04-05;0;192;1;74;265;0;0;895;198;63
2020-04-11;1;178;2;65;316;0;0;1043;207;59
2020-04-18;2;190;3;69;289;0;0;1028;243;86
2020-04-29;0;139;0;47;282;9;0;882;214;71
2020-05-02;2;168;1;77;322;0;0;1830;256;86
2020-05-09;1;182;3;65;292;0;0;1702;204;91
2020-05-13;0;175;2;51;288;11;0;1730;201;82
2020-05-14;3;185;1;68;299;17;0;1718;231;72
2020-05-15;2;177;2;65;326;19;0;1882;252;82
2020-05-16;4;183;2;64;311;0;1;1864;245;90
2020-05-18;6;185;2;62;329;15;0;1995;285;81
2020-05-19;3;203;2;69;340;17;0;2020;249;86
2020-05-25;2;188;0;67;349;30;1;2116;293;102
2020-06-03;3;183;4;62;309;18;1;1991;202;121
2020-06-06;4;187;1;53;273;0;0;1793;219;91
2020-06-14;0;160;1;59;255;0;3;1857;195;95
2020-06-22;3;251;7;92;346;15;4;2272;257;136
2020-06-25;1;199;4;82;292;11;0;2025;231;118
2020-06-26;1;200;3;82;313;17;1;2011;214;107
2020-06-29;2;211;2;88;329;11;1;2091;241;110
2020-07-01;3;186;4;86;289;11;4;2000;243;93
2020-07-03;4;202;5;82;286;13;2;2034;211;90
2020-07-04;8;194;3;70;282;0;1;2032;243;89
2020-07-08;4;214;5;91;342;6;6;2281;281;113
2020-07-19;3;254;0;107;327;2;2;2343;292;103
2020-07-20;5;259;6;90;369;4;3;2592;330;101
2020-07-24;5;235;0;81;370;16;2;2299;269;101
2020-07-27;6;240;5;64;367;20;4;2355;287;108
2020-08-10;4;206;0;81;345;13;2;2394;234;95
2020-08-17;3;237;1;87;336;7;2;2275;297;128
2020-08-18;2;213;1;88;348;17;2;2314;253;93
2020-08-20;1;214;4;78;323;7;6;2271;240;96
2020-08-25;3;213;5;80;351;8;4;2312;264;122
2020-08-26;1;221;5;107;352;12;3;2357;267;104
2020-08-28;2;226;4;83;340;13;4;2255;236;107
2020-09-02;5;179;0;83;325;8;4;2166;244;100
2020-09-04;3;232;0;108;350;9;5;2258;250;97
2020-09-12;3;231;1;85;323;0;2;2420;259;102
2020-09-13;4;256;0;83;348;0;3;2254;245;106
2020-09-21;3;214;2;74;322;16;7;2245;242;106
2020-10-05;4;212;3;82;299;0;4;2187;236;105
2020-10-06;4;229;6;86;348;24;4;2404;275;120
2020-10-27;1;217;6;89;362;7;4;2283;244;100
2020-10-29;1;255;4;88;339;17;3;2425;266;106
2020-11-14;3;220;5;65;296;0;2;2022;249;99
2020-11-16;2;245;2;82;355;15;6;2497;284;156
2020-11-29;2;212;2;75;271;0;4;2051;230;86
2020-12-04;1;235;1;90;271;4;4;2396;241;147
2020-12-07;2;251;5;109;286;6;2;2457;256;132
2020-12-10;3;237;2;84;333;6;6;2589;266;123
2020-12-15;0;239;4;84;352;16;4;2438;248;134
2021-01-01;1;268;3;87;348;0;5;2387;253;105
2021-01-07;1;256;4;115;382;19;8;2881;283;144
2021-01-14;1;304;1;104;399;14;6;2745;334;136
2021-01-15;4;275;3;106;371;21;4;2836;322;162
2021-01-22;1;241;2;83;330;13;8;2402;236;107
2021-01-30;2;232;3;81;290;0;7;2092;201;97
2021-02-01;4;218;2;72;299;11;3;2151;237;129
2021-02-15;2;217;1;74;340;24;1;2010;230;92
2021-02-28;1;216;1;77;330;0;6;1747;171;70
2021-03-06;3;231;2;77;337;0;4;1904;220;77
2021-03-08;3;207;4;66;341;25;5;2013;216;97
2021-03-10;3;209;6;69;337;29;7;1806;190;100
2021-03-12;2;193;3;76;351;32;6;1894;210;77
2021-03-22;1;209;2;89;357;28;4;2220;252;96
2021-03-30;2;203;3;88;350;17;1;2009;225;86
2021-04-03;2;199;3;83;336;0;4;2066;203;87
2021-05-04;6;210;2;78;382;30;6;2202;256;98
2021-05-08;5;229;5;92;360;0;5;2358;225;113
2021-05-11;2;191;1;76;337;23;2;2255;223;114
2021-05-12;0;211;2;90;406;22;3;2350;233;129
2021-05-15;1;212;3;89;357;0;1;2266;219;111
2021-05-26;3;204;2;96;419;18;4;2508;241;130
2018-03-02;1;305;5;121;475;10;2;2436;465;152
2018-03-06;4;282;3;104;467;37;1;2317;434;120
2018-03-08;0;278;2;88;460;16;1;2358;459;143
2018-03-12;2;288;2;99;468;27;1;2439;509;128
2018-03-21;3;278;3;104;475;22;3;2178;419;133
2018-03-22;1;284;4;99;465;18;1;2236;451;146
2018-03-27;2;274;4;92;425;30;4;2222;459;172
2018-03-29;5;271;0;91;393;16;3;2089;381;114
2018-04-01;3;260;1;111;414;0;6;2297;460;98
2018-04-05;2;245;3;108;419;29;4;2238;479;109
2018-04-09;2;274;4;85;442;32;2;2439;478;118
2018-04-12;2;278;7;94;423;6;2;2282;404;132
2018-04-24;1;283;1;87;459;25;3;2400;416;132
2018-04-27;2;225;4;65;401;25;2;2221;397;106
2018-04-29;1;230;6;86;379;0;1;1954;300;72
2018-05-03;4;259;6;86;428;33;4;2279;430;134
2018-05-05;1;221;2;90;416;0;1;2209;371;116
2018-05-08;1;244;0;85;416;31;0;2183;416;121
2018-05-09;2;235;7;93;415;26;1;2160;394;107
2018-05-10;5;253;3;87;446;43;5;2321;447;151
2018-05-21;2;260;1;93;459;34;4;2267;401;126
2018-05-22;2;247;1;89;428;25;0;2159;393;103
2018-05-25;0;247;2;95;401;13;2;2284;429;137
2018-05-28;3;252;4;99;448;15;2;2213;405;139
2018-06-01;2;236;4;84;367;21;1;2229;390;128
2018-06-03;5;223;5;94;375;1;2;2109;344;89
2018-06-12;1;227;5;84;382;24;2;2156;367;91
2018-06-13;2;238;0;64;419;13;5;2189;403;138
2018-06-18;2;257;3;86;433;39;2;2518;445;186
2018-06-19;2;274;4;80;411;25;4;2419;422;153
2018-06-26;3;216;5;92;421;20;2;2284;402;134
2018-06-27;2;247;4;105;387;33;1;2147;389;138
2018-07-03;1;240;2;101;411;20;2;2107;349;119
2018-07-07;4;250;0;100;406;1;1;2264;410;124
2018-07-23;1;236;5;92;381;23;2;2258;390;113
2018-07-27;2;245;2;100;377;24;2;2142;389;101
2018-08-01;3;274;2;89;410;17;5;2306;396;122
2018-08-09;5;242;4;100;412;17;2;2423;386;94
2018-08-21;5;248;3;98;442;18;8;2544;414;92
2018-09-02;4;237;1;96;357;1;1;2363;417;107
2018-09-03;3;215;2;91;365;30;1;2343;427;125
2018-09-06;4;210;9;91;373;23;3;2096;372;114
2018-09-10;3;252;11;93;429;29;2;2343;400;132
2018-09-17;8;237;0;98;400;37;4;2350;373;140
2018-09-23;1;232;5;93;390;2;0;2268;322;109
2018-09-26;6;219;6;87;436;22;1;2452;408;143
2018-10-01;3;259;3;101;430;30;0;2399;414;149
2018-10-04;6;246;6;78;416;30;2;2269;347;129
2018-10-11;1;256;6;96;410;34;1;2196;370;126
2018-10-14;4;222;2;100;375;0;2;1999;338;82
2018-10-29;3;243;2;87;434;34;1;2388;350;119
2018-11-02;1;241;4;90;374;16;1;2522;352;128
2018-11-04;1;235;0;95;350;0;3;2090;312;111
2018-11-08;2;249;4;102;426;17;2;2678;378;134
2018-11-15;3;254;2;88;422;28;2;2344;370;113
2018-11-20;6;256;2;98;410;27;3;2280;328;120
2018-11-28;5;259;4;91;417;18;1;2187;370;137
2018-11-29;0;240;2;85;410;13;2;2248;368;141
2018-12-06;1;317;5;106;403;24;1;2455;397;146
2018-12-14;4;244;8;87;384;12;2;2428;378;149
2018-12-18;1;269;5;94;401;5;4;2237;376;140
2018-12-22;3;268;5;96;390;0;1;2568;415;119
2018-12-27;1;289;7;96;415;23;2;2490;407;140
2019-01-05;1;299;6;108;397;0;2;2452;377;93
2019-01-07;3;340;4;116;423;35;0;2718;427;148
2019-01-13;1;287;5;117;413;0;2;2584;391;118
2019-01-17;3;344;4;128;453;34;2;2646;473;145
2019-01-30;0;318;10;116;415;16;3;2528;392;116
2019-02-20;2;260;1;84;398;34;1;2321;417;127
2019-02-28;3;264;8;93;391;20;2;2358;377;107
2019-03-12;5;276;2;100;384;27;2;2276;330;110
2019-03-14;2;258;5;104;366;41;0;2369;396;119
2019-04-02;1;254;6;98;392;20;0;2277;365;117
2019-04-08;3;294;7;95;390;16;3;2414;384;136
2019-04-09;4;229;4;92;385;12;0;2140;316;105
2019-04-10;2;263;3;94;400;11;1;2246;362;118
2019-04-12;2;257;3;105;384;20;1;2310;406;141
2019-04-16;0;229;4;81;383;20;0;2239;351;119
2019-04-26;5;248;3;83;378;16;1;2312;379;125
2019-04-27;1;248;5;96;355;0;1;2302;385;104
2019-05-01;2;261;2;100;378;0;1;2116;317;94
2019-05-07;2;234;7;93;414;20;4;2232;376;100
2019-05-10;2;269;4;99;407;28;3;2300;408;111
2019-05-13;4;271;7;107;428;25;3;2569;394;126
2019-05-16;3;236;3;85;408;28;3;2323;317;110
2019-05-18;6;256;3;105;366;0;1;2175;314;101
2019-05-21;5;248;1;79;388;24;3;2196;340;103
2019-05-23;1;249;4;99;403;26;0;2298;312;107
2019-05-24;0;265;5;119;417;20;2;2370;370;109
2019-05-25;3;263;1;112;374;0;0;2266;354;95
2019-05-31;3;250;2;93;426;27;2;2503;375;130
2019-06-04;2;257;2;97;371;17;0;2417;364;155
2019-06-18;0;229;0;105;345;24;0;2264;299;119
2019-06-26;3;239;3;97;344;17;1;2182;298;124
2019-06-28;3;241;6;83;293;19;0;2219;357;124
2019-07-02;3;241;1;88;351;22;0;2317;331;116
2019-07-05;2;246;4;111;349;25;4;2249;321;117
2019-07-06;2;230;3;86;352;7;3;2300;349;103
2019-07-24;2;251;5;88;383;22;1;2404;333;118
2019-07-29;2;259;1;89;359;31;3;2374;336;99
2019-08-01;5;256;5;100;337;18;1;2289;331;120
2019-08-04;2;238;4;107;353;4;1;2382;348;115
2019-08-10;3;258;1;88;342;4;1;2266;362;106
2019-08-11;0;221;4;96;320;2;4;2263;353;87
2019-08-17;2;278;2;103;341;0;1;2525;331;118
2019-08-27;4;256;2;96;345;20;1;2248;338;125
2019-08-29;3;255;3;100;364;25;3;2317;293;113
2019-09-07;4;246;3;102;353;0;0;2324;330;92
2019-09-18;3;271;6;100;394;14;3;2436;347;102
2019-09-27;0;267;0;90;390;28;0;2445;347;107
2019-10-01;1;282;4;100;395;10;1;2434;352;119
2019-10-02;4;272;6;94;413;31;2;2420;300;95
2019-10-04;5;285;9;108;451;29;0;2557;389;121
2019-10-13;0;275;0;96;366;0;3;2394;280;112
2019-10-15;3;307;3;96;429;20;1;2488;398;133
2019-10-20;3;284;6;93;369;0;1;2415;347;88
2019-10-23;4;272;3;95;427;19;1;2398;385;120
2019-10-26;4;287;3;102;398;0;0;2400;328;102
2019-10-28;1;287;4;102;420;42;1;2645;394;125
2019-11-08;3;288;3;94;418;34;2;2616;368;125
2019-11-11;1;284;2;106;385;22;1;2609;390;137
2019-11-13;2;241;4;108;416;25;1;2479;346;105
2019-11-23;1;262;4;87;347;0;0;2377;319;102
2019-11-26;0;269;9;114;374;16;1;2526;387;120
2019-11-30;3;295;2;124;369;0;0;2488;333;125
2019-12-05;3;287;1;115;395;25;4;2497;377;129
2019-12-07;2;267;0;111;341;0;2;2393;347;131
2019-12-09;2;304;5;123;414;30;1;2672;379;151
2019-12-15;1;294;5;118;368;0;0;2466;336;115
2019-12-17;3;277;5;103;402;39;1;2583;343;120
2019-12-24;3;283;8;113;334;16;2;2382;332;109
2019-12-27;2;273;9;89;404;24;2;2457;355;130
2019-12-29;2;303;0;103;366;0;1;2448;351;103
2020-01-02;3;284;4;93;366;20;0;2536;375;110
2020-01-07;4;302;7;116;395;30;2;2715;412;120
2020-01-08;2;309;5;110;439;39;1;2853;386;128
2020-01-24;2;326;4;110;427;28;0;2750;406;123
2020-01-27;3;335;5;106;425;21;4;2838;372;115
2020-02-12;3;265;6;104;360;28;1;2475;357;114
2020-02-19;5;293;2;106;389;23;4;2566;363;107
2020-02-26;6;255;7;91;412;18;3;2362;346;117
2020-02-28;2;318;1;101;397;23;2;2488;349;107
2020-03-07;2;252;3;103;342;0;4;2296;339;108
2020-03-11;1;242;2;80;347;23;0;2371;345;125
2020-03-13;3;235;4;77;299;13;1;2077;279;107
2020-03-15;1;240;1;82;295;0;2;2029;288;102
2020-03-19;1;236;3;106;317;7;1;2007;303;98
2020-03-21;1;236;3;90;268;0;0;1711;253;76
2020-03-24;0;238;2;83;275;7;0;1715;260;89
2020-04-02;0;205;3;71;297;9;0;1032;262;90
2020-04-08;1;194;5;71;303;15;0;996;243;80
2020-04-10;1;189;1;66;289;0;0;1017;199;71
2020-04-13;0;200;0;73;299;6;0;985;213;88
2020-04-17;2;185;3;59;308;8;0;1002;269;92
2020-04-22;1;153;3;58;293;8;0;928;212;76
2020-04-30;0;173;5;48;313;12;0;940;212;75
2020-05-04;0;180;2;67;309;18;0;1882;236;93
2020-05-06;1;156;1;63;293;18;0;1823;249;92
2020-05-11;2;169;3;74;297;12;0;1804;240;76
2020-05-30;3;208;2;80;363;0;2;2116;245;119
2020-06-02;3;177;4;66;338;12;2;2046;235;126
2020-06-08;4;183;3;68;316;6;3;2047;238;128
2020-06-09;2;184;0;71;282;14;1;1979;192;84
2020-06-11;4;166;1;72;270;0;1;1786;176;93
2020-06-15;4;201;1;74;288;18;4;2083;233;129
2020-06-16;2;181;6;84;300;11;2;1840;197;100
2020-06-19;4;170;1;82;295;13;3;2041;250;92
2020-06-20;2;202;2;82;290;0;2;1955;219;92
2020-06-21;10;196;4;74;308;0;2;1971;214;102
2020-06-28;3;216;3;80;308;0;3;1992;234;96
2020-07-05;2;214;0;73;286;1;5;2043;241;100
2020-07-13;3;273;4;89;373;12;3;2540;311;99
2020-07-14;0;228;2;77;346;5;4;2296;253;108
2020-07-18;4;254;3;95;319;5;4;2565;309;120
2020-07-28;5;224;4;85;359;18;5;2189;265;89
2020-07-30;2;237;7;89;363;5;0;2268;226;99
2020-08-02;3;215;5;92;289;0;5;2107;228;91
2020-08-05;2;213;1;95;334;7;3;2384;296;88
2020-08-06;3;211;1;86;350;6;1;2400;287;96
2020-08-09;2;215;0;85;315;0;6;2151;224;93
2020-08-21;5;234;2;97;341;8;2;2278;238;104
2020-08-24;5;270;2;91;336;8;4;2464;275;99
2020-08-29;2;199;2;62;295;0;4;2034;228;98
2020-08-30;2;190;1;66;309;2;6;2051;201;97
2020-09-01;3;200;2;84;330;18;2;2094;258;100
2020-09-03;6;234;2;89;373;24;3;2240;251;110
2020-09-05;1;231;1;85;328;0;5;2197;248;81
2020-09-06;4;207;1;91;310;0;3;2203;251;94
2020-09-08;4;197;2;64;357;8;5;2318;283;90
2020-09-16;3;230;2;89;374;12;3;2277;271;86
2020-09-17;3;203;2;60;337;4;2;2155;245;88
2020-09-19;2;216;1;64;310;0;3;2051;222;98
2020-09-27;1;198;0;87;284;0;4;2001;234;99
2020-10-08;8;229;0;78;332;22;3;2383;270;126
2020-10-11;5;221;3;75;293;0;5;2110;233;97
2020-10-23;3;220;4;73;337;17;3;2259;262;116
2020-10-28;3;232;2;100;347;19;4;2372;293;122
2020-10-31;0;249;2;76;350;0;3;2299;241;111
2020-11-03;2;185;1;77;343;6;2;2230;250;105
2020-11-04;5;219;2;78;310;20;2;2186;269;119
2020-11-08;0;210;5;65;292;0;3;2106;218;93
2020-11-11;1;211;0;92;329;8;3;2363;248;125
2020-11-20;2;246;0;79;321;16;4;2489;246;137
2020-11-22;0;198;0;81;268;0;2;2008;200;93
2020-11-27;3;222;0;85;332;14;3;2509;252;134
2020-12-08;3;223;3;80;282;0;2;2081;237;121
2020-12-16;1;224;5;80;329;6;5;2310;258;131
2020-12-19;2;245;1;93;318;0;2;2268;228;93
2021-01-04;7;282;5;108;430;24;4;3024;318;129
2021-01-05;3;258;1;105;412;29;3;2980;305;148
2021-01-06;3;282;3;109;393;30;3;2807;292;137
2021-01-17;3;270;4;97;330;0;1;2356;243;111
2021-01-21;0;282;3;98;365;18;5;2546;264;151
2021-01-25;0;254;4;86;350;11;6;2548;282;143
2021-01-29;1;211;2;70;282;12;1;2054;220;92
2021-02-03;1;215;1;80;318;21;2;2121;211;105
2021-02-04;1;207;6;72;321;10;4;2006;200;109
2021-02-08;0;196;1;85;309;13;3;2094;188;110
2021-02-18;3;205;4;76;325;22;2;1899;201;83
2021-02-24;4;176;2;72;316;15;2;1951;188;69
2021-02-26;4;222;7;87;362;20;1;2001;212;95
2021-02-27;2;225;1;68;345;0;7;1900;198;91
2021-03-02;6;208;2;79;310;18;2;1832;166;78
2021-03-05;2;179;3;60;317;17;6;1929;200;87
2021-03-15;3;240;3;79;343;29;4;2139;224;85
2021-03-16;4;222;5;78;344;28;6;2039;213;85
2021-03-17;4;200;5;84;357;12;3;2039;195;76
2021-04-04;1;172;3;73;348;0;2;1850;186;84
2021-04-09;1;213;3;72;344;28;4;2190;224;107
2021-04-10;0;214;0;82;320;0;1;1917;181;80
2021-04-23;3;204;0;76;353;17;4;2189;237;87
2021-04-25;3;199;0;58;360;0;3;1866;188;76
2021-04-26;1;216;4;83;390;36;2;2459;229;109
2021-04-27;3;222;0;86;391;19;5;2223;243;99
2021-05-05;5;218;4;102;399;23;4;2326;224;104
2021-05-14;5;230;9;91;402;33;7;2453;249;85
2021-05-18;4;219;2;71;378;33;1;2397;240;98
2021-05-22;5;211;2;88;335;0;5;2162;210;93
2021-05-25;5;218;3;84;349;20;4;2481;239;118
2021-05-29;5;207;2;104;360;2;3;2326;217;92
2021-05-31;7;260;3;111;409;19;3;2703;256;138
2021-06-02;3;218;2;82;348;22;7;2489;237;112
2018-03-14;0;262;7;94;471;9;3;2225;416;124
2018-03-16;3;274;4;118;412;23;4;2300;458;127
2018-03-17;0;254;3;114;433;0;3;2068;453;109
2018-03-24;4;235;1;97;405;0;3;2012;383;100
2018-04-02;4;306;6;108;420;19;3;2184;424;109
2018-04-03;6;237;2;98;421;20;1;2103;421;131
2018-04-04;6;251;3;83;417;22;4;2026;418;98
2018-04-10;2;266;1;103;402;7;2;2155;396;109
2018-04-14;2;273;7;110;409;0;3;2253;441;107
2018-04-21;3;251;4;84;406;0;3;2144;370;96
2018-05-01;2;213;3;79;403;0;2;1959;346;101
2018-05-12;6;228;3;83;362;0;3;1927;376;104
2018-05-20;3;250;8;98;420;0;4;2141;394;101
2018-06-04;3;221;0;85;408;29;5;2244;361;122
2018-06-09;2;254;3;108;394;1;1;2111;341;124
2018-06-17;3;264;0;83;419;5;1;2310;410;136
2018-06-22;3;260;4;86;416;24;2;2315;452;164
2018-06-25;5;231;4;108;409;27;1;2371;423;139
2018-06-30;5;252;1;93;402;1;4;2116;395;117
2018-07-05;4;220;7;71;394;29;2;2135;382;94
2018-07-08;1;240;1;95;392;4;0;2263;423;106
2018-07-13;6;248;4;97;429;22;2;2339;402;146
2018-07-14;4;228;2;92;334;0;3;2339;383;109
2018-07-16;4;273;3;107;430;26;3;2324;432;105
2018-07-17;5;253;5;88;416;23;2;2183;411;103
2018-07-18;3;233;6;98;365;21;6;2106;394;98
2018-07-25;2;231;1;90;392;27;2;2143;375;112
2018-07-28;4;266;3;103;394;5;4;2314;367;94
2018-08-08;5;248;6;115;405;32;0;2522;437;114
2018-08-10;7;232;2;96;412;22;3;2444;405;108
2018-08-12;8;236;3;127;362;1;3;2322;407;93
2018-08-14;6;247;5;120;371;28;2;2369;397;89
2018-08-18;9;255;7;86;354;3;4;2354;402;99
2018-08-19;1;243;1;87;374;1;1;2418;397;114
2018-08-26;4;242;4;92;374;0;0;2333;390;99
2018-09-13;6;226;5;92;381;38;0;2252;373;150
2018-09-14;1;222;0;93;411;30;2;2346;373;167
2018-09-16;2;216;2;96;337;3;1;2171;385;123
2018-09-24;7;268;7;87;426;23;2;2541;429;138
2018-10-05;4;246;2;83;400;0;7;2209;344;107
2018-10-09;3;255;5;78;409;26;1;2215;376;144
2018-10-12;3;263;4;98;418;25;2;2329;369;130
2018-10-15;3;284;4;108;441;7;2;2536;418;140
2018-10-16;2;260;8;96;419;24;1;2353;395;123
2018-10-22;4;278;6;104;420;33;0;2415;431;126
2018-10-25;3;233;3;89;412;23;3;2239;361;137
2018-11-01;3;245;3;103;413;0;3;2342;351;127
2018-11-03;3;273;2;98;357;0;0;2148;387;98
2018-11-06;1;234;4;88;399;23;3;2184;406;125
2018-11-09;9;264;4;85;427;26;0;2460;398;135
2018-11-12;5;236;2;85;371;25;1;2053;312;112
2018-11-23;1;247;2;100;407;26;2;2358;372;137
2018-12-10;2;252;5;97;411;27;2;2469;396;177
2018-12-12;2;242;5;103;413;18;0;2322;371;123
2018-12-17;0;274;6;96;402;24;3;2301;429;143
2018-12-21;3;255;8;103;428;17;3;2473;383;126
2018-12-24;2;270;4;103;384;11;2;2319;382;94
2018-12-28;2;300;4;110;388;18;1;2615;414;148
2018-12-29;4;264;4;98;393;0;1;2382;379;108
2019-01-01;5;343;4;136;530;0;0;3045;503;179
2019-01-04;4;311;3;91;427;23;4;2541;388;133
2019-01-08;1;254;8;94;418;28;1;2500;357;135
2019-01-10;4;289;5;85;453;31;3;2552;407;146
2019-01-15;1;310;8;114;431;34;2;2732;460;129
2019-01-31;0;306;4;108;408;16;2;2644;413;119
2019-02-04;1;284;6;128;430;24;1;2720;484;127
2019-02-06;4;306;8;113;434;32;1;2647;369;140
2019-02-10;1;298;3;95;398;0;0;2535;375;109
2019-02-12;2;280;2;89;433;27;2;2580;410;135
2019-02-14;3;330;8;131;405;25;2;2708;423;125
2019-02-15;1;278;5;96;373;25;2;2511;401;137
2019-02-22;3;264;2;101;414;33;4;2516;389;127
2019-02-25;5;282;9;107;423;26;0;2540;428;142
2019-03-08;4;292;4;109;372;20;3;2471;337;130
2019-03-17;4;260;4;96;322;0;1;2084;328;94
2019-03-18;4;281;6;104;444;29;0;2418;415;127
2019-03-24;2;260;5;102;399;0;0;2231;391;110
2019-03-29;4;260;4;107;416;47;2;2397;360;128
2019-04-04;2;240;7;95;388;24;1;2278;317;145
2019-04-11;1;269;3;98;388;23;1;2301;400;124
2019-04-14;2;262;6;93;371;0;1;2308;344;96
2019-04-17;0;211;8;89;374;18;0;2148;326;96
2019-04-20;5;283;3;109;357;0;1;2352;373;97
2019-04-24;0;261;2;76;363;12;0;2064;333;85
2019-05-03;2;268;7;97;417;25;1;2503;416;108
2019-05-04;3;263;3;107;348;0;2;2263;357;75
2019-05-06;5;279;6;90;407;23;1;2298;378;122
2019-05-09;3;240;6;109;411;11;0;2221;349;99
2019-05-17;3;257;3;98;393;28;0;2333;346;118
2019-05-30;3;265;5;109;431;30;0;2465;378;125
2019-06-02;2;235;4;100;300;2;1;2197;329;117
2019-06-05;4;249;7;80;386;18;0;2294;300;158
2019-06-08;5;250;3;95;306;1;2;2294;336;102
2019-06-13;2;232;6;96;354;8;1;2169;361;104
2019-06-20;4;203;6;71;322;1;2;2151;285;120
2019-07-14;2;266;3;96;341;1;1;2346;347;105
2019-07-17;1;263;5;104;353;21;2;2253;338;111
2019-07-25;4;315;3;99;385;42;4;2546;327;117
2019-07-27;5;252;0;95;347;3;0;2401;333;113
2019-07-30;3;242;3;91;352;31;6;2236;362;100
2019-08-07;4;247;4;93;366;28;1;2461;318;108
2019-08-13;5;264;4;105;325;15;3;2434;357;113
2019-08-14;4;235;2;104;354;17;0;2387;339;105
2019-08-18;3;284;4;94;333;0;2;2390;341;102
2019-08-24;4;260;4;109;363;0;1;2402;374;89
2019-09-04;5;265;3;101;380;25;2;2394;362;103
2019-09-06;3;279;4;110;362;19;1;2311;330;103
2019-09-08;4;275;3;112;345;2;1;2377;325;92
2019-09-09;3;243;3;87;326;18;1;2452;317;101
2019-09-10;1;268;2;83;358;28;0;2187;311;90
2019-09-11;2;241;4;98;357;31;0;2419;333;111
2019-09-13;6;271;3;117;361;24;0;2511;353;120
2019-09-15;2;260;3;117;387;0;2;2304;343;116
2019-09-16;1;269;3;111;386;20;1;2524;322;125
2019-09-19;4;221;1;104;393;23;1;2430;344;111
2019-09-20;2;302;7;104;411;26;4;2544;346;113
2019-09-22;3;263;2;100;351;2;1;2186;316;110
2019-09-29;1;242;4;85;381;1;1;2226;311;98
2019-09-30;0;266;2;80;415;22;2;2632;383;126
2019-10-03;6;287;7;111;456;46;3;2456;332;117
2019-11-03;0;269;4;86;399;0;2;2233;327;99
2019-11-04;0;284;2;88;382;18;3;2526;374;125
2019-11-10;2;292;4;107;336;0;0;2265;295;101
2019-11-14;3;283;5;100;389;18;2;2316;319;115
2019-11-15;2;283;1;100;426;32;2;2488;382;103
2019-11-18;3;290;2;118;415;28;2;2785;412;108
2019-12-06;4;277;3;110;384;15;0;2621;349;132
2019-12-11;4;276;2;97;436;15;2;2536;339;149
2019-12-13;1;278;6;98;396;10;2;2672;382;134
2019-12-21;2;308;3;111;403;0;4;2611;361;94
2020-01-03;2;307;7;110;384;28;5;2656;375;126
2020-01-13;2;301;6;98;417;26;0;2671;381;130
2020-01-15;1;296;2;118;439;26;3;2693;372;148
2020-01-23;0;267;6;105;377;22;1;2611;360;115
2020-01-26;1;298;7;122;365;0;1;2496;382;108
2020-01-31;0;301;4;116;393;19;2;2588;380;132
2020-02-01;2;305;2;94;381;0;2;2456;376;121
2020-02-05;1;260;6;87;394;22;2;2462;369;119
2020-02-10;2;293;6;92;405;20;5;2623;390;114
2020-02-11;0;285;2;107;395;28;2;2540;375;98
2020-02-13;2;299;8;115;395;24;2;2512;354;122
2020-02-23;7;303;1;105;340;0;3;2488;367;112
2020-02-24;1;281;3;101;369;19;3;2445;348;130
2020-02-25;2;284;2;92;342;13;2;2204;328;111
2020-03-02;2;273;7;97;403;27;5;2514;348;101
2020-03-03;1;256;4;91;395;20;3;2336;348;90
2020-03-09;6;277;4;104;378;24;1;2494;392;133
2020-03-26;0;212;3;72;287;13;0;1680;232;66
2020-03-28;3;212;5;65;269;0;0;1632;233;85
2020-04-09;1;197;2;82;287;4;0;925;220;70
2020-04-16;0;173;3;64;279;3;0;891;222;78
2020-04-25;2;194;1;72;297;0;0;977;245;67
2020-04-27;1;148;6;64;303;13;0;980;257;87
2020-05-03;1;183;3;56;287;0;0;1758;236;63
2020-05-08;3;204;3;64;302;16;0;1866;256;92
2020-05-12;0;188;4;52;302;8;0;1791;230;100
2020-05-22;3;182;5;57;342;21;2;1948;257;83
2020-05-23;2;190;1;69;323;0;2;2052;278;85
2020-05-27;1;196;1;67;317;12;0;2219;259;98
2020-05-28;2;187;1;65;348;14;2;2119;276;90
2020-05-29;2;201;2;74;374;19;0;2232;319;109
2020-05-31;2;212;1;90;332;0;1;2051;270;89
2020-06-01;2;214;1;79;323;13;0;2208;253;121
2020-06-04;8;186;0;66;296;10;3;1891;201;93
2020-06-13;2;164;4;51;289;0;2;1838;189;99
2020-06-17;4;205;8;79;299;12;3;1922;254;108
2020-06-24;3;206;1;69;288;12;3;2063;225;124
2020-06-27;1;197;4;79;288;0;2;1921;240;88
2020-07-02;4;209;3;84;305;13;4;1934;214;101
2020-07-06;4;248;2;82;336;18;6;2390;279;89
2020-07-09;2;223;3;75;330;8;5;2157;242;95
2020-07-10;2;255;3;82;351;7;2;2278;242;96
2020-07-15;4;239;6;94;340;8;1;2322;256;102
2020-07-21;3;227;3;91;373;18;0;2502;286;111
2020-07-22;6;213;4;95;364;8;3;2419;286;111
2020-07-23;1;221;4;86;357;12;2;2331;303;125
2020-07-25;7;213;4;79;296;1;5;2270;254;104
2020-08-07;5;248;4;102;323;8;3;2294;252;115
2020-08-13;4;220;3;93;330;7;8;2215;253;110
2020-08-14;5;215;1;88;332;12;2;2246;237;106
2020-08-15;2;201;1;85;311;4;4;2264;217;89
2020-08-22;5;232;1;83;341;0;4;2252;239;107
2020-09-07;3;235;3;86;341;1;3;2354;300;99
2020-09-10;7;227;4;75;377;13;5;2357;304;114
2020-09-11;6;221;1;82;331;18;5;2427;279;111
2020-09-14;1;225;0;84;356;15;6;2564;266;111
2020-09-15;4;206;2;78;363;17;3;2249;228;106
2020-09-18;6;224;5;84;355;10;6;2264;264;90
2020-09-22;4;215;3;69;379;10;7;2214;254;129
2020-09-23;1;187;4;86;321;24;3;2228;278;88
2020-09-26;2;192;2;77;307;0;2;2028;265;88
2020-09-30;3;214;3;89;332;15;2;2174;269;105
2020-10-02;3;203;1;89;316;15;6;2185;238;124
2020-10-03;2;254;0;80;289;0;4;2140;254;105
2020-10-04;4;234;2;88;272;0;1;2182;222;88
2020-10-12;3;207;2;89;356;30;4;2352;269;95
2020-10-13;3;223;4;82;311;18;7;2189;256;101
2020-10-15;4;211;2;73;338;23;1;2121;270;111
2020-10-16;3;227;2;89;355;21;6;2356;250;121
2020-10-17;5;221;2;84;297;0;2;2166;253;114
2020-10-19;1;223;2;86;380;5;3;2277;248;101
2020-10-21;1;214;1;72;330;12;3;2379;284;114
2020-10-30;3;238;1;83;362;18;9;2522;283;111
2020-11-05;1;228;3;77;332;8;5;2129;245;104
2020-11-06;2;225;3;84;324;2;5;2226;267;129
2020-11-07;4;205;2;73;318;0;4;2067;228;98
2020-11-13;1;216;3;73;336;8;5;2458;268;108
2020-11-15;1;230;0;59;285;0;3;2149;216;102
2020-11-23;2;225;3;87;342;12;4;2504;292;125
2020-11-28;4;219;1;86;300;0;4;2126;244;101
2020-12-06;1;239;1;94;283;0;2;2189;211;118
2020-12-17;1;255;3;102;368;14;5;2503;274;136
2020-12-20;2;240;2;82;303;0;2;2165;211;114
2020-12-21;3;245;2;90;376;17;2;2611;270;136
2020-12-22;2;231;4;83;357;17;1;2392;260;140
2020-12-25;2;265;3;76;290;0;2;2271;210;101
2020-12-29;2;229;1;88;342;7;4;2412;242;105
2021-01-08;2;294;2;112;405;27;7;2783;347;134
2021-01-09;3;271;5;108;392;0;1;2563;273;95
2021-01-12;3;294;0;113;372;22;2;2865;316;150
2021-01-13;2;288;2;100;387;29;4;2895;321;169
2021-01-20;3;263;2;106;324;18;5;2509;254;121
2021-01-23;1;265;3;83;308;0;5;2234;235;121
2021-01-24;2;288;3;80;307;0;4;2311;248;121
2021-02-02;0;194;2;70;309;7;1;2024;215;115
2021-02-05;2;230;3;72;304;13;2;2018;184;131
2021-02-13;1;208;0;73;300;0;1;1839;158;75
2021-02-14;5;177;1;69;271;0;4;1786;182;77
2021-02-16;1;192;2;69;292;16;3;1845;177;85
2021-02-17;1;191;1;78;327;18;3;1874;202;80
2021-02-19;3;212;2;76;323;17;4;1948;207;98
2021-02-22;1;215;3;83;328;35;2;2024;203;85
2021-02-23;8;189;1;100;323;21;4;1882;176;69
2021-03-03;0;202;2;74;310;21;1;1840;196;69
2021-03-11;2;196;2;73;309;23;4;1909;185;72
2021-03-18;1;220;2;91;346;29;5;2031;203;78
2021-03-21;1;197;0;82;351;0;2;1852;187;70
2021-03-23;2;211;8;74;369;25;4;2000;194;84
2021-04-01;3;214;1;75;339;22;2;2076;199;101
2021-04-07;3;208;4;82;365;27;8;2126;225;109
2021-04-13;4;209;3;83;344;21;5;2069;218;77
2021-04-19;5;201;1;69;373;26;5;2164;210;95
2021-04-21;4;180;4;75;357;18;2;2105;202;84
2021-04-24;3;201;3;79;338;0;2;1986;185;79
2021-05-01;5;203;4;91;337;0;4;2115;238;98
2021-05-03;6;246;3;98;369;32;5;2533;264;120
2021-05-07;3;246;6;95;393;15;3;2520;242;135
2021-05-17;6;219;2;83;396;27;4;2668;242;120
2021-05-19;4;217;3;82;382;24;2;2456;231;136
2021-05-30;1;243;0;96;397;1;6;2355;239;100
2018-03-01;0;268;4;106;476;17;3;2496;506;141
2018-03-03;0;281;6;104;462;0;1;2219;457;105
2018-03-04;2;271;4;113;448;0;3;2268;445;106
2018-03-07;2;240;4;94;443;32;5;2214;440;148
2018-03-09;0;259;7;107;453;10;2;2456;455;145
2018-03-15;0;257;2;108;421;18;5;2209;399;128
2018-03-18;1;273;2;101;421;0;2;2158;430;111
2018-03-20;4;256;6;101;418;27;2;2063;396;116
2018-03-23;2;270;6;94;442;23;3;2193;421;149
2018-03-25;3;248;0;107;431;0;1;2172;406;105
2018-03-26;2;253;5;114;413;35;3;2268;464;137
2018-03-28;0;239;5;97;431;21;5;2110;404;117
2018-03-30;1;255;5;77;399;1;7;2070;390;89
2018-04-08;4;258;6;88;388;0;6;2118;385;85
2018-04-11;4;246;8;93;421;26;2;2247;428;120
2018-04-13;3;274;3;110;450;26;1;2327;421;129
2018-04-16;5;268;5;106;445;34;0;2406;494;146
2018-04-17;3;256;3;108;458;32;3;2377;424;138
2018-04-19;2;282;4;91;456;38;3;2382;453;130
2018-04-22;0;275;1;96;400;0;2;2198;376;114
2018-04-28;4;220;3;88;359;0;1;2013;349;72
2018-05-04;3;251;2;92;464;36;2;2275;377;140
2018-05-06;3;261;1;106;418;4;5;2237;379;92
2018-05-14;4;244;3;96;445;25;2;2238;401;143
2018-05-18;1;270;4;101;415;38;2;2254;411;139
2018-05-27;2;258;3;97;386;0;1;2003;354;99
2018-06-05;2;211;6;70;377;25;2;2062;396;110
2018-06-08;2;247;2;90;396;34;1;2213;390;145
2018-06-10;6;224;2;83;357;1;1;1961;320;98
2018-06-15;3;258;5;87;378;16;3;2266;418;118
2018-06-16;5;241;5;104;407;1;0;2161;393;101
2018-06-20;2;261;5;102;381;14;1;2322;421;123
2018-06-21;1;242;3;98;414;25;0;2229;435;135
2018-06-24;3;250;1;97;394;0;1;2384;411;112
2018-06-28;2;261;7;89;371;19;2;2133;390;148
2018-07-06;3;232;7;108;408;20;1;2211;402;111
2018-07-12;2;249;11;90;397;18;3;2320;410;105
2018-07-19;0;267;4;99;366;28;1;2129;347;100
2018-07-24;2;244;6;106;397;35;0;2196;368;118
2018-07-30;7;253;4;92;418;27;4;2327;416;125
2018-08-05;8;333;5;116;425;8;2;3081;553;152
2018-08-11;2;264;6;108;411;0;0;2478;420;116
2018-08-13;5;250;5;105;382;18;0;2381;425;121
2018-08-22;4;230;4;97;426;20;2;2433;395;124
2018-08-23;4;222;3;87;405;17;0;2347;417;123
2018-09-11;4;253;6;108;429;26;2;2396;393;123
2018-09-22;4;246;1;101;378;3;1;2367;374;138
2018-10-06;2;229;0;99;358;0;0;2208;372;89
2018-10-08;2;252;4;98;410;29;0;2414;400;127
2018-10-18;1;222;6;85;417;25;0;2257;344;135
2018-10-19;1;270;3;113;422;25;7;2401;431;122
2018-10-21;6;260;1;91;381;0;3;2207;331;90
2018-10-24;4;231;6;88;393;26;3;2383;335;135
2018-10-27;2;248;2;87;366;0;0;2092;325;90
2018-10-28;3;239;5;84;357;0;0;2056;346;89
2018-11-16;2;280;2;89;444;33;4;2415;435;163
2018-11-17;8;269;0;103;405;0;4;2159;362;109
2018-11-25;1;249;3;104;347;0;2;2102;349;96
2018-11-27;2;250;3;90;407;15;2;2221;375;131
2018-11-30;2;253;4;95;426;22;1;2442;379;141
2018-12-03;4;262;1;122;382;18;2;2407;405;119
2018-12-05;2;276;3;96;388;18;3;2209;395;141
2018-12-08;1;294;5;100;365;0;0;2187;376;124
2018-12-15;2;245;1;75;370;0;2;2304;402;120
2018-12-23;2;298;7;113;343;0;3;2560;381;108
2018-12-25;1;258;2;107;384;0;1;2400;382;97
2018-12-30;2;296;8;110;362;0;0;2355;344;97
2019-01-02;3;261;7;96;389;26;3;2674;446;156
2019-01-09;6;289;9;118;438;25;3;2660;426;160
2019-01-14;2;329;3;106;453;41;2;2884;481;142
2019-01-21;9;316;5;126;430;25;2;2903;448;126
2019-01-28;2;326;8;130;436;28;3;2746;460;129
2019-01-29;1;284;3;122;408;17;0;2555;395;131
2019-02-01;1;283;2;104;419;23;3;2397;420;125
2019-02-05;3;319;7;118;433;28;7;2673;437;130
2019-02-08;1;284;8;103;445;29;4;2664;404;134
2019-02-11;3;321;9;107;417;25;4;2847;472;149
2019-02-19;3;279;6;99;443;36;3;2531;422;122
2019-02-27;1;242;3;100;378;27;3;2422;371;144
2019-03-03;2;253;5;107;335;0;1;2313;359;100
2019-03-06;0;254;5;96;370;9;2;2193;372;126
2019-03-11;5;280;6;111;418;21;4;2459;403;133
2019-03-20;6;268;3;76;406;29;1;2242;358;140
2019-03-25;6;277;5;98;410;29;2;2548;412;130
2019-04-07;1;265;6;94;353;0;2;2220;309;100
2019-04-13;1;232;5;101;369;0;0;2156;358;108
2019-04-19;2;254;1;98;350;0;0;2085;337;102
2019-04-23;2;231;4;86;378;15;2;2156;318;111
2019-04-29;3;276;4;101;406;20;2;2429;388;106
2019-04-30;4;233;5;73;406;28;2;2239;334;101
2019-05-08;0;247;8;89;400;13;0;2204;342;111
2019-05-15;4;258;4;105;439;24;1;2456;392;121
2019-05-20;4;231;5;108;393;21;0;2386;404;115
2019-05-26;3;271;2;116;376;0;0;2234;347;96
2019-05-27;2;274;2;109;433;33;0;2517;379;118
2019-05-29;3;252;5;100;417;32;0;2444;386;114
2019-06-01;1;232;3;91;347;1;5;2375;377;137
2019-06-09;3;235;5;93;324;1;0;2118;323;113
2019-06-11;4;246;4;90;339;13;0;2317;325;116
2019-06-14;3;237;3;93;336;17;0;2193;331;109
2019-06-21;3;234;0;100;289;14;2;2403;349;145
2019-06-27;2;229;2;87;333;30;1;2391;345;132
2019-07-03;2;274;1;106;362;22;2;2336;323;112
2019-07-04;6;253;6;88;343;14;4;2287;326;133
2019-07-07;2;255;1;97;340;3;1;2282;299;91
2019-07-08;1;274;5;102;382;29;1;2488;360;126
2019-07-09;4;244;4;108;407;33;4;2428;345;112
2019-07-12;2;266;1;102;383;32;2;2533;372;102
2019-07-20;3;255;2;92;323;7;4;2360;313;109
2019-07-31;4;249;10;95;409;35;4;2357;361;109
2019-08-02;3;296;2;109;349;35;5;2459;373;111
2019-08-08;2;267;2;108;342;18;2;2441;354;135
2019-08-09;3;275;4;113;371;35;0;2454;339;105
2019-08-15;6;237;5;111;337;2;1;2339;358;96
2019-08-19;2;248;4;81;347;22;1;2314;347;113
2019-08-20;4;255;2;97;353;44;1;2461;358;110
2019-08-26;2;284;3;97;341;17;4;2537;359;118
2019-09-01;4;262;1;93;350;0;2;2342;305;92
2019-09-02;6;281;5;94;382;28;1;2495;373;128
2019-09-14;3;282;5;110;381;0;1;2400;371;93
2019-09-17;2;287;1;101;389;21;3;2356;351;105
2019-09-23;3;299;2;106;415;29;4;2533;358;125
2019-09-26;5;269;3;92;412;31;2;2480;327;127
2019-10-12;5;278;3;103;365;0;1;2437;324;104
2019-10-17;1;264;2;117;418;25;1;2398;357;137
2019-10-18;4;280;2;109;426;21;2;2559;390;130
2019-10-27;1;269;4;127;375;0;3;2366;326;106
2019-10-29;1;287;5;99;423;24;0;2618;368;132
2019-11-01;2;256;0;117;406;0;1;2352;340;140
2019-11-06;1;248;1;89;383;22;1;2412;326;142
2019-11-16;0;308;2;107;364;0;0;2529;360;108
2019-11-17;0;275;3;103;380;0;3;2402;336;97
2019-11-21;1;274;10;113;393;19;2;2541;392;120
2019-11-24;2;292;6;105;382;0;0;2435;355;103
2019-12-14;1;299;12;124;392;0;2;2544;382;135
2019-12-19;0;304;8;115;413;5;3;2511;334;117
2019-12-20;1;292;9;99;450;6;3;2523;379;121
2019-12-23;0;316;8;100;393;26;0;2665;412;101
2020-01-04;2;275;4;104;366;0;1;2395;367;106
2020-01-05;4;258;5;118;350;0;0;2355;338;92
2020-01-06;1;289;6;104;407;15;1;2653;428;129
2020-01-09;2;310;6;111;419;28;0;2736;383;122
2020-01-12;5;318;1;112;431;0;0;2570;391;105
2020-01-18;2;292;7;108;388;0;1;2571;396;126
2020-01-20;5;332;7;120;406;29;1;2693;403;128
2020-01-29;2;277;4;101;401;19;1;2646;381;136
2020-02-02;2;282;1;105;376;0;0;2598;420;116
2020-02-04;2;270;4;129;412;28;1;2571;380;108
2020-02-07;4;298;6;95;394;19;1;2584;359;115
2020-02-15;1;267;1;117;356;0;2;2362;350;120
2020-02-18;7;259;4;100;407;34;1;2429;324;126
2020-02-22;3;317;4;114;360;0;5;2486;346;121
2020-03-12;2;233;5;82;366;15;2;2298;320;103
2020-03-14;1;231;1;96;291;0;0;2046;293;86
2020-03-16;2;240;3;76;326;13;0;1999;269;108
2020-03-20;2;259;4;104;276;8;0;1760;236;89
2020-03-25;4;200;1;52;275;5;0;1708;264;93
2020-03-29;1;189;1;72;265;0;0;1572;238;72
2020-03-30;2;226;3;59;301;5;0;1722;228;88
2020-04-06;0;216;4;64;315;4;0;1015;228;83
2020-04-07;2;184;3;70;292;9;0;981;237;74
2020-04-15;0;179;2;54;290;3;0;898;206;90
2020-04-19;2;173;1;54;282;0;0;972;202;62
2020-04-20;1;180;1;56;274;6;0;897;262;70
2020-04-23;1;175;6;58;301;7;0;984;238;69
2020-04-24;2;171;1;63;329;13;0;981;238;87
2020-04-26;1;147;3;50;265;0;0;930;200;57
2020-04-28;3;176;2;69;306;12;0;966;228;85
2020-05-10;2;156;1;51;273;0;0;1545;209;60
2020-05-17;1;180;3;72;299;0;0;1826;236;92
2020-05-20;2;177;5;62;325;23;0;1809;256;100
2020-05-24;2;220;4;74;323;0;0;1925;252;96
2020-06-05;3;155;2;51;275;10;2;1971;257;118
2020-06-10;2;166;3;68;281;0;2;1832;195;93
2020-06-23;4;205;2;78;315;16;2;2065;260;112
2020-07-07;5;211;1;75;312;15;2;2237;250;101
2020-07-11;2;222;1;75;324;2;4;2326;250;107
2020-07-12;3;236;5;99;333;1;6;2127;226;85
2020-07-17;4;277;2;81;371;3;2;2626;288;109
2020-07-29;3;194;1;83;343;9;2;2404;250;97
2020-07-31;2;198;2;81;341;24;6;2290;259;117
2020-08-04;0;220;1;101;308;11;4;2320;277;102
2020-08-27;4;211;4;95;349;6;3;2414;253;98
2020-08-31;2;192;5;87;335;7;6;2248;290;111
2020-09-09;3;202;3;75;368;18;3;2340;268;102
2020-09-24;2;213;4;78;330;13;1;2141;237;113
2020-09-25;3;208;3;82;338;12;5;2242;251;107
2020-09-28;3;228;4;91;355;14;2;2320;268;97
2020-09-29;4;228;1;82;358;20;3;2255;262;101
2020-10-07;3;216;7;92;331;21;3;2281;266;129
2020-10-09;2;216;3;68;336;20;8;2291;252;119
2020-10-14;6;206;3;64;332;18;4;2160;237;126
2020-10-20;2;215;2;86;348;11;2;2296;256;103
2020-10-24;1;197;3;85;256;0;4;1979;254;100
2020-10-25;1;221;3;71;274;0;4;1984;236;96
2020-11-02;2;240;3;96;332;11;3;2500;308;120
2020-11-09;4;241;1;96;330;5;4;2529;284;129
2020-11-10;2;237;3;84;351;13;3;2302;259;145
2020-11-12;4;228;3;94;325;13;7;2404;257;128
2020-11-17;1;222;0;79;348;8;2;2286;237;118
2020-11-18;4;206;4;75;327;14;6;2410;253;113
2020-11-21;2;213;3;77;307;0;5;2076;225;88
2020-11-24;2;204;5;89;300;9;1;2235;232;106
2020-11-30;9;226;0;86;334;4;1;2232;248;102
2020-12-01;2;209;3;74;269;0;2;2115;249;104
2020-12-02;0;241;0;94;299;12;4;2562;286;128
2020-12-09;2;202;4;87;338;10;3;2657;287;152
2020-12-12;1;219;3;105;334;0;1;2384;245;107
2020-12-14;1;260;1;98;334;11;2;2540;285;140
2020-12-18;1;247;4;83;357;9;4;2391;245;130
2020-12-26;1;230;2;88;325;0;2;2383;272;103
2020-12-30;0;238;1;98;349;26;7;2335;271;134
2021-01-03;5;257;2;115;349;0;8;2512;242;104
2021-01-10;3;270;1;104;346;0;5;2595;280;105
2021-01-11;5;295;2;125;422;38;3;3055;337;138
2021-01-28;0;227;2;89;328;13;6;2200;245;73
2021-01-31;1;198;5;76;283;0;3;1903;220;109
2021-02-09;0;204;1;63;297;11;2;1927;206;105
2021-02-10;2;181;2;80;308;15;0;2000;198;100
2021-02-11;1;213;4;77;319;12;1;2020;177;83
2021-02-20;1;203;1;63;283;0;0;1686;172;89
2021-02-25;2;195;4;79;312;16;3;1881;188;89
2021-03-01;3;204;4;61;313;25;2;1966;192;85
2021-03-04;3;169;3;79;326;14;2;1761;165;79
2021-03-07;3;202;0;73;308;0;8;1756;193;76
2021-03-09;6;220;2;80;330;38;5;1946;201;86
2021-03-13;1;191;1;75;325;0;3;1777;200;84
2021-03-14;2;202;4;73;305;0;5;1852;189;94
2021-03-19;3;206;2;79;363;22;10;2054;197;83
2021-03-20;2;198;3;61;352;0;3;1853;180;70
2021-03-24;2;181;2;68;350;25;2;2031;188;81
2021-03-27;3;211;1;81;364;0;3;1981;208;70
2021-03-28;3;183;1;72;340;0;5;1896;216;92
2021-03-29;2;219;1;85;358;32;10;2206;200;112
2021-03-31;2;223;4;96;370;29;4;2231;228;82
2021-04-05;9;223;0;94;363;14;10;2209;226;103
2021-04-06;4;224;1;85;354;23;4;2130;238;87
2021-04-12;10;217;2;94;362;20;7;2205;222;90
2021-04-14;3;222;2;74;385;17;0;2118;240;93
2021-04-20;4;214;1;84;378;14;4;2158;219;98
2021-04-22;3;222;7;69;396;35;2;2345;227;106
2021-04-30;2;216;2;95;386;44;7;2367;234;92
2021-05-02;2;231;2;92;345;0;8;2073;178;73
2021-05-16;4;223;2;93;375;0;6;2268;204;96
2021-05-24;1;226;2;95;403;23;2;2463;235;114
2021-05-28;4;258;3;85;357;25;4;2568;253;135
2021-06-01;3;204;3;76;317;20;4;2456;238;111
2018-03-05;3;276;6;104;459;30;1;2495;505;131
2018-03-10;0;255;1;110;443;0;5;2170;405;95
2018-03-11;1;270;1;96;390;0;3;2016;418;108
2018-03-13;3;303;2;105;445;26;2;2289;397;120
2018-03-31;3;262;6;100;399;0;2;2181;441;93
2018-04-07;1;263;7;85;411;0;2;2105;381;98
2018-04-25;1;260;3;100;409;0;1;2131;394;101
2018-04-30;3;245;6;100;392;18;1;2245;400;122
2018-05-02;2;255;5;82;448;20;5;2166;384;141
2018-05-07;2;256;4;93;464;31;0;2438;436;147
2018-05-11;4;242;4;109;432;31;2;2263;400;145
2018-05-13;4;232;4;90;385;5;0;2012;392;101
2018-05-15;5;231;3;89;422;32;2;2111;409;138
2018-05-19;2;248;2;97;388;0;3;2194;417;92
2018-05-24;2;240;5;100;408;7;4;2119;438;142
2018-06-11;4;266;1;104;392;29;2;2266;407;119
2018-06-14;2;274;4;112;403;34;2;2206;407;127
2018-06-23;2;260;1;98;388;2;2;2357;422;116
2018-06-29;3;227;2;97;371;25;3;2127;383;126
2018-07-01;3;247;0;87;376;0;2;2126;361;108
2018-07-04;0;238;3;82;371;19;1;2007;388;115
2018-07-11;1;272;5;89;415;30;1;2238;398;127
2018-07-26;1;243;2;72;387;27;0;2108;421;130
2018-07-29;3;235;1;106;348;4;2;2253;387;94
2018-08-03;5;262;3;125;431;20;3;2834;495;151
2018-08-07;3;237;4;108;415;29;1;2632;458;111
2018-08-15;5;241;4;88;342;2;2;2299;380;84
2018-08-16;2;217;5;90;351;18;1;2112;352;86
2018-08-24;4;236;3;91;397;25;0;2314;393;111
2018-08-27;8;285;5;101;412;36;6;2413;423;101
2018-08-31;2;258;4;101;435;17;1;2334;394;123
2018-09-04;2;229;3;77;347;24;0;2231;335;102
2018-09-05;5;225;2;95;391;21;3;2214;356;124
2018-09-07;2;233;1;88;385;23;0;2276;375;104
2018-09-08;4;245;3;123;354;0;1;2293;329;106
2018-09-09;3;247;4;106;380;1;5;2222;375;93
2018-09-19;3;244;9;93;414;30;0;2184;359;168
2018-09-20;4;257;2;82;410;31;1;2293;381;137
2018-09-21;4;239;1;93;407;35;1;2392;391;154
2018-09-25;2;255;2;100;452;32;3;2459;426;137
2018-09-27;2;233;2;90;440;28;1;2441;424;145
2018-09-28;4;242;4;90;456;17;1;2462;410;137
2018-10-03;1;208;5;95;390;40;1;2163;354;127
2018-10-17;4;269;5;91;423;23;1;2248;364;111
2018-10-20;4;268;1;87;389;0;0;2290;358;108
2018-10-26;2;240;10;89;375;16;2;2216;328;130
2018-10-31;3;232;2;95;406;8;2;2196;353;113
2018-11-05;1;263;3;97;402;19;1;2300;341;131
2018-11-07;4;289;6;96;436;16;1;2335;362;150
2018-11-13;5;237;4;76;366;28;0;2184;352;125
2018-11-18;2;258;0;95;350;0;2;2084;346;101
2018-11-19;3;290;5;89;449;26;4;2481;418;132
2018-11-22;1;243;0;98;379;10;2;2162;340;121
2018-11-26;2;254;2;97;429;29;0;2349;377;143
2018-12-09;5;271;3;89;364;0;1;2321;370;110
2018-12-13;2;255;2;78;393;23;1;2231;388;129
2018-12-19;1;255;5;76;389;17;4;2400;389;131
2018-12-31;2;284;5;113;390;15;1;2372;363;109
2019-01-06;2;317;5;118;395;0;2;2524;431;96
2019-01-12;1;328;7;103;387;0;4;2544;407;125
2019-01-23;1;291;8;106;430;26;5;2517;423;135
2019-01-27;2;329;4;105;412;0;3;2530;425;100
2019-02-02;2;321;3;94;389;0;1;2484;378;98
2019-02-03;4;280;3;115;391;0;3;2572;382;91
2019-02-07;3;279;9;95;416;25;2;2585;412;133
2019-02-13;7;252;4;103;408;15;1;2554;414;119
2019-02-21;4;263;5;106;395;22;0;2458;363;108
2019-02-23;1;280;3;107;377;0;4;2424;422;117
2019-02-24;1;268;3;114;364;0;2;2319;343;123
2019-02-26;1;278;4;99;404;24;1;2405;414;142
2019-03-01;5;244;6;98;390;32;3;2369;383;141
2019-03-04;1;268;3;101;358;28;1;2263;351;130
2019-03-10;2;245;1;108;374;0;5;2278;340;105
2019-03-21;3;247;3;103;404;26;0;2395;368;117
2019-03-22;5;252;1;79;418;31;0;2350;355;122
2019-03-23;5;242;5;96;420;0;2;2154;316;131
2019-03-26;3;236;1;99;393;33;5;2278;393;120
2019-03-27;5;246;4;75;400;31;3;2411;389;124
2019-03-31;1;237;1;107;411;0;1;2243;356;89
2019-04-03;6;259;9;104;411;29;2;2293;347;111
2019-04-06;1;239;1;97;365;0;3;2077;329;95
2019-04-18;2;253;2;76;401;14;0;2133;357;125
2019-04-21;4;253;5;97;309;0;1;2182;370;86
2019-04-22;4;270;3;101;369;10;0;2180;369;132
2019-04-28;4;242;4;89;396;0;3;2220;339;101
2019-05-05;1;269;1;100;359;2;2;2310;389;108
2019-05-14;6;277;6;94;438;24;1;2448;410;113
2019-06-06;4;243;3;104;345;15;3;2275;325;121
2019-06-10;5;253;3;105;317;3;0;2117;348;106
2019-06-12;4;227;4;82;383;18;1;2231;306;103
2019-06-15;4;224;3;91;310;1;0;2259;333;114
2019-06-16;3;252;4;79;325;0;1;2238;316;100
2019-06-17;4;245;8;76;342;32;2;2394;321;117
2019-06-24;2;238;1;93;321;13;1;2271;371;125
2019-06-25;2;241;2;94;343;13;1;2239;336;114
2019-07-15;1;299;4;95;373;28;1;2486;339;115
2019-07-21;4;268;0;98;318;2;2;2442;343;125
2019-07-23;5;279;3;91;401;32;3;2361;348;119
2019-07-26;4;250;4;107;385;31;1;2341;334;109
2019-07-28;4;266;2;101;369;4;0;2362;292;98
2019-08-03;1;288;1;107;313;1;2;2476;353;108
2019-08-23;4;280;5;103;371;27;3;2426;389;122
2019-08-28;3;266;5;104;386;33;2;2337;338;124
2019-08-31;3;256;2;110;388;3;0;2280;275;100
2019-09-05;5;291;2;98;398;33;2;2343;334;121
2019-09-12;3;252;5;108;378;41;1;2440;367;104
2019-09-24;1;225;2;82;404;21;0;2384;325;125
2019-09-25;3;255;3;88;403;30;4;2478;342;101
2019-10-08;0;269;0;114;430;37;2;2623;355;122
2019-10-09;2;271;4;86;406;34;1;2543;317;107
2019-10-10;1;317;1;89;430;25;5;2626;376;130
2019-10-11;4;274;0;94;419;25;4;2479;335;104
2019-10-14;1;276;2;100;402;20;0;2361;335;137
2019-10-21;3;269;2;96;447;25;2;2590;390;131
2019-10-22;2;260;1;97;413;31;1;2517;363;115
2019-10-31;1;253;4;97;414;22;3;2522;384;128
2019-11-02;2;263;0;120;378;0;2;2442;319;105
2019-11-05;2;252;4;111;394;21;1;2413;343;111
2019-11-07;3;273;1;85;386;34;2;2322;318;136
2019-11-12;0;255;4;85;404;27;3;2411;311;124
2019-11-20;3;253;8;112;377;18;2;2510;386;134
2019-11-22;0;295;2;90;409;0;1;2560;366;139
2019-11-25;2;287;6;95;375;14;0;2727;411;130
2019-11-27;2;257;7;81;357;25;2;2432;353;114
2019-11-28;1;279;11;110;388;18;1;2586;381;113
2019-12-01;3;281;3;103;364;0;0;2269;303;101
2019-12-02;2;280;2;82;384;0;4;2269;354;113
2019-12-03;5;274;8;91;374;14;5;2524;342;125
2019-12-08;1;267;1;107;372;0;2;2489;350;112
2019-12-16;0;302;4;110;424;19;3;2742;382;117
2019-12-25;1;302;6;93;323;0;1;2442;324;106
2019-12-28;2;285;4;120;363;0;1;2395;372;104
2019-12-30;4;294;1;81;386;16;0;2476;361;114
2020-01-01;4;351;3;118;452;8;1;2892;406;155
2020-01-16;2;287;2;116;404;22;1;2632;378;122
2020-01-19;2;307;3;108;381;0;1;2544;369;121
2020-01-22;5;296;4;104;426;19;2;2548;379;134
2020-01-25;2;330;8;122;389;0;1;2472;386;122
2020-01-28;0;300;6;132;393;26;2;2681;378;115
2020-01-30;1;294;9;106;402;23;0;2639;387;136
2020-02-17;4;278;4;122;382;25;1;2682;372;126
2020-02-21;4;317;6;112;407;25;2;2647;392;120
2020-03-05;2;242;8;105;379;29;0;2428;325;118
2020-03-08;6;241;3;97;316;0;1;2173;318;103
2020-03-17;5;222;2;68;337;8;0;1908;319;99
2020-03-18;3;230;7;96;321;11;2;2129;309;106
2020-03-22;1;214;7;66;268;0;0;1689;211;78
2020-03-23;4;250;5;76;292;8;0;1890;274;70
2020-03-31;1;199;2;67;265;5;0;1619;225;74
2020-04-04;1;210;0;66;286;0;0;956;222;75
2020-04-12;2;187;3;60;278;0;0;905;213;60
2020-04-14;1;178;3;63;293;1;0;953;234;80
2020-04-21;2;183;2;58;286;13;0;956;226;80
2020-05-01;0;155;3;52;287;0;0;1639;211;90
2020-05-05;2;161;1;68;299;21;0;1777;221;72
2020-05-07;3;178;5;75;307;19;0;1877;250;89
2020-05-21;3;172;7;49;297;21;0;1888;232;89
2020-05-26;3;202;5;72;345;18;1;2073;287;101
2020-06-07;5;176;2;61;254;0;4;1753;191;100
2020-06-12;0;178;3;61;296;13;0;1897;266;86
2020-06-18;1;194;3;54;269;24;2;1901;215;107
2020-06-30;4;210;3;70;313;16;2;2066;264;104
2020-07-16;4;238;2;86;344;22;2;2526;300;113
2020-07-26;4;235;5;80;304;2;4;2210;224;109
2020-08-01;7;219;4;91;316;0;1;2264;246;94
2020-08-03;2;200;3;84;336;10;2;2332;263;107
2020-08-08;2;265;1;101;323;4;4;2333;244;106
2020-08-11;5;187;2;88;315;13;0;2129;228;86
2020-08-12;3;230;4;87;308;7;5;2200;247;104
2020-08-16;8;220;1;81;292;1;4;2129;242;87
2020-08-19;2;225;2;100;317;6;3;2290;247;101
2020-08-23;3;216;1;87;321;2;3;2207;230;74
2020-09-20;2;213;2;78;309;0;7;2141;217;105
2020-10-01;5;212;1;77;302;9;3;2162;212;112
2020-10-10;3;221;2;91;334;0;6;2280;260;103
2020-10-18;3;225;1;83;297;0;2;2232;237;95
2020-10-22;2;237;2;86;342;22;3;2346;255;107
2020-10-26;1;237;2;93;347;25;2;2435;289;102
2020-11-01;1;222;2;85;285;0;3;2084;230;103
2020-11-19;0;229;4;96;322;10;3;2503;268;126
2020-11-25;0;231;1;68;319;1;4;2088;220;123
2020-11-26;0;210;2;69;326;7;2;2271;238;112
2020-12-03;3;247;2;93;313;8;1;2478;282;137
2020-12-05;2;241;5;78;286;0;3;2295;249;117
2020-12-11;2;243;2;89;317;8;4;2609;278;133
2020-12-13;0;228;2;86;300;0;1;2232;256;116
2020-12-23;1;213;3;85;310;15;6;2304;227;106
2020-12-24;4;242;3;85;313;4;2;2253;243;110
2020-12-27;2;239;1;90;299;0;3;2181;216;103
2020-12-28;1;231;3;76;352;6;4;2559;265;127
2020-12-31;2;245;0;106;354;10;2;2487;224;108
2021-01-02;2;260;1;104;332;0;6;2679;310;93
2021-01-16;4;305;6;106;352;0;6;2592;262;130
2021-01-18;4;279;3;118;364;27;4;2681;295;147
2021-01-19;3;232;3;92;334;8;3;2433;226;128
2021-01-26;0;242;3;78;333;1;5;2398;259;110
2021-01-27;2;243;11;90;358;19;2;2410;238;108
2021-02-06;1;191;1;73;291;0;2;1882;182;101
2021-02-07;1;201;0;72;285;0;1;1792;164;77
2021-02-12;0;192;5;94;333;23;4;1978;211;82
2021-02-21;3;209;1;73;282;0;3;1716;172;61
2021-03-25;3;192;2;67;355;21;1;1963;206;75
2021-03-26;5;225;3;91;337;29;5;2003;203;74
2021-04-02;7;207;1;70;338;0;7;1823;196;80
2021-04-08;3;198;1;77;363;40;3;1974;233;93
2021-04-11;3;189;4;94;332;0;6;1905;213;86
2021-04-15;4;225;0;100;360;16;5;2201;219;96
2021-04-16;1;245;1;82;382;19;6;2245;251;104
2021-04-17;4;204;2;66;354;0;4;2001;208;100
2021-04-18;1;199;1;82;324;0;3;1898;193;83
2021-04-28;4;180;6;69;359;23;3;2135;230;72
2021-04-29;4;204;2;83;377;32;3;2189;230;99
2021-05-06;2;242;0;98;398;28;6;2508;252;111
2021-05-09;1;192;2;70;321;0;4;2057;233;114
2021-05-10;5;208;2;72;411;27;3;2400;223;100
2021-05-13;1;216;5;83;377;25;2;2172;240;130
2021-05-20;3;233;1;89;346;20;2;2515;233;140
2021-05-21;4;229;1;80;360;31;4;2501;250;125
2021-05-23;3;221;1;87;343;0;9;2166;197;85
2021-05-27;0;242;4;93;391;40;3;2472;251;128
2021-06-03;3;201;3;85;309;0;2;2082;209;89
