,confirmados_novos,recuperados,RES,total_testes,testes_pcr,new_cases_Japan,new_deaths_Japan,new_cases_per_million_Japan,new_deaths_per_million_Japan,new_tests_Japan,new_tests_per_thousand_Japan,new_cases_Mexico,new_cases_per_million_Mexico,new_tests_Mexico,new_tests_per_thousand_Mexico,new_cases_Monaco,new_cases_per_million_Monaco,new_cases_Russia,new_cases_per_million_Russia,positive_rate_Slovenia,new_cases_Spain,new_cases_per_million_Spain,new_cases_United Arab Emirates,new_cases_per_million_United Arab Emirates,positive_rate_United Arab Emirates,new_cases_United Kingdom,new_cases_per_million_United Kingdom,new_cases_United States,new_deaths_United States,new_cases_per_million_United States
2020-01-01,0.0,0.0,0.0,0.0,0.0,0.0,0.0,0.0,0.0,0.0,0.0,0.0,0.0,26.0,0.0,0.0,0.0,0.0,0.0,0.0,0.0,0.0,0.0,0.0,0.0,0.0,0.0,0.0,0.0,0.0
2020-01-02,0.0,0.0,375.0,0.0,0.0,0.0,0.0,0.0,0.0,0.0,0.0,0.0,0.0,72.0,0.001,0.0,0.0,0.0,0.0,0.0,0.0,0.0,0.0,0.0,0.0,0.0,0.0,0.0,0.0,0.0
2020-01-03,0.0,0.0,375.0,0.0,0.0,0.0,0.0,0.0,0.0,0.0,0.0,0.0,0.0,89.0,0.001,0.0,0.0,0.0,0.0,0.0,0.0,0.0,0.0,0.0,0.0,0.0,0.0,0.0,0.0,0.0
2020-01-04,0.0,0.0,367.0,0.0,0.0,0.0,0.0,0.0,0.0,0.0,0.0,0.0,0.0,45.0,0.0,0.0,0.0,0.0,0.0,0.0,0.0,0.0,0.0,0.0,0.0,0.0,0.0,0.0,0.0,0.0
2020-01-05,0.0,0.0,338.0,0.0,0.0,0.0,0.0,0.0,0.0,0.0,0.0,0.0,0.0,81.0,0.001,0.0,0.0,0.0,0.0,0.0,0.0,0.0,0.0,0.0,0.0,0.0,0.0,0.0,0.0,0.0
2020-01-06,0.0,0.0,428.0,0.0,0.0,0.0,0.0,0.0,0.0,0.0,0.0,0.0,0.0,166.0,0.001,0.0,0.0,0.0,0.0,0.0,0.0,0.0,0.0,0.0,0.0,0.0,0.0,0.0,0.0,0.0
2020-01-07,0.0,0.0,412.0,0.0,0.0,0.0,0.0,0.0,0.0,0.0,0.0,0.0,0.0,186.0,0.001,0.0,0.0,0.0,0.0,0.0,0.0,0.0,0.0,0.0,0.0,0.0,0.0,0.0,0.0,0.0
2020-01-08,0.0,0.0,386.0,0.0,0.0,0.0,0.0,0.0,0.0,0.0,0.0,0.0,0.0,171.0,0.001,0.0,0.0,0.0,0.0,0.0,0.0,0.0,0.0,0.0,0.0,0.0,0.0,0.0,0.0,0.0
2020-01-09,0.0,0.0,383.0,0.0,0.0,0.0,0.0,0.0,0.0,0.0,0.0,0.0,0.0,190.0,0.001,0.0,0.0,0.0,0.0,0.0,0.0,0.0,0.0,0.0,0.0,0.0,0.0,0.0,0.0,0.0
2020-01-10,0.0,0.0,401.0,0.0,0.0,0.0,0.0,0.0,0.0,0.0,0.0,0.0,0.0,151.0,0.001,0.0,0.0,0.0,0.0,0.0,0.0,0.0,0.0,0.0,0.0,0.0,0.0,0.0,0.0,0.0
2020-01-11,0.0,0.0,390.0,0.0,0.0,0.0,0.0,0.0,0.0,0.0,0.0,0.0,0.0,45.0,0.0,0.0,0.0,0.0,0.0,0.0,0.0,0.0,0.0,0.0,0.0,0.0,0.0,0.0,0.0,0.0
2020-01-12,0.0,0.0,391.0,0.0,0.0,0.0,0.0,0.0,0.0,0.0,0.0,0.0,0.0,129.0,0.001,0.0,0.0,0.0,0.0,0.0,0.0,0.0,0.0,0.0,0.0,0.0,0.0,0.0,0.0,0.0
2020-01-13,0.0,0.0,381.0,0.0,0.0,0.0,0.0,0.0,0.0,0.0,0.0,0.0,0.0,225.0,0.002,0.0,0.0,0.0,0.0,0.0,0.0,0.0,0.0,0.0,0.0,0.0,0.0,0.0,0.0,0.0
2020-01-14,0.0,0.0,400.0,0.0,0.0,0.0,0.0,0.0,0.0,0.0,0.0,0.0,0.0,242.0,0.002,0.0,0.0,0.0,0.0,0.0,0.0,0.0,0.0,0.0,0.0,0.0,0.0,0.0,0.0,0.0
2020-01-15,0.0,0.0,372.0,0.0,0.0,0.0,0.0,0.0,0.0,0.0,0.0,0.0,0.0,266.0,0.002,0.0,0.0,0.0,0.0,0.0,0.0,0.0,0.0,0.0,0.0,0.0,0.0,0.0,0.0,0.0
2020-01-16,0.0,0.0,378.0,0.0,0.0,0.0,0.0,0.0,0.0,0.0,0.0,0.0,0.0,230.0,0.002,0.0,0.0,0.0,0.0,0.0,0.0,0.0,0.0,0.0,0.0,0.0,0.0,0.0,0.0,0.0
2020-01-17,0.0,0.0,396.0,0.0,0.0,0.0,0.0,0.0,0.0,0.0,0.0,0.0,0.0,186.0,0.001,0.0,0.0,0.0,0.0,0.0,0.0,0.0,0.0,0.0,0.0,0.0,0.0,0.0,0.0,0.0
2020-01-18,0.0,0.0,396.0,0.0,0.0,0.0,0.0,0.0,0.0,0.0,0.0,0.0,0.0,69.0,0.001,0.0,0.0,0.0,0.0,0.0,0.0,0.0,0.0,0.0,0.0,0.0,0.0,0.0,0.0,0.0
2020-01-19,0.0,0.0,369.0,0.0,0.0,0.0,0.0,0.0,0.0,0.0,0.0,0.0,0.0,122.0,0.001,0.0,0.0,0.0,0.0,0.0,0.0,0.0,0.0,0.0,0.0,0.0,0.0,0.0,0.0,0.0
2020-01-20,0.0,0.0,403.0,0.0,0.0,0.0,0.0,0.0,0.0,0.0,0.0,0.0,0.0,294.0,0.002,0.0,0.0,0.0,0.0,0.0,0.0,0.0,0.0,0.0,0.0,0.0,0.0,0.0,0.0,0.0
2020-01-21,0.0,0.0,382.0,0.0,0.0,0.0,0.0,0.0,0.0,0.0,0.0,0.0,0.0,275.0,0.002,0.0,0.0,0.0,0.0,0.0,0.0,0.0,0.0,0.0,0.0,0.0,0.0,0.0,0.0,0.0
2020-01-22,0.0,0.0,379.0,0.0,0.0,0.0,0.0,0.0,0.0,0.0,0.0,0.0,0.0,292.0,0.002,0.0,0.0,0.0,0.0,0.0,0.0,0.0,0.0,0.0,0.0,0.0,0.0,0.0,0.0,0.0
2020-01-23,0.0,0.0,360.0,0.0,0.0,0.0,0.0,0.0,0.0,0.0,0.0,0.0,0.0,265.0,0.002,0.0,0.0,0.0,0.0,0.0,0.0,0.0,0.0,0.0,0.0,0.0,0.0,0.0,0.0,0.0
2020-01-24,0.0,0.0,406.0,0.0,0.0,0.0,0.0,0.0,0.0,0.0,0.0,0.0,0.0,210.0,0.002,0.0,0.0,0.0,0.0,0.0,0.0,0.0,0.0,0.0,0.0,0.0,0.0,1.0,0.0,0.003
2020-01-25,0.0,0.0,386.0,0.0,0.0,0.0,0.0,0.0,0.0,0.0,0.0,0.0,0.0,106.0,0.001,0.0,0.0,0.0,0.0,0.0,0.0,0.0,0.0,0.0,0.0,0.0,0.0,0.0,0.0,0.0
2020-01-26,0.0,0.0,382.0,0.0,0.0,2.0,0.0,0.016,0.0,0.0,0.0,0.0,0.0,159.0,0.001,0.0,0.0,0.0,0.0,0.0,0.0,0.0,0.0,0.0,0.0,0.0,0.0,3.0,0.0,0.009
2020-01-27,0.0,0.0,372.0,0.0,0.0,0.0,0.0,0.0,0.0,0.0,0.0,0.0,0.0,279.0,0.002,0.0,0.0,0.0,0.0,0.0,0.0,0.0,0.0,0.0,0.0,0.0,0.0,0.0,0.0,0.0
2020-01-28,0.0,0.0,378.0,0.0,0.0,3.0,0.0,0.024,0.0,0.0,0.0,0.0,0.0,246.0,0.002,0.0,0.0,0.0,0.0,0.0,0.0,0.0,0.0,0.0,0.0,0.0,0.0,0.0,0.0,0.0
2020-01-29,0.0,0.0,381.0,0.0,0.0,0.0,0.0,0.0,0.0,0.0,0.0,0.0,0.0,210.0,0.002,0.0,0.0,0.0,0.0,0.0,0.0,0.0,4.0,0.404,0.0,0.0,0.0,1.0,0.0,0.003
2020-01-30,0.0,0.0,387.0,0.0,0.0,4.0,0.0,0.032,0.0,0.0,0.0,0.0,0.0,232.0,0.002,0.0,0.0,0.0,0.0,0.0,0.0,0.0,0.0,0.0,0.0,0.0,0.0,0.0,0.0,0.0
2020-01-31,0.0,0.0,380.0,0.0,0.0,4.0,0.0,0.032,0.0,0.0,0.0,0.0,0.0,152.0,0.001,0.0,0.0,2.0,0.014,0.0,0.0,0.0,0.0,0.0,0.0,2.0,0.029,2.0,0.0,0.006
2020-02-01,0.0,0.0,376.0,0.0,0.0,5.0,0.0,0.04,0.0,0.0,0.0,0.0,0.0,66.0,0.001,0.0,0.0,0.0,0.0,0.0,1.0,0.021,0.0,0.0,0.0,0.0,0.0,0.0,0.0,0.0
2020-02-02,0.0,0.0,420.0,0.0,0.0,0.0,0.0,0.0,0.0,0.0,0.0,0.0,0.0,103.0,0.001,0.0,0.0,0.0,0.0,0.0,0.0,0.0,1.0,0.101,0.0,0.0,0.0,0.0,0.0,0.0
2020-02-03,0.0,0.0,465.0,0.0,0.0,0.0,0.0,0.0,0.0,0.0,0.0,0.0,0.0,141.0,0.001,0.0,0.0,0.0,0.0,0.0,0.0,0.0,0.0,0.0,0.0,6.0,0.088,3.0,0.0,0.009
2020-02-04,0.0,0.0,380.0,0.0,0.0,2.0,0.0,0.016,0.0,0.0,0.0,0.0,0.0,255.0,0.002,0.0,0.0,0.0,0.0,0.0,0.0,0.0,0.0,0.0,0.0,0.0,0.0,0.0,0.0,0.0
2020-02-05,0.0,0.0,369.0,0.0,0.0,1.0,0.0,0.008,0.0,4.0,0.0,0.0,0.0,234.0,0.002,0.0,0.0,0.0,0.0,0.0,0.0,0.0,0.0,0.0,0.002,1.0,0.015,0.0,0.0,0.0
2020-02-06,0.0,0.0,344.0,0.0,0.0,0.0,0.0,0.0,0.0,19.0,0.0,0.0,0.0,231.0,0.002,0.0,0.0,0.0,0.0,0.0,0.0,0.0,0.0,0.0,0.002,0.0,0.0,1.0,0.0,0.003
2020-02-07,0.0,0.0,359.0,0.0,0.0,0.0,0.0,0.0,0.0,9.0,0.0,0.0,0.0,173.0,0.001,0.0,0.0,0.0,0.0,0.0,0.0,0.0,0.0,0.0,0.002,0.0,0.0,0.0,0.0,0.0
2020-02-08,0.0,0.0,332.0,0.0,0.0,1.0,0.0,0.008,0.0,4.0,0.0,0.0,0.0,68.0,0.001,0.0,0.0,0.0,0.0,0.0,0.0,0.0,2.0,0.202,0.005,4.0,0.059,0.0,0.0,0.0
2020-02-09,0.0,0.0,326.0,0.0,0.0,0.0,0.0,0.0,0.0,10.0,0.0,0.0,0.0,130.0,0.001,0.0,0.0,0.0,0.0,0.0,1.0,0.021,0.0,0.0,0.001,1.0,0.015,0.0,0.0,0.0
2020-02-10,0.0,0.0,390.0,0.0,0.0,2.0,0.0,0.016,0.0,12.0,0.0,0.0,0.0,330.0,0.003,0.0,0.0,0.0,0.0,0.0,0.0,0.0,1.0,0.101,0.001,0.0,0.0,0.0,0.0,0.0
2020-02-11,0.0,0.0,375.0,0.0,0.0,1.0,0.0,0.008,0.0,4.0,0.0,0.0,0.0,247.0,0.002,0.0,0.0,0.0,0.0,0.0,0.0,0.0,0.0,0.0,0.001,1.0,0.015,1.0,0.0,0.003
2020-02-12,0.0,0.0,357.0,0.0,0.0,1.0,0.0,0.008,0.0,10.0,0.0,0.0,0.0,263.0,0.002,0.0,0.0,0.0,0.0,0.0,0.0,0.0,0.0,0.0,0.001,1.0,0.015,0.0,0.0,0.0
2020-02-13,0.0,0.0,354.0,0.0,0.0,5.0,1.0,0.04,0.008,16.0,0.0,0.0,0.0,193.0,0.001,0.0,0.0,0.0,0.0,0.0,0.0,0.0,0.0,0.0,0.001,1.0,0.015,1.0,0.0,0.003
2020-02-14,0.0,0.0,361.0,0.0,0.0,10.0,0.0,0.079,0.0,43.0,0.0,0.0,0.0,164.0,0.001,0.0,0.0,0.0,0.0,0.0,0.0,0.0,0.0,0.0,0.001,1.0,0.015,0.0,0.0,0.0
2020-02-15,0.0,0.0,350.0,0.0,0.0,11.0,0.0,0.087,0.0,86.0,0.001,0.0,0.0,76.0,0.001,0.0,0.0,0.0,0.0,0.0,0.0,0.0,0.0,0.0,0.0,0.0,0.0,0.0,0.0,0.0
2020-02-16,0.0,0.0,328.0,0.0,0.0,6.0,0.0,0.047,0.0,65.0,0.001,0.0,0.0,103.0,0.001,0.0,0.0,0.0,0.0,0.0,0.0,0.0,1.0,0.101,0.001,0.0,0.0,0.0,0.0,0.0
2020-02-17,0.0,0.0,372.0,0.0,0.0,7.0,0.0,0.055,0.0,113.0,0.001,0.0,0.0,247.0,0.002,0.0,0.0,0.0,0.0,0.0,0.0,0.0,0.0,0.0,0.0,1.0,0.015,0.0,0.0,0.0
2020-02-18,0.0,0.0,324.0,0.0,0.0,12.0,1.0,0.095,0.008,9.0,0.0,0.0,0.0,255.0,0.002,0.0,0.0,0.0,0.0,0.0,0.0,0.0,0.0,0.0,0.0,0.0,0.0,0.0,0.0,0.0
2020-02-19,0.0,0.0,363.0,0.0,0.0,6.0,0.0,0.047,0.0,71.0,0.001,0.0,0.0,185.0,0.001,0.0,0.0,0.0,0.0,0.0,0.0,0.0,0.0,0.0,0.0,1.0,0.015,0.0,0.0,0.0
2020-02-20,0.0,0.0,371.0,0.0,0.0,10.0,0.0,0.079,0.0,90.0,0.001,0.0,0.0,177.0,0.001,0.0,0.0,0.0,0.0,0.0,0.0,0.0,0.0,0.0,0.0,2.0,0.029,0.0,0.0,0.0
2020-02-21,0.0,0.0,392.0,0.0,0.0,17.0,0.0,0.134,0.0,85.0,0.001,0.0,0.0,131.0,0.001,0.0,0.0,0.0,0.0,0.0,0.0,0.0,0.0,0.0,0.0,1.0,0.015,2.0,0.0,0.006
2020-02-22,0.0,0.0,346.0,0.0,0.0,25.0,0.0,0.198,0.0,96.0,0.001,0.0,0.0,54.0,0.0,0.0,0.0,0.0,0.0,0.0,0.0,0.0,4.0,0.404,0.001,0.0,0.0,0.0,0.0,0.0
2020-02-23,0.0,0.0,367.0,0.0,0.0,12.0,0.0,0.095,0.0,39.0,0.0,0.0,0.0,111.0,0.001,0.0,0.0,0.0,0.0,0.0,0.0,0.0,0.0,0.0,0.0,5.0,0.074,0.0,0.0,0.0
2020-02-24,0.0,0.0,348.0,0.0,0.0,11.0,0.0,0.087,0.0,104.0,0.001,0.0,0.0,212.0,0.002,0.0,0.0,0.0,0.0,0.0,0.0,0.0,0.0,0.0,0.001,2.0,0.029,0.0,0.0,0.0
2020-02-25,0.0,0.0,328.0,0.0,0.0,13.0,1.0,0.103,0.008,44.0,0.0,0.0,0.0,267.0,0.002,0.0,0.0,0.0,0.0,0.0,4.0,0.086,0.0,0.0,0.001,4.0,0.059,0.0,0.0,0.0
2020-02-26,0.0,0.0,346.0,0.0,0.0,19.0,0.0,0.15,0.0,168.0,0.001,0.0,0.0,205.0,0.002,0.0,0.0,0.0,0.0,0.0,7.0,0.15,0.0,0.0,0.001,3.0,0.044,0.0,0.0,0.0
2020-02-27,0.0,0.0,364.0,0.0,0.0,26.0,1.0,0.206,0.008,151.0,0.001,0.0,0.0,198.0,0.002,0.0,0.0,0.0,0.0,0.0,2.0,0.043,0.0,0.0,0.001,7.0,0.103,1.0,0.0,0.003
2020-02-28,0.0,0.0,349.0,0.0,0.0,18.0,1.0,0.142,0.008,130.0,0.001,1.0,0.008,218.0,0.002,0.0,0.0,0.0,0.0,0.0,17.0,0.364,6.0,0.607,0.001,12.0,0.177,0.0,0.0,0.0
2020-02-29,0.0,0.0,310.0,0.0,0.0,9.0,1.0,0.071,0.008,178.0,0.001,3.0,0.023,85.0,0.001,1.0,25.482,0.0,0.0,0.0,13.0,0.278,2.0,0.202,0.001,5.0,0.074,8.0,1.0,0.024
2020-03-01,0.0,0.0,274.0,25.0,25.0,14.0,0.0,0.111,0.0,96.0,0.001,1.0,0.008,144.0,0.001,0.0,0.0,0.0,0.0,0.0,39.0,0.834,0.0,0.0,0.001,33.0,0.486,7.0,0.0,0.021
2020-03-02,2.0,0.0,348.0,45.0,45.0,19.0,0.0,0.15,0.0,71.0,0.001,0.0,0.0,280.0,0.002,0.0,0.0,1.0,0.007,0.0,36.0,0.77,0.0,0.0,0.001,40.0,0.589,23.0,5.0,0.069
2020-03-03,2.0,0.0,348.0,61.0,61.0,20.0,0.0,0.158,0.0,153.0,0.001,0.0,0.0,285.0,0.002,0.0,0.0,0.0,0.0,0.0,45.0,0.962,6.0,0.607,0.001,55.0,0.81,19.0,1.0,0.057
2020-03-04,2.0,0.0,315.0,40.0,40.0,35.0,1.0,0.277,0.008,3940.0,0.031,0.0,0.0,236.0,0.002,0.0,0.0,0.0,0.0,0.004,57.0,1.219,0.0,0.0,0.001,57.0,0.84,33.0,4.0,0.1
2020-03-05,3.0,0.0,325.0,80.0,80.0,32.0,0.0,0.253,0.0,699.0,0.006,0.0,0.0,226.0,0.002,0.0,0.0,1.0,0.007,0.019,37.0,0.791,2.0,0.202,0.001,49.0,0.722,77.0,1.0,0.233
2020-03-06,4.0,0.0,351.0,81.0,81.0,55.0,0.0,0.435,0.0,553.0,0.004,1.0,0.008,173.0,0.001,0.0,0.0,9.0,0.062,0.016,141.0,3.016,0.0,0.0,0.0,79.0,1.164,53.0,2.0,0.16
2020-03-07,8.0,0.0,339.0,79.0,79.0,46.0,0.0,0.364,0.0,147.0,0.001,0.0,0.0,78.0,0.001,0.0,0.0,0.0,0.0,0.018,100.0,2.139,16.0,1.618,0.001,55.0,0.81,166.0,3.0,0.502
2020-03-08,9.0,0.0,318.0,84.0,84.0,33.0,1.0,0.261,0.008,110.0,0.001,1.0,0.008,113.0,0.001,0.0,0.0,4.0,0.027,0.02,173.0,3.7,0.0,0.0,0.001,54.0,0.795,116.0,4.0,0.35
2020-03-09,9.0,0.0,392.0,175.0,175.0,28.0,2.0,0.221,0.016,1314.0,0.01,0.0,0.0,241.0,0.002,0.0,0.0,0.0,0.0,0.023,400.0,8.555,0.0,0.0,0.001,147.0,2.165,75.0,1.0,0.227
2020-03-10,2.0,0.0,313.0,306.0,306.0,58.0,3.0,0.459,0.024,424.0,0.003,0.0,0.0,253.0,0.002,0.0,0.0,3.0,0.021,0.027,622.0,13.303,29.0,2.932,0.001,259.0,3.815,188.0,6.0,0.568
2020-03-11,18.0,0.0,345.0,580.0,580.0,55.0,2.0,0.435,0.016,181.0,0.001,1.0,0.008,317.0,0.002,0.0,0.0,0.0,0.0,0.031,582.0,12.448,0.0,0.0,0.002,412.0,6.069,365.0,5.0,1.103
2020-03-12,19.0,0.0,320.0,938.0,938.0,56.0,4.0,0.443,0.032,1855.0,0.015,4.0,0.031,384.0,0.003,1.0,25.482,8.0,0.055,0.036,0.0,0.0,11.0,1.112,0.002,489.0,7.203,439.0,10.0,1.326
2020-03-13,34.0,0.0,279.0,1551.0,1551.0,37.0,2.0,0.293,0.016,859.0,0.007,14.0,0.109,437.0,0.003,0.0,0.0,17.0,0.116,0.038,2955.0,63.202,0.0,0.0,0.002,480.0,7.071,633.0,8.0,1.912
2020-03-14,57.0,1.0,293.0,1253.0,1253.0,62.0,1.0,0.49,0.008,107.0,0.001,15.0,0.116,221.0,0.002,0.0,0.0,14.0,0.096,0.04,1159.0,24.789,0.0,0.0,0.001,364.0,5.362,759.0,7.0,2.293
2020-03-15,76.0,1.0,288.0,951.0,951.0,31.0,2.0,0.245,0.016,42.0,0.0,12.0,0.093,242.0,0.002,0.0,0.0,4.0,0.027,0.042,1407.0,30.093,13.0,1.314,0.002,443.0,6.526,234.0,12.0,0.707
2020-03-16,86.0,1.0,269.0,1683.0,1683.0,17.0,6.0,0.134,0.047,2083.0,0.016,29.0,0.225,365.0,0.003,5.0,127.408,27.0,0.185,0.041,2144.0,45.856,0.0,0.0,0.001,615.0,9.059,1467.0,27.0,4.432
2020-03-17,117.0,0.0,319.0,2304.0,2304.0,50.0,0.0,0.395,0.0,203.0,0.002,11.0,0.085,721.0,0.006,0.0,0.0,24.0,0.164,0.036,1806.0,38.627,0.0,0.0,0.001,770.0,11.343,1833.0,37.0,5.538
2020-03-18,194.0,0.0,309.0,2465.0,2465.0,35.0,2.0,0.277,0.016,0.0,0.0,25.0,0.194,786.0,0.006,0.0,0.0,33.0,0.226,0.035,2162.0,46.241,15.0,1.517,0.001,1006.0,14.819,2657.0,60.0,8.027
2020-03-19,143.0,0.0,303.0,2498.0,2498.0,40.0,1.0,0.316,0.008,3490.0,0.028,46.0,0.357,841.0,0.007,0.0,0.0,52.0,0.356,0.031,4053.0,86.686,27.0,2.73,0.001,1066.0,15.703,4494.0,72.0,13.577
2020-03-20,235.0,2.0,236.0,3215.0,3215.0,54.0,1.0,0.427,0.008,119.0,0.001,39.0,0.302,758.0,0.006,4.0,101.926,54.0,0.37,0.028,2447.0,52.337,0.0,0.0,0.001,1258.0,18.531,6367.0,106.0,19.235
2020-03-21,260.0,0.0,253.0,2516.0,2516.0,37.0,2.0,0.293,0.016,132.0,0.001,48.0,0.372,493.0,0.004,0.0,0.0,53.0,0.363,0.027,4964.0,106.171,13.0,1.314,0.002,1215.0,17.898,5995.0,103.0,18.112
2020-03-22,320.0,0.0,211.0,2109.0,2109.0,45.0,4.0,0.356,0.032,56.0,0.0,65.0,0.504,414.0,0.003,12.0,305.779,61.0,0.418,0.027,3394.0,72.592,0.0,0.0,0.001,1388.0,20.446,8873.0,122.0,26.806
2020-03-23,460.0,9.0,274.0,4181.0,4181.0,40.0,1.0,0.316,0.008,3862.0,0.031,51.0,0.396,1081.0,0.008,0.0,0.0,71.0,0.487,0.028,6368.0,136.2,45.0,4.55,0.002,2349.0,34.602,11238.0,192.0,33.951
2020-03-24,302.0,8.0,260.0,5027.0,5027.0,73.0,1.0,0.577,0.008,0.0,0.0,38.0,0.295,1370.0,0.011,0.0,0.0,57.0,0.391,0.032,4749.0,101.572,50.0,5.055,0.003,2382.0,35.088,10619.0,243.0,32.081
2020-03-25,633.0,0.0,264.0,5319.0,5319.0,97.0,3.0,0.767,0.024,674.0,0.005,70.0,0.543,1421.0,0.011,8.0,203.853,163.0,1.117,0.034,9630.0,205.968,85.0,8.594,0.004,2717.0,40.023,12082.0,333.0,36.501
2020-03-26,549.0,21.0,232.0,6694.0,6694.0,102.0,2.0,0.806,0.016,1805.0,0.014,110.0,0.853,1379.0,0.011,2.0,50.963,182.0,1.247,0.039,8271.0,176.902,0.0,0.0,0.003,3127.0,46.063,17856.0,419.0,53.945
2020-03-27,724.0,0.0,253.0,7913.0,7913.0,114.0,6.0,0.901,0.047,1442.0,0.011,132.0,1.024,1600.0,0.012,9.0,229.334,196.0,1.343,0.042,7933.0,169.672,72.0,7.28,0.004,3249.0,47.86,18690.0,522.0,56.465
2020-03-28,902.0,0.0,233.0,6893.0,6893.0,198.0,3.0,1.566,0.024,296.0,0.002,131.0,1.016,793.0,0.006,0.0,0.0,228.0,1.562,0.043,7516.0,160.754,63.0,6.37,0.005,2843.0,41.879,19630.0,642.0,59.305
2020-03-29,792.0,0.0,238.0,5032.0,5032.0,179.0,7.0,1.415,0.055,206.0,0.002,145.0,1.125,761.0,0.006,4.0,101.926,270.0,1.85,0.042,6875.0,147.044,102.0,10.313,0.007,2892.0,42.601,18899.0,624.0,57.096
2020-03-30,446.0,0.0,228.0,7986.0,7986.0,94.0,2.0,0.743,0.016,3481.0,0.028,101.0,0.783,1681.0,0.013,3.0,76.445,302.0,2.069,0.044,7846.0,167.812,41.0,4.145,0.007,4327.0,63.739,22075.0,713.0,66.691
2020-03-31,1035.0,0.0,225.0,7962.0,7962.0,254.0,2.0,2.008,0.016,1914.0,0.015,121.0,0.938,1512.0,0.012,3.0,76.445,501.0,3.433,0.043,7967.0,170.4,53.0,5.359,0.006,4534.0,66.788,26314.0,1085.0,79.498
2020-04-01,808.0,0.0,230.0,8650.0,8650.0,280.0,5.0,2.214,0.04,0.0,0.0,163.0,1.264,1624.0,0.013,3.0,76.445,440.0,3.015,0.044,8195.0,175.276,150.0,15.166,0.006,4974.0,73.27,32286.0,1283.0,97.54
2020-04-02,783.0,25.0,262.0,9299.0,9299.0,283.0,3.0,2.238,0.024,4685.0,0.037,132.0,1.024,1716.0,0.013,5.0,127.408,771.0,5.283,0.041,7947.0,169.972,210.0,21.233,0.008,4929.0,72.607,32222.0,1513.0,97.347
2020-04-03,852.0,0.0,219.0,9479.0,9479.0,336.0,6.0,2.657,0.047,3305.0,0.026,178.0,1.381,1766.0,0.014,4.0,101.926,601.0,4.118,0.041,7134.0,152.583,240.0,24.266,0.008,4981.0,73.373,32307.0,1432.0,97.603
2020-04-04,638.0,7.0,222.0,9158.0,9158.0,371.0,6.0,2.933,0.047,271.0,0.002,202.0,1.567,1102.0,0.009,2.0,50.963,582.0,3.988,0.039,6969.0,149.054,241.0,24.367,0.007,4073.0,59.998,32386.0,1567.0,97.842
2020-04-05,754.0,0.0,198.0,6716.0,6716.0,351.0,6.0,2.775,0.047,218.0,0.002,253.0,1.962,829.0,0.006,7.0,178.371,658.0,4.509,0.039,5478.0,117.164,294.0,29.726,0.006,3650.0,53.767,29895.0,1615.0,90.316
2020-04-06,452.0,65.0,228.0,9369.0,9369.0,234.0,3.0,1.85,0.024,7876.0,0.062,296.0,2.296,2066.0,0.016,4.0,101.926,954.0,6.537,0.036,5029.0,107.561,277.0,28.007,0.006,5316.0,78.308,31390.0,1772.0,94.833
2020-04-07,712.0,44.0,237.0,10623.0,10623.0,375.0,2.0,2.965,0.016,4544.0,0.036,346.0,2.684,2022.0,0.016,2.0,50.963,1154.0,7.908,0.036,5267.0,112.652,283.0,28.614,0.006,5486.0,80.812,30779.0,2574.0,92.987
2020-04-08,699.0,12.0,243.0,11691.0,11691.0,535.0,7.0,4.23,0.055,1383.0,0.011,396.0,3.071,2217.0,0.017,2.0,50.963,1175.0,8.052,0.032,6278.0,134.275,300.0,30.332,0.006,5163.0,76.054,31235.0,2161.0,94.365
2020-04-09,815.0,9.0,220.0,12209.0,12209.0,594.0,8.0,4.697,0.063,2841.0,0.022,260.0,2.017,1692.0,0.013,3.0,76.445,1459.0,9.998,0.031,5002.0,106.984,331.0,33.467,0.006,4906.0,72.268,35942.0,2209.0,108.585
2020-04-10,1516.0,28.0,199.0,10216.0,10216.0,636.0,12.0,5.029,0.095,5389.0,0.043,403.0,3.126,1962.0,0.015,6.0,152.89,1786.0,12.238,0.029,5051.0,108.032,370.0,37.41,0.006,4367.0,64.328,34403.0,2197.0,103.936
2020-04-11,515.0,33.0,207.0,9121.0,9121.0,701.0,13.0,5.543,0.103,1644.0,0.013,375.0,2.908,1421.0,0.011,2.0,50.963,1667.0,11.423,0.029,4754.0,101.679,376.0,38.017,0.007,3613.0,53.222,29083.0,2125.0,87.863
2020-04-12,598.0,11.0,213.0,5210.0,5210.0,522.0,9.0,4.127,0.071,57.0,0.0,442.0,3.428,1218.0,0.009,1.0,25.482,2186.0,14.979,0.027,3804.0,81.361,387.0,39.129,0.008,3539.0,52.132,27256.0,1875.0,82.344
2020-04-13,349.0,0.0,213.0,8944.0,8944.0,300.0,9.0,2.372,0.071,9252.0,0.073,353.0,2.738,2857.0,0.022,0.0,0.0,2558.0,17.528,0.025,3268.0,69.897,398.0,40.241,0.009,4205.0,61.942,26939.0,2015.0,81.386
2020-04-14,514.0,70.0,234.0,11920.0,11920.0,504.0,14.0,3.985,0.111,8255.0,0.065,385.0,2.986,2929.0,0.023,0.0,0.0,2774.0,19.009,0.024,2442.0,52.23,412.0,41.657,0.011,4348.0,64.049,28818.0,2439.0,87.063
2020-04-15,643.0,36.0,206.0,13649.0,13649.0,558.0,16.0,4.412,0.127,693.0,0.005,448.0,3.475,2852.0,0.022,0.0,0.0,3388.0,23.216,0.023,5103.0,109.144,432.0,43.679,0.012,5100.0,75.126,25408.0,2611.0,76.761
2020-04-16,750.0,110.0,222.0,13474.0,13474.0,563.0,18.0,4.451,0.142,5325.0,0.042,450.0,3.49,2744.0,0.021,0.0,0.0,3448.0,23.627,0.023,7304.0,156.219,460.0,46.51,0.013,5343.0,78.705,30002.0,2155.0,90.64
2020-04-17,181.0,26.0,269.0,14720.0,14720.0,560.0,13.0,4.428,0.103,4149.0,0.033,578.0,4.483,3091.0,0.024,1.0,25.482,4070.0,27.889,0.02,5891.0,125.998,477.0,48.229,0.016,4990.0,73.506,33066.0,2113.0,99.896
2020-04-18,663.0,91.0,243.0,12795.0,12795.0,590.0,19.0,4.665,0.15,1004.0,0.008,622.0,4.824,1675.0,0.013,0.0,0.0,4785.0,32.789,0.019,887.0,18.971,0.0,0.0,0.014,4736.0,69.764,27907.0,1973.0,84.311
2020-04-19,521.0,0.0,202.0,9502.0,9502.0,366.0,19.0,2.894,0.15,2953.0,0.023,764.0,5.926,1547.0,0.012,0.0,0.0,6060.0,41.525,0.019,6948.0,148.605,479.0,48.431,0.014,3860.0,56.86,26062.0,1976.0,78.737
2020-04-20,657.0,0.0,262.0,11089.0,11089.0,344.0,20.0,2.72,0.158,6816.0,0.054,511.0,3.963,3671.0,0.028,0.0,0.0,4268.0,29.246,0.018,1536.0,32.852,484.0,48.936,0.014,4866.0,71.679,29820.0,2235.0,90.09
2020-04-21,516.0,307.0,226.0,14930.0,14930.0,383.0,28.0,3.028,0.221,5542.0,0.044,729.0,5.654,3379.0,0.026,0.0,0.0,5642.0,38.661,0.014,3968.0,84.868,490.0,49.543,0.016,4775.0,70.339,25926.0,2502.0,78.326
2020-04-22,603.0,226.0,212.0,15531.0,15531.0,396.0,20.0,3.131,0.158,4415.0,0.035,1043.0,8.089,3283.0,0.025,0.0,0.0,5236.0,35.879,0.013,4211.0,90.066,483.0,48.835,0.018,5505.0,81.092,28911.0,2465.0,87.344
2020-04-23,371.0,58.0,238.0,15183.0,15183.0,432.0,28.0,3.416,0.221,5349.0,0.042,1089.0,8.446,3596.0,0.028,0.0,0.0,4774.0,32.713,0.009,4635.0,99.134,518.0,52.374,0.018,5168.0,76.128,33612.0,2461.0,101.546
2020-04-24,444.0,27.0,238.0,14817.0,14817.0,385.0,9.0,3.044,0.071,5187.0,0.041,1239.0,9.61,4035.0,0.031,0.0,0.0,5849.0,40.08,0.009,-10034.0,-214.609,525.0,53.082,0.018,4981.0,73.373,32327.0,2186.0,97.664
2020-04-25,474.0,49.0,245.0,13446.0,13446.0,332.0,19.0,2.625,0.15,1250.0,0.01,970.0,7.523,2284.0,0.018,0.0,0.0,5966.0,40.881,0.008,2915.0,62.347,532.0,53.79,0.021,3764.0,55.446,30380.0,1718.0,91.782
2020-04-26,412.0,52.0,200.0,8241.0,8241.0,219.0,16.0,1.732,0.127,1136.0,0.009,835.0,6.476,1980.0,0.015,0.0,0.0,6361.0,43.588,0.008,1729.0,36.98,536.0,54.194,0.022,3473.0,51.159,26488.0,1404.0,80.024
2020-04-27,163.0,28.0,257.0,12207.0,12207.0,171.0,22.0,1.352,0.174,8545.0,0.068,852.0,6.608,4383.0,0.034,1.0,25.482,6198.0,42.471,0.008,1831.0,39.162,490.0,49.543,0.021,4704.0,69.293,23715.0,1519.0,71.646
2020-04-28,295.0,32.0,228.0,15516.0,15516.0,284.0,19.0,2.245,0.15,3244.0,0.026,1223.0,9.486,4508.0,0.035,0.0,0.0,6411.0,43.931,0.008,1308.0,27.976,541.0,54.7,0.021,4727.0,69.631,24575.0,2226.0,74.244
2020-04-29,183.0,81.0,214.0,14774.0,14774.0,216.0,18.0,1.708,0.142,879.0,0.007,1047.0,8.121,4794.0,0.037,0.0,0.0,5841.0,40.025,0.007,2144.0,45.856,549.0,55.508,0.021,5450.0,80.282,26459.0,2407.0,79.936
2020-04-30,368.0,49.0,212.0,16438.0,16438.0,208.0,27.0,1.645,0.213,8126.0,0.064,1425.0,11.052,5159.0,0.04,0.0,0.0,7099.0,48.645,0.007,518.0,11.079,552.0,55.812,0.02,4964.0,73.123,29205.0,2191.0,88.232
2020-05-01,295.0,128.0,211.0,12673.0,12673.0,274.0,29.0,2.166,0.229,6820.0,0.054,1515.0,11.75,3188.0,0.025,0.0,0.0,7933.0,54.36,0.007,1781.0,38.092,557.0,56.317,0.02,4730.0,69.676,34907.0,1914.0,105.458
2020-05-02,203.0,24.0,256.0,10583.0,10583.0,303.0,26.0,2.396,0.206,880.0,0.007,1349.0,10.463,2866.0,0.022,0.0,0.0,9623.0,65.941,0.006,1366.0,29.216,561.0,56.722,0.02,3230.0,47.58,27348.0,1730.0,82.622
2020-05-03,92.0,18.0,236.0,8440.0,8440.0,200.0,24.0,1.581,0.19,1012.0,0.008,1383.0,10.727,2816.0,0.022,0.0,0.0,10633.0,72.861,0.005,884.0,18.907,564.0,57.025,0.02,2977.0,43.853,24321.0,1197.0,73.477
2020-05-04,242.0,23.0,236.0,11889.0,11889.0,168.0,22.0,1.328,0.174,1332.0,0.011,1434.0,11.122,5984.0,0.046,0.0,0.0,10581.0,72.505,0.005,545.0,11.657,567.0,57.328,0.021,3383.0,49.834,24068.0,1389.0,72.712
2020-05-05,178.0,31.0,221.0,16157.0,16157.0,125.0,11.0,0.988,0.087,1569.0,0.012,1120.0,8.687,5140.0,0.04,0.0,0.0,10102.0,69.223,0.004,1318.0,28.19,462.0,46.712,0.02,3689.0,54.341,24528.0,2216.0,74.102
2020-05-06,480.0,333.0,249.0,15774.0,15774.0,101.0,12.0,0.799,0.095,447.0,0.004,1609.0,12.479,5740.0,0.045,0.0,0.0,10559.0,72.354,0.003,996.0,21.303,546.0,55.205,0.018,3836.0,56.506,24569.0,2309.0,74.226
2020-05-07,533.0,182.0,250.0,16033.0,16033.0,98.0,12.0,0.775,0.095,13005.0,0.103,1982.0,15.372,5869.0,0.046,0.0,0.0,11231.0,76.959,0.002,1122.0,23.998,502.0,50.756,0.018,3771.0,55.549,27429.0,1925.0,82.866
2020-05-08,553.0,164.0,256.0,15428.0,15428.0,87.0,17.0,0.688,0.134,10680.0,0.084,1906.0,14.783,6209.0,0.048,0.0,0.0,10699.0,73.314,0.002,1410.0,30.157,553.0,55.913,0.018,3052.0,44.958,26830.0,1759.0,81.057
2020-05-09,138.0,77.0,204.0,13522.0,13522.0,115.0,20.0,0.909,0.158,2265.0,0.018,1938.0,15.031,3526.0,0.027,1.0,25.482,10817.0,74.122,0.002,721.0,15.421,624.0,63.091,0.017,2150.0,31.671,25176.0,1463.0,76.06
2020-05-10,175.0,50.0,209.0,7507.0,7507.0,69.0,12.0,0.546,0.095,3995.0,0.032,1562.0,12.115,2822.0,0.022,0.0,0.0,11012.0,75.459,0.003,772.0,16.512,781.0,78.965,0.018,2322.0,34.204,18805.0,987.0,56.812
2020-05-11,98.0,0.0,240.0,12737.0,12737.0,37.0,19.0,0.293,0.15,5993.0,0.047,1305.0,10.122,6965.0,0.054,0.0,0.0,11656.0,79.871,0.002,3086.0,66.004,680.0,68.754,0.018,3589.0,52.868,19298.0,1044.0,58.302
2020-05-12,234.0,464.0,230.0,16644.0,16644.0,87.0,22.0,0.688,0.174,288.0,0.002,1997.0,15.489,7117.0,0.055,0.0,0.0,10899.0,74.684,0.002,594.0,12.705,783.0,79.168,0.019,3395.0,50.01,22927.0,1598.0,69.265
2020-05-13,219.0,169.0,201.0,18215.0,18215.0,50.0,19.0,0.395,0.15,10074.0,0.08,1862.0,14.442,6988.0,0.054,0.0,0.0,10028.0,68.716,0.002,661.0,14.138,725.0,73.303,0.02,3300.0,48.611,20433.0,1723.0,61.731
2020-05-14,187.0,16.0,231.0,18329.0,18329.0,98.0,16.0,0.775,0.127,5866.0,0.046,2409.0,18.684,7306.0,0.057,0.0,0.0,9974.0,68.346,0.002,849.0,18.159,698.0,70.573,0.021,2618.0,38.565,26817.0,1783.0,81.017
2020-05-15,264.0,130.0,252.0,20598.0,20598.0,52.0,18.0,0.411,0.142,3092.0,0.024,2437.0,18.901,7884.0,0.061,0.0,0.0,10598.0,72.622,0.002,643.0,13.753,747.0,75.528,0.02,2521.0,37.136,24733.0,1667.0,74.721
2020-05-16,227.0,494.0,245.0,15994.0,15994.0,54.0,18.0,0.427,0.142,4337.0,0.034,2112.0,16.381,4251.0,0.033,0.0,0.0,9200.0,63.042,0.001,515.0,11.015,796.0,80.482,0.02,2072.0,30.522,24135.0,1201.0,72.915
2020-05-17,226.0,814.0,236.0,8970.0,8970.0,24.0,9.0,0.19,0.071,4987.0,0.039,2075.0,16.094,2919.0,0.023,0.0,0.0,9709.0,66.53,0.001,0.0,0.0,731.0,73.91,0.02,1826.0,26.898,18388.0,825.0,55.552
2020-05-18,173.0,1794.0,285.0,12108.0,12108.0,33.0,9.0,0.261,0.071,5980.0,0.047,2414.0,18.723,8610.0,0.067,1.0,25.482,8926.0,61.164,0.001,908.0,19.42,832.0,84.122,0.019,2577.0,37.961,22389.0,1222.0,67.64
2020-05-19,223.0,1.0,249.0,16195.0,16195.0,28.0,9.0,0.221,0.071,3221.0,0.025,2713.0,21.042,7799.0,0.06,0.0,0.0,9263.0,63.474,0.001,431.0,9.218,873.0,88.267,0.019,3058.0,45.046,20979.0,1459.0,63.38
2020-05-20,228.0,21.0,256.0,15442.0,15442.0,34.0,13.0,0.269,0.103,3669.0,0.029,2248.0,17.435,8423.0,0.065,0.0,0.0,8764.0,60.054,0.001,518.0,11.079,941.0,95.143,0.019,2712.0,39.949,22725.0,1500.0,68.655
2020-05-21,252.0,0.0,232.0,15346.0,15346.0,41.0,8.0,0.324,0.063,4580.0,0.036,2973.0,23.059,8351.0,0.065,0.0,0.0,8849.0,60.637,0.0,482.0,10.309,894.0,90.391,0.02,2554.0,37.622,25769.0,1187.0,77.851
2020-05-22,288.0,1138.0,257.0,15184.0,15184.0,23.0,10.0,0.182,0.079,3495.0,0.028,2960.0,22.958,8665.0,0.067,0.0,0.0,8894.0,60.945,0.001,1787.0,38.221,994.0,100.501,0.021,2041.0,30.065,23649.0,1220.0,71.447
2020-05-23,271.0,115.0,278.0,10783.0,10783.0,25.0,9.0,0.198,0.071,2769.0,0.022,3329.0,25.82,4535.0,0.035,1.0,25.482,9434.0,64.645,0.0,466.0,9.967,812.0,82.1,0.021,1508.0,22.214,21099.0,1088.0,63.743
2020-05-24,152.0,9844.0,252.0,5814.0,5814.0,41.0,7.0,0.324,0.055,1252.0,0.01,2764.0,21.438,3673.0,0.028,0.0,0.0,8599.0,58.924,0.001,482.0,10.309,781.0,78.965,0.022,1355.0,19.96,20077.0,640.0,60.655
2020-05-25,165.0,273.0,293.0,11930.0,11930.0,21.0,5.0,0.166,0.04,3620.0,0.029,2485.0,19.274,9597.0,0.074,0.0,0.0,8946.0,61.301,0.0,-372.0,-7.956,822.0,83.111,0.023,1613.0,23.76,18662.0,597.0,56.38
2020-05-26,219.0,274.0,287.0,15105.0,15105.0,30.0,6.0,0.237,0.047,2994.0,0.024,3455.0,26.797,9162.0,0.071,0.0,0.0,8915.0,61.089,0.001,859.0,18.372,779.0,78.763,0.023,1659.0,24.438,19663.0,678.0,59.404
2020-05-27,285.0,253.0,259.0,17221.0,17221.0,26.0,7.0,0.206,0.055,3004.0,0.024,3463.0,26.859,9436.0,0.073,0.0,0.0,8338.0,57.135,0.001,0.0,0.0,883.0,89.278,0.024,1809.0,26.648,18551.0,1457.0,56.045
2020-05-28,304.0,288.0,276.0,16963.0,16963.0,70.0,11.0,0.553,0.087,3981.0,0.031,3377.0,26.192,9004.0,0.07,0.0,0.0,8371.0,57.361,0.001,1647.0,35.226,563.0,56.924,0.023,1736.0,25.572,22320.0,1093.0,67.431
2020-05-29,350.0,274.0,319.0,16135.0,16135.0,75.0,6.0,0.593,0.047,3501.0,0.028,3227.0,25.029,9327.0,0.072,0.0,0.0,8572.0,58.739,0.001,658.0,14.073,638.0,64.507,0.021,1508.0,22.214,24478.0,1129.0,73.951
2020-05-30,257.0,275.0,245.0,12650.0,12650.0,43.0,7.0,0.34,0.055,2652.0,0.021,2885.0,22.376,5350.0,0.041,1.0,25.482,8952.0,61.343,0.001,664.0,14.202,726.0,73.405,0.022,1107.0,16.307,23632.0,954.0,71.395
2020-05-31,297.0,223.0,270.0,6547.0,6547.0,35.0,4.0,0.277,0.032,1657.0,0.013,3152.0,24.447,3896.0,0.03,0.0,0.0,9268.0,63.508,0.001,251.0,5.368,661.0,66.832,0.021,1070.0,15.762,18983.0,616.0,57.35
2020-06-01,200.0,143.0,253.0,11635.0,11635.0,36.0,1.0,0.285,0.008,3789.0,0.03,2771.0,21.492,10626.0,0.082,0.0,0.0,8485.0,58.143,0.002,159.0,3.401,635.0,64.204,0.019,1444.0,21.271,17414.0,778.0,52.61
2020-06-02,195.0,317.0,235.0,15640.0,15640.0,50.0,3.0,0.395,0.024,4526.0,0.036,3891.0,30.179,9908.0,0.077,0.0,0.0,8858.0,60.698,0.002,294.0,6.288,596.0,60.26,0.017,1470.0,21.654,21502.0,980.0,64.96
2020-06-03,366.0,210.0,202.0,17230.0,17230.0,30.0,3.0,0.237,0.024,3979.0,0.031,3912.0,30.341,10401.0,0.081,0.0,0.0,8529.0,58.444,0.001,394.0,8.427,571.0,57.733,0.015,1349.0,19.872,19857.0,1008.0,59.99
2020-06-04,331.0,244.0,201.0,17207.0,17207.0,44.0,6.0,0.348,0.047,4600.0,0.036,4442.0,34.452,10240.0,0.079,0.0,0.0,8823.0,60.459,0.001,334.0,7.144,659.0,66.63,0.015,1238.0,18.236,21658.0,1006.0,65.432
2020-06-05,377.0,203.0,257.0,15309.0,15309.0,47.0,5.0,0.372,0.04,4939.0,0.039,4346.0,33.707,10715.0,0.083,0.0,0.0,8718.0,59.739,0.003,318.0,6.801,624.0,63.091,0.015,1110.0,16.351,25403.0,890.0,76.746
2020-06-06,382.0,281.0,219.0,11436.0,11436.0,42.0,-1.0,0.332,-0.008,3220.0,0.025,3593.0,27.867,5713.0,0.044,0.0,0.0,8846.0,60.616,0.003,332.0,7.101,626.0,63.294,0.014,794.0,11.696,21142.0,642.0,63.873
2020-06-07,342.0,188.0,191.0,6614.0,6614.0,39.0,2.0,0.308,0.016,1725.0,0.014,3484.0,27.022,4236.0,0.033,0.0,0.0,8971.0,61.473,0.003,240.0,5.133,540.0,54.598,0.014,718.0,10.577,17928.0,460.0,54.163
2020-06-08,192.0,161.0,238.0,11210.0,11210.0,21.0,3.0,0.166,0.024,4516.0,0.036,2999.0,23.26,11869.0,0.092,0.0,0.0,8970.0,61.466,0.002,167.0,3.572,568.0,57.429,0.013,1094.0,16.115,17616.0,508.0,53.22
2020-06-09,421.0,183.0,192.0,13521.0,13521.0,51.0,0.0,0.403,0.0,4600.0,0.036,4199.0,32.567,11802.0,0.092,0.0,0.0,8587.0,58.841,0.003,249.0,5.326,528.0,53.385,0.014,1159.0,17.073,18383.0,908.0,55.537
2020-06-10,294.0,403.0,195.0,7708.0,7708.0,35.0,2.0,0.277,0.016,5092.0,0.04,4883.0,37.872,11810.0,0.092,0.0,0.0,8393.0,57.512,0.003,314.0,6.716,603.0,60.968,0.014,1186.0,17.47,21111.0,878.0,63.779
2020-06-11,310.0,260.0,176.0,4764.0,4764.0,41.0,0.0,0.324,0.0,4573.0,0.036,4790.0,37.151,11431.0,0.089,0.0,0.0,8777.0,60.143,0.003,427.0,9.133,479.0,48.431,0.014,1007.0,14.834,23166.0,831.0,69.987
2020-06-12,270.0,198.0,266.0,10913.0,10913.0,63.0,2.0,0.498,0.016,5145.0,0.041,5222.0,40.502,11941.0,0.093,0.0,0.0,8961.0,61.404,0.002,502.0,10.737,513.0,51.868,0.013,1054.0,15.526,24828.0,828.0,75.008
2020-06-13,283.0,238.0,189.0,7973.0,7973.0,43.0,3.0,0.34,0.024,2633.0,0.021,3494.0,27.099,5798.0,0.045,0.0,0.0,8697.0,59.595,0.002,396.0,8.47,491.0,49.644,0.013,888.0,13.081,25212.0,737.0,76.169
2020-06-14,227.0,231.0,195.0,4754.0,4754.0,76.0,0.0,0.601,0.0,1451.0,0.011,4147.0,32.164,4636.0,0.036,0.0,0.0,8809.0,60.363,0.003,323.0,6.908,304.0,30.737,0.012,807.0,11.888,18941.0,348.0,57.223
2020-06-15,346.0,183.0,233.0,11243.0,11243.0,70.0,2.0,0.553,0.016,4300.0,0.034,3427.0,26.58,13344.0,0.103,0.0,0.0,8217.0,56.306,0.003,181.0,3.871,342.0,34.579,0.012,1031.0,15.187,19827.0,396.0,59.9
2020-06-16,300.0,360.0,197.0,14765.0,14765.0,45.0,5.0,0.356,0.04,4462.0,0.035,4599.0,35.67,12801.0,0.099,0.0,0.0,8241.0,56.471,0.004,219.0,4.684,346.0,34.983,0.011,1083.0,15.953,23667.0,812.0,71.501
2020-06-17,336.0,368.0,254.0,15067.0,15067.0,46.0,1.0,0.364,0.008,1348.0,0.011,4930.0,38.237,12216.0,0.095,0.0,0.0,7824.0,53.613,0.005,355.0,7.593,382.0,38.623,0.011,999.0,14.716,27072.0,739.0,81.788
2020-06-18,417.0,430.0,215.0,13691.0,13691.0,58.0,0.0,0.459,0.0,6176.0,0.049,5662.0,43.914,11978.0,0.093,0.0,0.0,7772.0,53.257,0.005,585.0,12.512,388.0,39.23,0.011,1020.0,15.025,28537.0,688.0,86.214
2020-06-19,375.0,467.0,250.0,14713.0,14713.0,70.0,16.0,0.553,0.127,4823.0,0.038,5030.0,39.013,11961.0,0.093,0.0,0.0,7971.0,54.62,0.005,307.0,6.566,393.0,39.736,0.01,984.0,14.495,31544.0,628.0,95.298
2020-06-20,377.0,429.0,219.0,9036.0,9036.0,67.0,4.0,0.53,0.032,2474.0,0.02,4717.0,36.585,6418.0,0.05,0.0,0.0,7870.0,53.928,0.005,363.0,7.764,388.0,39.23,0.009,666.0,9.811,32280.0,558.0,97.522
2020-06-21,292.0,470.0,214.0,6645.0,6645.0,55.0,0.0,0.435,0.0,4127.0,0.033,5343.0,41.44,4190.0,0.032,1.0,25.482,7717.0,52.88,0.004,334.0,7.144,392.0,39.634,0.009,624.0,9.192,25150.0,318.0,75.981
2020-06-22,259.0,172.0,257.0,12026.0,12026.0,40.0,0.0,0.316,0.0,5376.0,0.043,4577.0,35.499,12613.0,0.098,1.0,25.482,7586.0,51.982,0.006,232.0,4.962,378.0,38.219,0.009,892.0,13.14,32144.0,408.0,97.111
2020-06-23,345.0,281.0,260.0,15884.0,15884.0,59.0,10.0,0.466,0.079,3722.0,0.029,6288.0,48.77,12934.0,0.1,0.0,0.0,7413.0,50.797,0.006,248.0,5.304,380.0,38.421,0.009,882.0,12.992,37072.0,749.0,111.999
2020-06-24,367.0,254.0,225.0,13925.0,13925.0,84.0,2.0,0.664,0.016,4979.0,0.039,5437.0,42.169,12298.0,0.095,1.0,25.482,7165.0,49.097,0.005,334.0,7.144,450.0,45.499,0.009,777.0,11.446,35878.0,736.0,108.392
2020-06-25,311.0,299.0,231.0,13579.0,13579.0,92.0,4.0,0.727,0.032,4455.0,0.035,6104.0,47.343,12704.0,0.099,0.0,0.0,7105.0,48.686,0.007,400.0,8.555,430.0,43.477,0.009,697.0,10.267,40326.0,537.0,121.83
2020-06-26,451.0,251.0,214.0,15766.0,15766.0,107.0,0.0,0.846,0.0,4758.0,0.038,5441.0,42.2,13151.0,0.102,0.0,0.0,6788.0,46.514,0.008,419.0,8.962,410.0,41.454,0.008,639.0,9.413,45999.0,628.0,138.969
2020-06-27,323.0,231.0,240.0,10352.0,10352.0,92.0,0.0,0.727,0.0,3533.0,0.028,4410.0,34.204,6831.0,0.053,1.0,25.482,6843.0,46.891,0.01,564.0,12.063,387.0,39.129,0.008,634.0,9.339,41330.0,503.0,124.863
2020-06-28,457.0,202.0,234.0,6353.0,6353.0,112.0,1.0,0.886,0.008,1513.0,0.012,4050.0,31.412,5142.0,0.04,0.0,0.0,6784.0,46.487,0.01,301.0,6.438,437.0,44.184,0.008,407.0,5.995,40734.0,319.0,123.062
2020-06-29,266.0,139.0,241.0,12541.0,12541.0,110.0,0.0,0.87,0.0,5510.0,0.044,3805.0,29.512,14775.0,0.115,0.0,0.0,6683.0,45.795,0.011,200.0,4.278,449.0,45.398,0.008,620.0,9.133,41299.0,386.0,124.769
2020-06-30,259.0,300.0,264.0,15905.0,15905.0,139.0,0.0,1.099,0.0,4651.0,0.037,5432.0,42.13,14087.0,0.109,0.0,0.0,6683.0,45.795,0.011,301.0,6.438,421.0,42.567,0.008,404.0,5.951,46420.0,555.0,140.241
2020-07-01,352.0,293.0,243.0,16456.0,16456.0,223.0,4.0,1.763,0.032,6564.0,0.052,5681.0,44.062,14897.0,0.116,0.0,0.0,6550.0,44.883,0.014,388.0,8.299,402.0,40.645,0.008,63.0,0.928,51820.0,702.0,156.555
2020-07-02,378.0,299.0,214.0,15535.0,15535.0,217.0,1.0,1.716,0.008,5460.0,0.043,6741.0,52.283,13667.0,0.106,3.0,76.445,6752.0,46.267,0.014,444.0,9.496,400.0,40.443,0.007,6.0,0.088,56636.0,710.0,171.104
2020-07-03,455.0,327.0,211.0,14912.0,14912.0,130.0,0.0,1.028,0.0,6597.0,0.052,6740.0,52.275,14083.0,0.109,0.0,0.0,6710.0,45.98,0.015,442.0,9.454,672.0,67.945,0.008,502.0,7.395,51351.0,669.0,155.138
2020-07-04,413.0,348.0,243.0,12895.0,12895.0,276.0,0.0,2.182,0.0,3134.0,0.025,6914.0,53.625,6551.0,0.051,0.0,0.0,6623.0,45.383,0.016,0.0,0.0,716.0,72.393,0.009,625.0,9.207,45693.0,315.0,138.044
2020-07-05,328.0,245.0,241.0,7044.0,7044.0,207.0,0.0,1.637,0.0,2618.0,0.021,4683.0,36.321,5249.0,0.041,2.0,50.963,6719.0,46.041,0.017,0.0,0.0,683.0,69.057,0.01,519.0,7.645,50747.0,326.0,153.313
2020-07-06,232.0,149.0,279.0,12207.0,12207.0,180.0,1.0,1.423,0.008,8228.0,0.065,4902.0,38.02,15423.0,0.12,0.0,0.0,6569.0,45.013,0.018,1244.0,26.607,528.0,53.385,0.011,359.0,5.288,43106.0,377.0,130.229
2020-07-07,287.0,279.0,250.0,16690.0,16690.0,207.0,3.0,1.637,0.024,7099.0,0.056,6258.0,48.537,15357.0,0.119,0.0,0.0,6363.0,43.602,0.019,341.0,7.293,532.0,53.79,0.011,584.0,8.603,60661.0,1161.0,183.264
2020-07-08,443.0,269.0,281.0,17180.0,17180.0,206.0,1.0,1.629,0.008,7725.0,0.061,6995.0,54.253,14735.0,0.114,0.0,0.0,6534.0,44.774,0.017,383.0,8.192,445.0,44.993,0.012,637.0,9.383,60119.0,823.0,181.627
2020-07-09,418.0,335.0,242.0,15258.0,15258.0,356.0,0.0,2.815,0.0,7700.0,0.061,7280.0,56.464,13996.0,0.109,0.0,0.0,6491.0,44.479,0.017,543.0,11.614,532.0,53.79,0.013,643.0,9.472,62509.0,1020.0,188.847
2020-07-10,402.0,301.0,242.0,15807.0,15807.0,427.0,0.0,3.376,0.0,8955.0,0.071,6891.0,53.446,14121.0,0.11,0.0,0.0,6623.0,45.383,0.019,852.0,18.223,473.0,47.824,0.012,524.0,7.719,68057.0,816.0,205.609
2020-07-11,342.0,305.0,250.0,12236.0,12236.0,386.0,0.0,3.052,0.0,5362.0,0.042,6094.0,47.265,6961.0,0.054,1.0,25.482,6586.0,45.13,0.018,0.0,0.0,403.0,40.747,0.011,826.0,12.167,60017.0,729.0,181.319
2020-07-12,291.0,252.0,226.0,6630.0,6630.0,411.0,1.0,3.25,0.008,1838.0,0.015,4482.0,34.762,5354.0,0.042,0.0,0.0,6587.0,45.137,0.017,0.0,0.0,401.0,40.544,0.01,650.0,9.575,58424.0,472.0,176.506
2020-07-13,306.0,158.0,311.0,13179.0,13179.0,284.0,1.0,2.245,0.008,10552.0,0.083,4685.0,36.337,16554.0,0.128,0.0,0.0,6511.0,44.616,0.016,2045.0,43.739,344.0,34.781,0.01,537.0,7.91,58930.0,448.0,178.035
2020-07-14,233.0,485.0,253.0,18244.0,18244.0,312.0,0.0,2.467,0.0,11154.0,0.088,7051.0,54.687,15858.0,0.123,0.0,0.0,6240.0,42.759,0.016,666.0,14.245,375.0,37.916,0.009,1240.0,18.266,68051.0,929.0,205.591
2020-07-15,375.0,560.0,256.0,16174.0,16174.0,735.0,0.0,5.811,0.0,11343.0,0.09,6149.0,47.692,16928.0,0.131,0.0,0.0,6410.0,43.924,0.017,875.0,18.715,275.0,27.805,0.009,538.0,7.925,68090.0,974.0,205.708
2020-07-16,339.0,366.0,300.0,15671.0,15671.0,338.0,1.0,2.672,0.008,16683.0,0.132,6406.0,49.685,16223.0,0.126,0.0,0.0,6415.0,43.958,0.019,1361.0,29.109,281.0,28.411,0.008,647.0,9.531,75866.0,955.0,229.201
2020-07-17,312.0,314.0,288.0,16066.0,16066.0,594.0,0.0,4.697,0.0,12994.0,0.103,7257.0,56.285,16280.0,0.126,0.0,0.0,6389.0,43.78,0.017,1400.0,29.943,293.0,29.625,0.007,687.0,10.12,72236.0,925.0,218.234
2020-07-18,313.0,363.0,309.0,12522.0,12522.0,842.0,1.0,6.657,0.008,7166.0,0.057,7615.0,59.062,8054.0,0.062,0.0,0.0,6214.0,42.581,0.016,0.0,0.0,289.0,29.22,0.007,829.0,12.212,62536.0,858.0,188.929
2020-07-19,246.0,216.0,292.0,7536.0,7536.0,500.0,0.0,3.953,0.0,3262.0,0.026,5311.0,41.192,5507.0,0.043,0.0,0.0,6096.0,41.772,0.016,0.0,0.0,211.0,21.334,0.006,726.0,10.694,60456.0,485.0,182.645
2020-07-20,135.0,178.0,330.0,13662.0,13662.0,260.0,2.0,2.056,0.016,15959.0,0.126,5172.0,40.114,17387.0,0.135,0.0,0.0,5901.0,40.436,0.02,4581.0,97.979,271.0,27.4,0.006,586.0,8.632,62107.0,563.0,187.633
2020-07-21,127.0,222.0,286.0,17212.0,17212.0,757.0,0.0,5.985,0.0,12114.0,0.096,6859.0,53.198,16565.0,0.128,2.0,50.963,5828.0,39.936,0.021,1358.0,29.045,305.0,30.838,0.006,445.0,6.555,64461.0,1085.0,194.745
2020-07-22,252.0,230.0,286.0,15747.0,15747.0,673.0,2.0,5.321,0.016,16357.0,0.129,6019.0,46.683,16390.0,0.127,1.0,25.482,5850.0,40.086,0.023,1357.0,29.024,236.0,23.862,0.006,563.0,8.293,70579.0,1224.0,213.228
2020-07-23,229.0,370.0,303.0,15759.0,15759.0,978.0,2.0,7.733,0.016,8310.0,0.066,8438.0,65.445,15807.0,0.123,2.0,50.963,5830.0,39.949,0.024,2615.0,55.93,254.0,25.681,0.006,779.0,11.475,68445.0,1070.0,206.781
2020-07-24,313.0,318.0,269.0,15246.0,15246.0,769.0,2.0,6.08,0.016,5695.0,0.045,7573.0,58.736,15676.0,0.122,2.0,50.963,5779.0,39.6,0.022,2255.0,48.23,261.0,26.389,0.006,769.0,11.328,73319.0,1106.0,221.506
2020-07-25,263.0,323.0,254.0,11835.0,11835.0,801.0,2.0,6.333,0.016,9530.0,0.075,6751.0,52.361,7481.0,0.058,0.0,0.0,5833.0,39.97,0.024,0.0,0.0,313.0,31.647,0.006,770.0,11.343,64953.0,931.0,196.231
2020-07-26,209.0,207.0,224.0,6422.0,6422.0,864.0,2.0,6.831,0.016,3785.0,0.03,5480.0,42.503,5210.0,0.04,0.0,0.0,5741.0,39.34,0.024,0.0,0.0,351.0,35.489,0.006,750.0,11.048,54816.0,531.0,165.606
2020-07-27,135.0,158.0,287.0,13333.0,13333.0,594.0,0.0,4.697,0.0,24182.0,0.191,4973.0,38.57,16082.0,0.125,0.0,0.0,5607.0,38.421,0.022,6361.0,136.05,264.0,26.693,0.006,688.0,10.135,56783.0,1127.0,171.548
2020-07-28,111.0,251.0,265.0,16955.0,16955.0,974.0,3.0,7.701,0.024,18086.0,0.143,7208.0,55.905,16160.0,0.125,1.0,25.482,5380.0,36.866,0.02,1828.0,39.098,369.0,37.309,0.006,553.0,8.146,66412.0,1331.0,200.639
2020-07-29,203.0,249.0,250.0,16712.0,16712.0,1266.0,0.0,10.01,0.0,18669.0,0.148,5752.0,44.612,15290.0,0.119,3.0,76.445,5449.0,37.339,0.02,2031.0,43.439,375.0,37.916,0.006,802.0,11.814,71873.0,1411.0,217.137
2020-07-30,255.0,265.0,226.0,14738.0,14738.0,1762.0,6.0,13.931,0.047,19687.0,0.156,7730.0,59.954,15290.0,0.119,0.0,0.0,5484.0,37.579,0.019,2789.0,59.652,302.0,30.535,0.006,847.0,12.477,67466.0,1231.0,203.823
2020-07-31,204.0,343.0,259.0,15411.0,15411.0,1090.0,1.0,8.618,0.008,17354.0,0.137,8458.0,65.6,14303.0,0.111,0.0,0.0,5468.0,37.469,0.02,3092.0,66.132,283.0,28.614,0.006,883.0,13.007,68712.0,1235.0,207.587
2020-08-01,238.0,300.0,246.0,12150.0,12150.0,1570.0,4.0,12.413,0.032,9606.0,0.076,9556.0,74.116,7363.0,0.057,0.0,0.0,5429.0,37.202,0.019,0.0,0.0,254.0,25.681,0.006,769.0,11.328,56201.0,1093.0,169.79
2020-08-02,153.0,201.0,228.0,7120.0,7120.0,1312.0,1.0,10.373,0.008,10599.0,0.084,4853.0,37.64,4522.0,0.035,0.0,0.0,5387.0,36.914,0.018,0.0,0.0,239.0,24.165,0.006,747.0,11.004,45568.0,437.0,137.667
2020-08-03,106.0,127.0,263.0,14320.0,14320.0,983.0,5.0,7.772,0.04,25794.0,0.204,4767.0,36.973,14889.0,0.115,1.0,25.482,5364.0,36.756,0.017,8532.0,182.484,164.0,16.582,0.006,942.0,13.876,45501.0,582.0,137.464
2020-08-04,112.0,207.0,277.0,17290.0,17290.0,1248.0,5.0,9.867,0.04,18740.0,0.148,6148.0,47.684,15389.0,0.119,2.0,50.963,5121.0,35.091,0.018,5760.0,123.196,189.0,19.109,0.006,675.0,9.943,58774.0,1282.0,177.564
2020-08-05,167.0,247.0,296.0,17160.0,17160.0,1339.0,5.0,10.587,0.04,39723.0,0.314,6139.0,47.614,14992.0,0.116,2.0,50.963,5186.0,35.537,0.017,2953.0,63.159,254.0,25.681,0.006,906.0,13.346,54466.0,1439.0,164.549
2020-08-06,213.0,275.0,287.0,14573.0,14573.0,1481.0,6.0,11.71,0.047,22015.0,0.174,6590.0,51.112,14294.0,0.111,0.0,0.0,5239.0,35.9,0.016,4088.0,87.435,239.0,24.165,0.006,964.0,14.2,59349.0,1245.0,179.301
2020-08-07,290.0,247.0,252.0,14943.0,14943.0,1597.0,8.0,12.627,0.063,22698.0,0.179,6717.0,52.097,14374.0,0.111,3.0,76.445,5191.0,35.571,0.016,4507.0,96.397,216.0,21.839,0.005,900.0,13.258,59303.0,1237.0,179.162
2020-08-08,186.0,277.0,244.0,10798.0,10798.0,1578.0,0.0,12.477,0.0,13676.0,0.108,6495.0,50.375,6949.0,0.054,3.0,76.445,5185.0,35.53,0.014,0.0,0.0,239.0,24.165,0.005,765.0,11.269,54134.0,1078.0,163.546
2020-08-09,131.0,147.0,224.0,8381.0,8381.0,1440.0,5.0,11.386,0.04,13336.0,0.105,4376.0,33.94,4370.0,0.034,2.0,50.963,5155.0,35.324,0.015,0.0,0.0,225.0,22.749,0.005,1113.0,16.395,45769.0,524.0,138.274
2020-08-10,157.0,89.0,234.0,13077.0,13077.0,835.0,5.0,6.602,0.04,6440.0,0.051,5558.0,43.108,15265.0,0.118,0.0,0.0,5081.0,34.817,0.016,8618.0,184.323,179.0,18.098,0.004,818.0,12.05,47606.0,635.0,143.824
2020-08-11,120.0,160.0,228.0,17112.0,17112.0,685.0,6.0,5.416,0.047,32939.0,0.26,6686.0,51.856,15035.0,0.117,5.0,127.408,4892.0,33.522,0.018,3632.0,77.682,262.0,26.49,0.004,1150.0,16.94,48003.0,1020.0,145.023
2020-08-12,278.0,180.0,247.0,16338.0,16338.0,986.0,8.0,7.796,0.063,25782.0,0.204,5858.0,45.435,14442.0,0.112,3.0,76.445,5054.0,34.632,0.021,3172.0,67.843,246.0,24.873,0.004,1039.0,15.305,56040.0,1498.0,169.304
2020-08-13,325.0,237.0,253.0,14785.0,14785.0,1183.0,7.0,9.354,0.055,21062.0,0.167,7371.0,57.169,14417.0,0.112,3.0,76.445,5017.0,34.378,0.025,7550.0,161.481,277.0,28.007,0.004,1148.0,16.911,51316.0,1068.0,155.032
2020-08-14,235.0,197.0,237.0,16313.0,16313.0,1347.0,7.0,10.65,0.055,55240.0,0.437,5618.0,43.573,14165.0,0.11,2.0,50.963,5016.0,34.372,0.027,5479.0,117.186,330.0,33.366,0.004,1461.0,21.521,65336.0,1337.0,197.388
2020-08-15,198.0,211.0,217.0,10622.0,10622.0,1233.0,13.0,9.749,0.103,11750.0,0.093,6345.0,49.212,6613.0,0.051,0.0,0.0,5030.0,34.468,0.029,0.0,0.0,283.0,28.614,0.004,1042.0,15.349,46951.0,1000.0,141.845
2020-08-16,121.0,112.0,242.0,8020.0,8020.0,1023.0,10.0,8.088,0.079,7438.0,0.059,4448.0,34.499,4315.0,0.033,0.0,0.0,4911.0,33.652,0.03,0.0,0.0,210.0,21.233,0.004,1111.0,16.366,39212.0,618.0,118.464
2020-08-17,132.0,103.0,297.0,14362.0,14362.0,643.0,9.0,5.084,0.071,25835.0,0.204,3571.0,27.697,14712.0,0.114,2.0,50.963,4839.0,33.159,0.031,16269.0,347.964,229.0,23.154,0.004,721.0,10.621,36652.0,493.0,110.73
2020-08-18,214.0,136.0,253.0,18542.0,18542.0,919.0,23.0,7.266,0.182,21130.0,0.167,5506.0,42.704,15039.0,0.117,0.0,0.0,4718.0,32.33,0.033,5114.0,109.379,365.0,36.904,0.004,1113.0,16.395,45033.0,1227.0,136.05
2020-08-19,253.0,193.0,247.0,16820.0,16820.0,1092.0,13.0,8.634,0.103,21937.0,0.173,5792.0,44.923,14350.0,0.111,0.0,0.0,4790.0,32.823,0.033,6671.0,142.681,435.0,43.982,0.004,831.0,12.241,47320.0,1338.0,142.96
2020-08-20,291.0,135.0,240.0,14344.0,14344.0,1172.0,9.0,9.267,0.071,21889.0,0.173,6775.0,52.547,13193.0,0.102,2.0,50.963,4767.0,32.665,0.032,7039.0,150.551,461.0,46.611,0.005,1195.0,17.603,44041.0,1104.0,133.053
2020-08-21,219.0,209.0,238.0,14822.0,14822.0,1049.0,18.0,8.294,0.142,21866.0,0.173,5928.0,45.977,14359.0,0.111,4.0,101.926,4838.0,33.152,0.033,8148.0,174.271,391.0,39.533,0.005,1060.0,15.614,48843.0,1091.0,147.561
2020-08-22,241.0,179.0,239.0,11502.0,11502.0,967.0,4.0,7.646,0.032,13348.0,0.106,6482.0,50.274,6674.0,0.052,0.0,0.0,4860.0,33.303,0.034,0.0,0.0,424.0,42.87,0.005,1332.0,19.621,43064.0,909.0,130.102
2020-08-23,145.0,122.0,230.0,8414.0,8414.0,742.0,9.0,5.867,0.071,10953.0,0.087,3948.0,30.621,4295.0,0.033,0.0,0.0,4797.0,32.871,0.034,0.0,0.0,390.0,39.432,0.005,1048.0,15.438,34247.0,545.0,103.464
2020-08-24,123.0,106.0,275.0,13896.0,13896.0,500.0,13.0,3.953,0.103,22051.0,0.174,3541.0,27.464,14938.0,0.116,0.0,0.0,4688.0,32.124,0.032,19382.0,414.546,275.0,27.805,0.005,977.0,14.392,36482.0,475.0,110.217
2020-08-25,192.0,141.0,264.0,17940.0,17940.0,730.0,18.0,5.772,0.142,18238.0,0.144,4916.0,38.128,15016.0,0.116,0.0,0.0,4639.0,31.788,0.03,7117.0,152.22,339.0,34.276,0.005,1201.0,17.691,40354.0,1235.0,121.914
2020-08-26,362.0,163.0,267.0,16369.0,16369.0,891.0,11.0,7.045,0.087,19353.0,0.153,5267.0,40.851,16600.0,0.129,0.0,0.0,4642.0,31.809,0.028,7296.0,156.048,399.0,40.342,0.005,1146.0,16.881,45172.0,1164.0,136.47
2020-08-27,397.0,173.0,253.0,14997.0,14997.0,874.0,11.0,6.91,0.087,21546.0,0.17,6026.0,46.738,15981.0,0.124,0.0,0.0,4675.0,32.035,0.028,9658.0,206.567,491.0,49.644,0.006,1542.0,22.715,45393.0,1115.0,137.138
2020-08-28,403.0,199.0,236.0,16652.0,16652.0,846.0,10.0,6.689,0.079,18597.0,0.147,5824.0,45.171,15746.0,0.122,0.0,0.0,4758.0,32.604,0.027,9779.0,209.155,390.0,39.432,0.006,1297.0,19.106,46832.0,977.0,141.485
2020-08-29,374.0,210.0,228.0,12050.0,12050.0,854.0,20.0,6.752,0.158,12915.0,0.102,5974.0,46.334,7607.0,0.059,0.0,0.0,4843.0,33.186,0.026,0.0,0.0,427.0,43.173,0.005,1110.0,16.351,42754.0,902.0,129.165
2020-08-30,320.0,119.0,201.0,8262.0,8262.0,605.0,14.0,4.783,0.111,9577.0,0.076,4129.0,32.024,4379.0,0.034,0.0,0.0,4897.0,33.556,0.027,0.0,0.0,362.0,36.601,0.005,1752.0,25.808,34404.0,454.0,103.939
2020-08-31,244.0,76.0,290.0,15660.0,15660.0,438.0,13.0,3.463,0.103,21529.0,0.17,3719.0,28.844,15449.0,0.12,0.0,0.0,4932.0,33.796,0.029,23572.0,504.162,541.0,54.7,0.006,1415.0,20.844,35362.0,541.0,106.833
2020-09-01,231.0,143.0,258.0,18945.0,18945.0,627.0,15.0,4.957,0.119,18131.0,0.143,6476.0,50.228,16450.0,0.128,0.0,0.0,4670.0,32.001,0.031,8115.0,173.565,574.0,58.036,0.006,1332.0,19.621,41846.0,1028.0,126.422
2020-09-02,390.0,129.0,244.0,18129.0,18129.0,596.0,14.0,4.712,0.111,24123.0,0.191,4921.0,38.167,16412.0,0.127,-12.0,-305.779,4893.0,33.529,0.032,8581.0,183.532,735.0,74.314,0.006,1514.0,22.302,41018.0,1078.0,123.92
2020-09-03,418.0,194.0,251.0,17163.0,17163.0,659.0,7.0,5.21,0.055,22991.0,0.182,5937.0,46.047,15715.0,0.122,1.0,25.482,4958.0,33.974,0.031,8959.0,191.617,614.0,62.08,0.006,1779.0,26.206,44251.0,1037.0,133.688
2020-09-04,406.0,149.0,250.0,17461.0,17461.0,588.0,18.0,4.649,0.142,15457.0,0.122,6196.0,48.056,15450.0,0.12,4.0,101.926,5064.0,34.701,0.03,10476.0,224.063,612.0,61.878,0.007,1978.0,29.137,50382.0,957.0,152.21
2020-09-05,486.0,217.0,248.0,13923.0,13923.0,601.0,9.0,4.752,0.071,11930.0,0.094,6319.0,49.01,6744.0,0.052,0.0,0.0,5144.0,35.249,0.03,0.0,0.0,705.0,71.281,0.007,1827.0,26.913,43158.0,762.0,130.386
2020-09-06,315.0,160.0,251.0,9490.0,9490.0,451.0,5.0,3.566,0.04,4175.0,0.033,4614.0,35.786,4138.0,0.032,0.0,0.0,5097.0,34.927,0.031,0.0,0.0,513.0,51.868,0.008,2987.0,44.0,31218.0,470.0,94.313
2020-09-07,249.0,63.0,300.0,15682.0,15682.0,295.0,11.0,2.332,0.087,24012.0,0.19,3486.0,27.037,15202.0,0.118,6.0,152.89,5106.0,34.988,0.03,26560.0,568.07,470.0,47.521,0.008,2953.0,43.499,23613.0,296.0,71.338
2020-09-08,388.0,130.0,283.0,21103.0,21103.0,511.0,21.0,4.04,0.166,14637.0,0.116,5351.0,41.502,16039.0,0.124,3.0,76.445,5020.0,34.399,0.03,8964.0,191.724,644.0,65.114,0.008,2481.0,36.547,27226.0,451.0,82.253
2020-09-09,646.0,138.0,268.0,21724.0,21724.0,540.0,14.0,4.27,0.111,23072.0,0.182,4461.0,34.599,15426.0,0.12,5.0,127.408,5172.0,35.441,0.03,8866.0,189.628,883.0,89.278,0.008,2681.0,39.493,34049.0,1160.0,102.866
2020-09-10,585.0,157.0,304.0,19973.0,19973.0,652.0,4.0,5.155,0.032,22306.0,0.176,5043.0,39.113,15089.0,0.117,4.0,101.926,5310.0,36.386,0.032,10764.0,230.222,930.0,94.031,0.009,2931.0,43.175,36056.0,916.0,108.93
2020-09-11,687.0,203.0,279.0,22278.0,22278.0,642.0,12.0,5.076,0.095,16479.0,0.13,5935.0,46.032,14382.0,0.112,3.0,76.445,5421.0,37.147,0.033,12183.0,260.572,931.0,94.132,0.009,3544.0,52.205,47769.0,1175.0,144.316
2020-09-12,497.0,250.0,259.0,16528.0,16528.0,648.0,13.0,5.123,0.103,10545.0,0.083,5674.0,44.007,6421.0,0.05,1.0,25.482,5406.0,37.044,0.035,0.0,0.0,1007.0,101.816,0.01,3504.0,51.616,41101.0,702.0,124.171
2020-09-13,673.0,175.0,245.0,12096.0,12096.0,440.0,7.0,3.479,0.055,472.0,0.004,4408.0,34.188,3936.0,0.031,2.0,50.963,5361.0,36.736,0.036,0.0,0.0,640.0,64.709,0.01,3338.0,49.171,34372.0,436.0,103.842
2020-09-14,613.0,116.0,266.0,19401.0,19401.0,268.0,7.0,2.119,0.055,25446.0,0.201,3335.0,25.866,15072.0,0.117,6.0,152.89,5414.0,37.099,0.037,27404.0,586.122,777.0,78.561,0.01,2625.0,38.668,34423.0,432.0,103.996
2020-09-15,425.0,177.0,228.0,23714.0,23714.0,532.0,8.0,4.206,0.063,20163.0,0.159,4771.0,37.004,11331.0,0.088,1.0,25.482,5435.0,37.243,0.038,9437.0,201.84,674.0,68.147,0.01,3115.0,45.886,39492.0,1201.0,119.31
2020-09-16,605.0,166.0,271.0,23865.0,23865.0,551.0,18.0,4.357,0.142,18314.0,0.145,4444.0,34.468,4587.0,0.036,3.0,76.445,5612.0,38.456,0.039,11193.0,239.398,842.0,85.133,0.01,4007.0,59.025,39030.0,956.0,117.914
2020-09-17,770.0,266.0,245.0,21699.0,21699.0,491.0,9.0,3.882,0.071,23313.0,0.184,3182.0,24.68,15302.0,0.119,5.0,127.408,5667.0,38.833,0.039,11291.0,241.494,786.0,79.471,0.01,3410.0,50.231,45130.0,861.0,136.343
2020-09-18,780.0,259.0,264.0,22108.0,22108.0,573.0,10.0,4.53,0.079,17605.0,0.139,4841.0,37.547,14664.0,0.114,5.0,127.408,5803.0,39.764,0.039,14389.0,307.755,865.0,87.459,0.009,4329.0,63.769,49282.0,894.0,148.887
2020-09-19,849.0,351.0,222.0,16171.0,16171.0,601.0,4.0,4.752,0.032,9530.0,0.075,5167.0,40.075,6328.0,0.049,1.0,25.482,5960.0,40.84,0.039,0.0,0.0,809.0,81.796,0.009,4429.0,65.242,42202.0,734.0,127.497
2020-09-20,552.0,192.0,217.0,11094.0,11094.0,480.0,4.0,3.795,0.032,6153.0,0.049,3542.0,27.472,3861.0,0.03,1.0,25.482,6043.0,41.409,0.039,0.0,0.0,674.0,68.147,0.009,3899.0,57.435,38447.0,266.0,116.153
2020-09-21,623.0,140.0,242.0,19878.0,19878.0,320.0,10.0,2.53,0.079,2778.0,0.022,2917.0,22.624,14770.0,0.115,2.0,50.963,6090.0,41.731,0.039,31428.0,672.188,679.0,68.652,0.008,4378.0,64.49,51878.0,425.0,156.73
2020-09-22,463.0,238.0,254.0,23821.0,23821.0,311.0,1.0,2.459,0.008,3386.0,0.027,4683.0,36.321,15357.0,0.119,2.0,50.963,6109.0,41.861,0.041,10799.0,230.971,852.0,86.144,0.008,4936.0,72.71,39866.0,1033.0,120.44
2020-09-23,802.0,316.0,278.0,22777.0,22777.0,236.0,6.0,1.866,0.047,26925.0,0.213,4786.0,37.12,14725.0,0.114,2.0,50.963,6330.0,43.376,0.043,11289.0,241.451,1083.0,109.5,0.009,6187.0,91.138,39069.0,1055.0,118.032
2020-09-24,691.0,386.0,237.0,21342.0,21342.0,481.0,15.0,3.803,0.119,19021.0,0.15,5408.0,41.944,13883.0,0.108,6.0,152.89,6489.0,44.465,0.046,10653.0,227.848,1002.0,101.31,0.009,6644.0,97.87,47103.0,899.0,142.304
2020-09-25,899.0,327.0,251.0,24244.0,24244.0,564.0,4.0,4.459,0.032,28526.0,0.226,5401.0,41.89,13992.0,0.109,3.0,76.445,7112.0,48.734,0.05,12272.0,262.476,1008.0,101.917,0.009,6878.0,101.317,48295.0,944.0,145.905
2020-09-26,884.0,377.0,265.0,17229.0,17229.0,649.0,3.0,5.131,0.024,10522.0,0.083,5573.0,43.224,6261.0,0.049,2.0,50.963,7421.0,50.852,0.054,0.0,0.0,1078.0,108.995,0.01,6050.0,89.12,44673.0,768.0,134.963
2020-09-27,665.0,267.0,234.0,11412.0,11327.0,483.0,2.0,3.819,0.016,4550.0,0.036,3886.0,30.14,3824.0,0.03,0.0,0.0,7764.0,53.202,0.054,0.0,0.0,851.0,86.043,0.01,5700.0,83.964,37528.0,315.0,113.377
2020-09-28,425.0,237.0,268.0,20249.0,20249.0,298.0,12.0,2.356,0.095,19750.0,0.156,3400.0,26.37,15248.0,0.118,2.0,50.963,8026.0,54.997,0.054,31785.0,679.823,626.0,63.294,0.01,4056.0,59.747,33294.0,358.0,100.585
2020-09-29,688.0,309.0,262.0,26551.0,26531.0,538.0,7.0,4.254,0.055,103676.0,0.82,4446.0,34.483,15323.0,0.119,2.0,50.963,8129.0,55.703,0.056,0.0,0.0,995.0,100.603,0.01,7156.0,105.412,43338.0,834.0,130.929
2020-09-30,825.0,337.0,269.0,26310.0,26227.0,569.0,7.0,4.499,0.055,19462.0,0.154,5053.0,39.191,14540.0,0.113,4.0,101.926,8371.0,57.361,0.059,20922.0,447.484,1100.0,111.219,0.01,7117.0,104.838,39443.0,956.0,119.162
2020-10-01,854.0,407.0,212.0,24530.0,24452.0,653.0,5.0,5.163,0.04,17671.0,0.14,5099.0,39.548,13720.0,0.106,1.0,25.482,8835.0,60.541,0.062,9419.0,201.455,1158.0,117.083,0.01,6929.0,102.068,45650.0,874.0,137.914
2020-10-02,888.0,422.0,238.0,24698.0,24623.0,524.0,11.0,4.143,0.087,21860.0,0.173,4775.0,37.035,13417.0,0.104,2.0,50.963,9294.0,63.686,0.064,11325.0,242.221,1181.0,119.409,0.01,6994.0,103.026,54950.0,861.0,166.011
2020-10-03,963.0,486.0,254.0,17593.0,17530.0,577.0,3.0,4.562,0.024,13684.0,0.108,4863.0,37.717,5786.0,0.045,1.0,25.482,9735.0,66.708,0.065,0.0,0.0,1231.0,124.464,0.01,12885.0,189.803,48577.0,684.0,146.757
2020-10-04,904.0,362.0,222.0,11886.0,11797.0,401.0,4.0,3.171,0.032,4928.0,0.039,3712.0,28.79,3702.0,0.029,0.0,0.0,10376.0,71.1,0.066,0.0,0.0,1041.0,105.254,0.01,22965.0,338.288,35738.0,381.0,107.969
2020-10-05,734.0,247.0,236.0,11788.0,11775.0,281.0,4.0,2.222,0.032,21865.0,0.173,28115.0,218.059,13636.0,0.106,1.0,25.482,10757.0,73.711,0.071,23480.0,502.195,932.0,94.233,0.011,12603.0,185.649,39376.0,480.0,118.96
2020-10-06,427.0,258.0,275.0,23191.0,23148.0,513.0,7.0,4.056,0.055,20435.0,0.162,4828.0,37.446,14763.0,0.115,1.0,25.482,11481.0,78.672,0.077,11998.0,256.615,1061.0,107.276,0.011,14557.0,214.433,45289.0,686.0,136.824
2020-10-07,944.0,325.0,266.0,29274.0,29145.0,499.0,5.0,3.945,0.04,21401.0,0.169,4580.0,35.522,14466.0,0.112,3.0,76.445,10981.0,75.246,0.085,10491.0,224.383,1046.0,105.759,0.011,14173.0,208.776,51056.0,926.0,154.247
2020-10-08,1278.0,480.0,270.0,27746.0,27697.0,640.0,3.0,5.06,0.024,21397.0,0.169,5300.0,41.107,13736.0,0.107,2.0,50.963,11345.0,77.74,0.09,12423.0,265.705,1089.0,110.107,0.01,17550.0,258.522,58599.0,989.0,177.035
2020-10-09,1394.0,647.0,252.0,28948.0,28684.0,588.0,6.0,4.649,0.047,19697.0,0.156,5532.0,42.906,13597.0,0.105,4.0,101.926,11969.0,82.016,0.091,12788.0,273.512,1075.0,108.691,0.01,13888.0,204.578,56384.0,965.0,170.343
2020-10-10,1646.0,639.0,260.0,21089.0,20999.0,695.0,3.0,5.495,0.024,10803.0,0.085,4308.0,33.413,6221.0,0.048,0.0,0.0,12673.0,86.84,0.097,0.0,0.0,1129.0,114.151,0.009,15175.0,223.537,54953.0,659.0,166.02
2020-10-11,1090.0,384.0,233.0,13459.0,13458.0,438.0,2.0,3.463,0.016,5077.0,0.04,3175.0,24.625,4274.0,0.033,1.0,25.482,13442.0,92.11,0.1,0.0,0.0,1096.0,110.815,0.009,12882.0,189.759,45981.0,471.0,138.914
2020-10-12,1249.0,311.0,269.0,23343.0,23162.0,252.0,3.0,1.992,0.024,23235.0,0.184,3542.0,27.472,15395.0,0.119,2.0,50.963,13406.0,91.863,0.105,27856.0,595.789,1064.0,107.579,0.009,14011.0,206.39,41774.0,395.0,126.204
2020-10-13,1208.0,549.0,256.0,31413.0,31223.0,501.0,4.0,3.961,0.032,19828.0,0.157,4295.0,33.312,16777.0,0.13,5.0,127.408,13690.0,93.809,0.116,7118.0,152.241,1315.0,132.957,0.01,17250.0,254.102,52231.0,796.0,157.796
2020-10-14,2072.0,446.0,237.0,32134.0,31934.0,541.0,11.0,4.277,0.087,21837.0,0.173,4056.0,31.458,15566.0,0.121,7.0,178.371,14041.0,96.214,0.122,11970.0,256.017,1431.0,144.686,0.01,19751.0,290.944,59778.0,989.0,180.597
2020-10-15,2101.0,588.0,270.0,31146.0,30928.0,708.0,4.0,5.598,0.032,20737.0,0.164,5514.0,42.766,14753.0,0.114,5.0,127.408,13556.0,92.891,0.133,13318.0,284.848,1398.0,141.349,0.011,18996.0,279.822,64880.0,850.0,196.011
2020-10-16,2608.0,985.0,250.0,32581.0,32161.0,642.0,14.0,5.076,0.111,20701.0,0.164,6751.0,52.361,15726.0,0.122,2.0,50.963,14937.0,102.354,0.145,15186.0,324.801,1412.0,142.765,0.011,15657.0,230.637,69147.0,938.0,208.902
2020-10-17,2153.0,1853.0,253.0,23723.0,23641.0,626.0,6.0,4.95,0.047,9896.0,0.078,5447.0,42.247,6981.0,0.054,5.0,127.408,14703.0,100.751,0.152,0.0,0.0,1538.0,155.504,0.012,16186.0,238.429,56759.0,763.0,171.476
2020-10-18,1856.0,1081.0,237.0,15106.0,15104.0,428.0,2.0,3.384,0.016,5123.0,0.041,4119.0,31.947,4648.0,0.036,5.0,127.408,14804.0,101.443,0.158,0.0,0.0,1215.0,122.846,0.012,16994.0,250.331,49367.0,493.0,149.144
2020-10-19,1949.0,966.0,248.0,26730.0,26422.0,310.0,4.0,2.451,0.032,21920.0,0.173,3699.0,28.689,18722.0,0.145,3.0,76.445,15843.0,108.562,0.165,37889.0,810.377,915.0,92.514,0.012,18830.0,277.377,67717.0,479.0,204.581
2020-10-20,1876.0,1932.0,256.0,34013.0,33701.0,487.0,3.0,3.851,0.024,15486.0,0.122,5788.0,44.892,19382.0,0.15,3.0,76.445,16108.0,110.378,0.185,13873.0,296.718,1077.0,108.893,0.012,21365.0,314.719,61956.0,924.0,187.177
2020-10-21,2535.0,1340.0,284.0,34052.0,33473.0,620.0,7.0,4.902,0.055,22144.0,0.175,6845.0,53.09,18582.0,0.144,2.0,50.963,15444.0,105.828,0.207,16973.0,363.022,1538.0,155.504,0.012,26707.0,393.41,63301.0,1120.0,191.24
2020-10-22,3270.0,1293.0,255.0,32865.0,32495.0,619.0,11.0,4.894,0.087,23418.0,0.185,6612.0,51.283,18496.0,0.143,8.0,203.853,15704.0,107.61,0.221,20986.0,448.852,1578.0,159.549,0.012,21257.0,313.128,76310.0,914.0,230.542
2020-10-23,2899.0,1349.0,262.0,33704.0,33180.0,734.0,9.0,5.803,0.071,22880.0,0.181,6604.0,51.22,18045.0,0.14,14.0,356.742,17077.0,117.018,0.241,19851.0,424.577,1563.0,158.032,0.012,20559.0,302.846,81933.0,965.0,247.53
2020-10-24,3669.0,1962.0,254.0,25879.0,25812.0,731.0,4.0,5.78,0.032,13211.0,0.104,6025.0,46.73,7513.0,0.058,1.0,25.482,16260.0,111.42,0.253,0.0,0.0,1491.0,150.752,0.012,23033.0,339.289,82767.0,951.0,250.049
2020-10-25,2577.0,1035.0,236.0,17454.0,17385.0,496.0,6.0,3.922,0.047,5427.0,0.043,4360.0,33.816,4978.0,0.039,10.0,254.816,16392.0,112.324,0.261,0.0,0.0,1359.0,137.406,0.012,19797.0,291.621,62204.0,462.0,187.926
2020-10-26,2447.0,1079.0,289.0,28250.0,27777.0,408.0,5.0,3.226,0.04,22602.0,0.179,4166.0,32.311,20187.0,0.157,4.0,101.926,17148.0,117.505,0.269,52188.0,1116.207,1111.0,112.331,0.012,20900.0,307.869,67310.0,533.0,203.352
2020-10-27,3299.0,2388.0,244.0,36108.0,35649.0,643.0,5.0,5.084,0.04,25714.0,0.203,5942.0,46.086,20238.0,0.157,10.0,254.816,16342.0,111.982,0.285,18418.0,393.928,1390.0,140.54,0.013,22924.0,337.684,76838.0,973.0,232.137
2020-10-28,3960.0,1657.0,293.0,36609.0,35970.0,731.0,5.0,5.78,0.04,23064.0,0.182,5595.0,43.395,19254.0,0.149,17.0,433.187,15886.0,108.857,0.298,19765.0,422.737,1400.0,141.551,0.013,24714.0,364.051,79426.0,1034.0,239.956
2020-10-29,4224.0,1701.0,266.0,37231.0,36653.0,797.0,17.0,6.302,0.134,20504.0,0.162,5948.0,46.133,18374.0,0.143,10.0,254.816,17418.0,119.355,0.304,23580.0,504.333,1312.0,132.654,0.012,23078.0,339.952,91019.0,1004.0,274.98
2020-10-30,4656.0,1747.0,283.0,38671.0,37784.0,776.0,8.0,6.136,0.063,21782.0,0.172,6000.0,46.536,16013.0,0.124,8.0,203.853,17987.0,123.254,0.302,25595.0,547.431,1172.0,118.499,0.011,24418.0,359.691,99264.0,1059.0,299.889
2020-10-31,4007.0,2831.0,241.0,31628.0,31296.0,877.0,13.0,6.934,0.103,11398.0,0.09,6151.0,47.707,6629.0,0.051,4.0,101.926,17834.0,122.206,0.301,0.0,0.0,1121.0,113.342,0.011,21919.0,322.88,89754.0,910.0,271.158
2020-11-01,3062.0,1491.0,230.0,22620.0,22593.0,616.0,7.0,4.87,0.055,6214.0,0.049,4430.0,34.359,4151.0,0.032,7.0,178.371,18381.0,125.954,0.298,0.0,0.0,1278.0,129.216,0.011,23261.0,342.648,104900.0,496.0,316.916
2020-11-02,2506.0,1523.0,308.0,30450.0,29591.0,488.0,11.0,3.858,0.087,21535.0,0.17,3763.0,29.186,10145.0,0.079,9.0,229.334,18017.0,123.46,0.299,55019.0,1176.757,1234.0,124.767,0.011,18967.0,279.395,85211.0,574.0,257.433
2020-11-03,2596.0,3295.0,250.0,41437.0,40783.0,878.0,7.0,6.942,0.055,7477.0,0.059,5250.0,40.719,18880.0,0.146,22.0,560.595,18431.0,126.296,0.293,18669.0,399.296,1008.0,101.917,0.011,20078.0,295.761,127198.0,1578.0,384.281
2020-11-04,7497.0,2357.0,269.0,41800.0,40917.0,619.0,5.0,4.894,0.04,21840.0,0.173,5225.0,40.525,18235.0,0.141,15.0,382.224,19483.0,133.505,0.28,25042.0,535.603,1161.0,117.387,0.01,25206.0,371.299,104541.0,1116.0,315.831
2020-11-05,4410.0,2507.0,245.0,42026.0,41287.0,1036.0,7.0,8.191,0.055,29533.0,0.234,5567.0,43.178,18135.0,0.141,18.0,458.669,19116.0,130.99,0.277,21908.0,468.572,1289.0,130.328,0.01,24164.0,355.95,129367.0,1156.0,390.834
2020-11-06,5550.0,2301.0,267.0,42587.0,41595.0,1172.0,4.0,9.267,0.032,28237.0,0.223,5931.0,46.001,16697.0,0.13,24.0,611.558,20368.0,139.57,0.275,22516.0,481.576,1292.0,130.632,0.01,23322.0,343.547,128033.0,1237.0,386.804
2020-11-07,6640.0,3993.0,228.0,33486.0,32706.0,1303.0,5.0,10.302,0.04,13460.0,0.106,6810.0,52.818,7069.0,0.055,29.0,738.966,20109.0,137.795,0.269,0.0,0.0,1141.0,115.364,0.011,24979.0,367.955,127510.0,1081.0,385.224
2020-11-08,5784.0,2034.0,218.0,22131.0,22057.0,955.0,6.0,7.551,0.047,8004.0,0.063,5887.0,45.659,4679.0,0.036,3.0,76.445,20248.0,138.747,0.268,0.0,0.0,1111.0,112.331,0.01,20580.0,303.155,115170.0,572.0,347.943
2020-11-09,4096.0,2302.0,284.0,33352.0,32195.0,797.0,13.0,6.302,0.103,25476.0,0.201,4960.0,38.47,20037.0,0.155,4.0,101.926,21577.0,147.854,0.267,52386.0,1120.442,1146.0,115.87,0.01,21397.0,315.19,120434.0,779.0,363.846
2020-11-10,3817.0,4795.0,259.0,41083.0,39609.0,1296.0,6.0,10.247,0.047,25179.0,0.199,5746.0,44.566,19649.0,0.152,22.0,560.595,20765.0,142.29,0.263,0.0,0.0,1096.0,110.815,0.009,20451.0,301.255,140504.0,1419.0,424.48
2020-11-11,4935.0,3475.0,248.0,43837.0,42303.0,1524.0,7.0,12.05,0.055,33681.0,0.266,7646.0,59.302,18868.0,0.146,12.0,305.779,19583.0,134.19,0.264,36491.0,780.476,1214.0,122.745,0.009,23000.0,338.803,146750.0,1436.0,443.35
2020-11-12,5839.0,3336.0,257.0,44419.0,43075.0,1644.0,7.0,12.998,0.055,29912.0,0.237,5658.0,43.883,18302.0,0.142,8.0,203.853,21333.0,146.182,0.263,19511.0,417.305,1136.0,114.859,0.009,33517.0,493.725,164750.0,1207.0,497.73
2020-11-13,6653.0,3693.0,268.0,49615.0,46880.0,1705.0,10.0,13.481,0.079,24038.0,0.19,5558.0,43.108,17721.0,0.137,8.0,203.853,21717.0,148.813,0.264,21371.0,457.087,1226.0,123.959,0.009,27316.0,402.38,180398.0,1200.0,545.005
2020-11-14,6602.0,5135.0,249.0,33856.0,32605.0,1753.0,1.0,13.86,0.008,16651.0,0.132,5860.0,45.45,7984.0,0.062,5.0,127.408,22441.0,153.775,0.268,0.0,0.0,1174.0,118.701,0.009,26876.0,395.899,167926.0,1348.0,507.325
2020-11-15,6035.0,2549.0,216.0,23117.0,22970.0,1498.0,9.0,11.844,0.071,9127.0,0.072,3269.0,25.354,4824.0,0.037,3.0,76.445,22313.0,152.897,0.271,0.0,0.0,1210.0,122.341,0.01,24977.0,367.926,136356.0,778.0,411.948
2020-11-16,8371.0,17089.0,284.0,37497.0,35444.0,946.0,9.0,7.48,0.071,30109.0,0.238,2874.0,22.291,5990.0,0.046,4.0,101.926,22562.0,154.604,0.273,38273.0,818.59,1209.0,122.24,0.01,21416.0,315.47,162624.0,834.0,491.307
2020-11-17,4452.0,7290.0,237.0,45300.0,43210.0,1690.0,12.0,13.362,0.095,27634.0,0.218,1757.0,13.627,21010.0,0.163,5.0,127.408,22201.0,152.13,0.272,13159.0,281.447,1255.0,126.891,0.01,20060.0,295.495,163958.0,1719.0,495.337
2020-11-18,5891.0,4257.0,253.0,48953.0,46259.0,2230.0,13.0,17.632,0.103,34630.0,0.274,3918.0,30.388,19072.0,0.148,8.0,203.853,20717.0,141.961,0.276,15318.0,327.624,1292.0,130.632,0.01,19645.0,289.382,173251.0,1919.0,523.413
2020-11-19,6994.0,4222.0,268.0,47606.0,45332.0,2382.0,12.0,18.834,0.095,37810.0,0.299,4472.0,34.685,17597.0,0.136,8.0,203.853,23337.0,159.914,0.277,16233.0,347.194,1153.0,116.578,0.011,22936.0,337.861,191510.0,2057.0,578.575
2020-11-20,6489.0,5076.0,246.0,46623.0,43513.0,2426.0,10.0,19.181,0.079,41770.0,0.33,6426.0,49.84,19197.0,0.149,4.0,101.926,24059.0,164.862,0.277,15156.0,324.159,1269.0,128.306,0.011,20274.0,298.648,198333.0,1957.0,599.189
2020-11-21,6472.0,6379.0,225.0,34874.0,33736.0,2586.0,2.0,20.446,0.016,24924.0,0.197,6719.0,52.112,9467.0,0.073,4.0,101.926,24538.0,168.144,0.281,0.0,0.0,1262.0,127.598,0.011,19921.0,293.448,179436.0,1620.0,542.098
2020-11-22,4788.0,3540.0,200.0,26140.0,25948.0,2163.0,11.0,17.102,0.087,20389.0,0.161,9187.0,71.254,5211.0,0.04,1.0,25.482,24295.0,166.479,0.28,0.0,0.0,1205.0,121.835,0.011,18667.0,274.976,146947.0,1035.0,443.945
2020-11-23,4044.0,3908.0,292.0,33829.0,30768.0,1520.0,6.0,12.018,0.047,9560.0,0.076,7483.0,58.038,22640.0,0.176,1.0,25.482,24891.0,170.563,0.276,25886.0,553.655,1065.0,107.68,0.011,15465.0,227.808,174089.0,1099.0,525.944
2020-11-24,3919.0,7406.0,232.0,47405.0,44726.0,1232.0,14.0,9.741,0.111,43773.0,0.346,10794.0,83.718,24248.0,0.188,4.0,101.926,24087.0,165.054,0.272,12228.0,261.535,1310.0,132.452,0.011,11344.0,167.104,175544.0,2131.0,530.34
2020-11-25,5290.0,5123.0,220.0,46807.0,44188.0,1949.0,20.0,15.41,0.158,41052.0,0.325,10335.0,80.158,23195.0,0.18,7.0,178.371,23393.0,160.298,0.26,10222.0,218.63,1297.0,131.137,0.011,18261.0,268.995,183403.0,2259.0,554.083
2020-11-26,6383.0,4588.0,238.0,44836.0,42258.0,2490.0,13.0,19.687,0.103,42634.0,0.337,8107.0,62.878,23298.0,0.181,6.0,152.89,25195.0,172.646,0.256,12289.0,262.839,1305.0,131.946,0.011,17557.0,258.625,112526.0,1388.0,339.955
2020-11-27,5444.0,5502.0,252.0,45135.0,42142.0,2553.0,32.0,20.186,0.253,43351.0,0.343,12081.0,93.7,23177.0,0.18,3.0,76.445,27267.0,186.844,0.251,10853.0,232.126,1283.0,129.722,0.011,14821.0,218.322,207933.0,1551.0,628.191
2020-11-28,4868.0,6829.0,244.0,31744.0,29956.0,2679.0,14.0,21.182,0.111,22307.0,0.176,10728.0,83.206,11053.0,0.086,4.0,101.926,26809.0,183.706,0.252,0.0,0.0,1252.0,126.587,0.01,15891.0,234.084,155661.0,1365.0,470.271
2020-11-29,4093.0,3259.0,230.0,16934.0,16704.0,2058.0,15.0,16.272,0.119,11975.0,0.095,5668.0,43.961,5820.0,0.045,1.0,25.482,26390.0,180.835,0.25,0.0,0.0,1251.0,126.486,0.01,12164.0,179.183,140328.0,1039.0,423.948
2020-11-30,3262.0,3408.0,248.0,32283.0,29527.0,1447.0,19.0,11.441,0.15,41335.0,0.327,6472.0,50.197,26480.0,0.205,1.0,25.482,26046.0,178.477,0.248,19979.0,427.315,1107.0,111.927,0.01,12428.0,183.072,160321.0,1347.0,484.35
2020-12-01,2401.0,7935.0,249.0,24136.0,23553.0,2014.0,33.0,15.924,0.261,44289.0,0.35,8819.0,68.4,28660.0,0.222,8.0,203.853,26126.0,179.026,0.259,8257.0,176.602,1289.0,130.328,0.01,13497.0,198.819,188339.0,2550.0,568.995
2020-12-02,3384.0,2569.0,286.0,37280.0,34036.0,2456.0,32.0,19.419,0.253,43236.0,0.342,11251.0,87.263,29211.0,0.227,4.0,101.926,25043.0,171.604,0.264,9331.0,199.573,1285.0,129.924,0.01,16237.0,239.18,202894.0,2818.0,612.968
2020-12-03,3772.0,5572.0,282.0,43824.0,40671.0,2506.0,33.0,19.814,0.261,36823.0,0.291,11030.0,85.548,29845.0,0.231,9.0,229.334,27829.0,190.695,0.266,10127.0,216.598,1317.0,133.159,0.01,14951.0,220.237,223421.0,2944.0,674.983
2020-12-04,4935.0,5020.0,241.0,43430.0,39778.0,2449.0,36.0,19.363,0.285,38145.0,0.302,12127.0,94.057,29509.0,0.229,0.0,0.0,27078.0,185.549,0.271,8745.0,187.04,1311.0,132.553,0.01,16382.0,241.316,232644.0,2700.0,702.846
2020-12-05,6087.0,6165.0,249.0,27914.0,26056.0,2483.0,19.0,19.632,0.15,22313.0,0.176,11625.0,90.163,15279.0,0.119,7.0,178.371,28450.0,194.951,0.269,0.0,0.0,1214.0,122.745,0.011,15579.0,229.488,215811.0,2358.0,651.992
2020-12-06,3834.0,2852.0,211.0,15772.0,15535.0,2047.0,30.0,16.185,0.237,17612.0,0.139,7455.0,57.821,5923.0,0.046,1.0,25.482,28701.0,196.67,0.271,0.0,0.0,1153.0,116.578,0.011,17372.0,255.9,181253.0,1352.0,547.588
2020-12-07,2597.0,2788.0,256.0,34966.0,28273.0,1517.0,40.0,11.994,0.316,37737.0,0.298,6399.0,49.631,32356.0,0.251,3.0,76.445,27798.0,190.483,0.278,17681.0,378.165,1148.0,116.072,0.011,14774.0,217.63,194409.0,1607.0,587.334
2020-12-08,2905.0,6585.0,237.0,26091.0,25053.0,2158.0,35.0,17.062,0.277,40060.0,0.317,11006.0,85.362,31688.0,0.246,7.0,178.371,25752.0,176.463,0.271,0.0,0.0,1260.0,127.396,0.011,12386.0,182.453,224452.0,2622.0,678.097
2020-12-09,4097.0,2272.0,287.0,34405.0,30730.0,2837.0,42.0,22.431,0.332,54557.0,0.431,11974.0,92.87,31991.0,0.248,7.0,178.371,25838.0,177.052,0.276,9773.0,209.027,1313.0,132.755,0.011,16634.0,245.028,222648.0,3176.0,672.647
2020-12-10,3134.0,4848.0,266.0,41851.0,37268.0,2977.0,19.0,23.538,0.15,44612.0,0.353,11897.0,92.273,33643.0,0.261,2.0,50.963,27562.0,188.866,0.28,7955.0,170.143,1255.0,126.891,0.01,21066.0,310.314,231428.0,2996.0,699.173
2020-12-11,5080.0,4100.0,278.0,39389.0,35376.0,2904.0,51.0,22.961,0.403,53834.0,0.426,12253.0,95.034,32371.0,0.251,2.0,50.963,28206.0,193.279,0.284,10519.0,224.982,1196.0,120.925,0.01,21784.0,320.891,240089.0,3410.0,725.339
2020-12-12,4413.0,4805.0,245.0,27907.0,26179.0,2962.0,16.0,23.419,0.127,28203.0,0.223,12057.0,93.514,15731.0,0.122,9.0,229.334,27729.0,190.01,0.287,0.0,0.0,1154.0,116.679,0.009,21554.0,317.503,217797.0,2469.0,657.992
2020-12-13,4044.0,2869.0,256.0,17392.0,17066.0,2367.0,19.0,18.715,0.15,13144.0,0.104,8608.0,66.763,6485.0,0.05,0.0,0.0,27651.0,189.475,0.287,0.0,0.0,1194.0,120.723,0.008,18541.0,273.12,187971.0,1634.0,567.884
2020-12-14,2194.0,2955.0,285.0,32708.0,28853.0,1672.0,49.0,13.22,0.387,53758.0,0.425,5930.0,45.993,34722.0,0.269,3.0,76.445,26902.0,184.343,0.288,21309.0,455.761,1092.0,110.41,0.008,20377.0,300.165,194314.0,1656.0,587.047
2020-12-15,2638.0,5761.0,248.0,41983.0,38852.0,2441.0,51.0,19.3,0.403,45817.0,0.362,11228.0,87.084,33706.0,0.261,7.0,178.371,26265.0,179.978,0.291,10328.0,220.897,1226.0,123.959,0.008,18569.0,273.532,208992.0,3122.0,631.391
2020-12-16,4720.0,3681.0,258.0,42225.0,38245.0,2999.0,42.0,23.712,0.332,54303.0,0.429,10297.0,79.863,33177.0,0.257,7.0,178.371,26074.0,178.669,0.285,11078.0,236.938,1278.0,129.216,0.008,25300.0,372.684,246644.0,3670.0,745.142
2020-12-17,4320.0,3309.0,274.0,42711.0,38326.0,3199.0,38.0,25.293,0.3,62439.0,0.494,11799.0,91.513,32672.0,0.253,15.0,382.224,27787.0,190.407,0.282,12131.0,259.46,1321.0,133.564,0.008,35532.0,523.407,239900.0,3498.0,724.768
2020-12-18,4336.0,3662.0,245.0,43525.0,38216.0,2803.0,48.0,22.162,0.38,56421.0,0.446,12248.0,94.995,33578.0,0.26,15.0,382.224,28116.0,192.662,0.277,11815.0,252.701,1284.0,129.823,0.009,28560.0,420.705,251832.0,2966.0,760.816
2020-12-19,3835.0,4124.0,228.0,31664.0,28933.0,3062.0,40.0,24.21,0.316,27049.0,0.214,12129.0,94.072,17382.0,0.135,8.0,203.853,27772.0,190.305,0.278,0.0,0.0,1254.0,126.79,0.009,27249.0,401.393,192102.0,2662.0,580.364
2020-12-20,3334.0,2419.0,211.0,18383.0,17994.0,2455.0,35.0,19.411,0.277,12282.0,0.097,6870.0,53.284,6924.0,0.054,5.0,127.408,28510.0,195.362,0.279,0.0,0.0,1171.0,118.398,0.009,36084.0,531.538,188015.0,1724.0,568.017
2020-12-21,2099.0,2370.0,270.0,40576.0,33837.0,1804.0,49.0,14.264,0.387,55650.0,0.44,5370.0,41.65,37293.0,0.289,14.0,356.742,28917.0,198.151,0.276,22013.0,470.818,1077.0,108.893,0.009,33517.0,493.725,198703.0,1923.0,600.306
2020-12-22,2436.0,5222.0,260.0,53178.0,45489.0,2658.0,44.0,21.016,0.348,31110.0,0.246,12511.0,97.035,35762.0,0.277,14.0,356.742,28340.0,194.197,0.271,10654.0,227.87,1226.0,123.959,0.009,36931.0,544.015,198107.0,3410.0,598.506
2020-12-23,4602.0,3621.0,227.0,59267.0,46348.0,3275.0,64.0,25.894,0.506,72258.0,0.571,11653.0,90.38,34582.0,0.268,11.0,280.298,26814.0,183.74,0.271,12386.0,264.914,1246.0,125.981,0.009,39387.0,580.193,229624.0,3435.0,693.723
2020-12-24,4378.0,4087.0,243.0,33645.0,28045.0,3762.0,26.0,29.745,0.206,63512.0,0.502,12485.0,96.833,26399.0,0.205,16.0,407.706,29499.0,202.139,0.272,12662.0,270.817,1311.0,132.553,0.009,39149.0,576.687,194155.0,2897.0,586.566
2020-12-25,4146.0,2593.0,210.0,8804.0,8321.0,3806.0,49.0,30.093,0.387,60261.0,0.476,9679.0,75.07,4716.0,0.037,6.0,152.89,28595.0,195.944,0.275,0.0,0.0,1230.0,124.363,0.009,32803.0,483.207,97880.0,1433.0,295.708
2020-12-26,1214.0,1545.0,272.0,19922.0,18087.0,3892.0,46.0,30.773,0.364,32677.0,0.258,4974.0,38.578,12609.0,0.098,8.0,203.853,28833.0,197.575,0.271,0.0,0.0,1227.0,124.06,0.009,34788.0,512.447,226416.0,1889.0,684.031
2020-12-27,1577.0,3075.0,216.0,17441.0,16770.0,2945.0,38.0,23.285,0.3,11963.0,0.095,6217.0,48.219,7691.0,0.06,0.0,0.0,27849.0,190.832,0.272,0.0,0.0,944.0,95.446,0.008,32493.0,478.641,155845.0,1436.0,470.827
2020-12-28,2093.0,1936.0,265.0,34088.0,28717.0,2374.0,52.0,18.77,0.411,74383.0,0.588,5996.0,46.505,39978.0,0.31,4.0,101.926,27363.0,187.502,0.276,24462.0,523.198,1027.0,103.838,0.008,41460.0,610.73,174152.0,2008.0,526.135
2020-12-29,3336.0,6112.0,242.0,44884.0,40009.0,3629.0,44.0,28.693,0.348,24850.0,0.196,12099.0,93.84,40359.0,0.313,26.0,662.522,26588.0,182.191,0.281,14089.0,301.338,1506.0,152.269,0.009,53275.0,784.771,200408.0,3633.0,605.457
2020-12-30,6049.0,3222.0,271.0,44546.0,37874.0,3856.0,47.0,30.488,0.372,21069.0,0.167,12406.0,96.221,38836.0,0.301,26.0,662.522,26095.0,178.813,0.29,16716.0,357.525,1723.0,174.209,0.009,50239.0,740.049,233701.0,3731.0,706.04
2020-12-31,7627.0,3260.0,224.0,36734.0,31973.0,4540.0,49.0,35.896,0.387,39575.0,0.313,12159.0,94.305,30582.0,0.237,22.0,560.595,27329.0,187.269,0.305,18047.0,385.993,1730.0,174.917,0.009,56029.0,825.339,235600.0,3487.0,711.777
2021-01-01,6951.0,4392.0,0.0,13937.0,13534.0,3257.0,248.0,25.752,1.961,25072.0,0.198,11091.0,86.022,5877.0,0.046,10.0,254.816,26613.0,182.363,0.304,0.0,0.0,1856.0,187.657,0.01,53458.0,787.467,153916.0,2157.0,464.999
2021-01-02,3241.0,1482.0,0.0,32711.0,28655.0,3029.0,31.0,23.949,0.245,8746.0,0.069,6359.0,49.32,14740.0,0.114,16.0,407.706,25938.0,177.737,0.304,0.0,0.0,1963.0,198.475,0.011,57853.0,852.208,300462.0,2512.0,907.733
2021-01-03,3384.0,2385.0,0.0,20866.0,19206.0,3196.0,60.0,25.27,0.474,20291.0,0.16,5211.0,40.416,9320.0,0.072,6.0,152.89,23845.0,163.395,0.305,0.0,0.0,1590.0,160.762,0.012,55157.0,812.494,208853.0,1454.0,630.971
2021-01-04,4369.0,1884.0,0.0,45075.0,34903.0,3332.0,48.0,26.345,0.38,84338.0,0.667,6464.0,50.135,42644.0,0.331,10.0,254.816,23015.0,157.708,0.306,30579.0,654.029,1501.0,151.763,0.012,58923.0,867.97,184005.0,2090.0,555.902
2021-01-05,4956.0,4691.0,0.0,55723.0,48613.0,4946.0,76.0,39.106,0.601,88446.0,0.699,11271.0,87.418,43965.0,0.341,30.0,764.448,23955.0,164.149,0.32,23700.0,506.9,1967.0,198.88,0.012,61087.0,899.847,235042.0,3713.0,710.091
2021-01-06,10027.0,3115.0,0.0,55788.0,47832.0,5950.0,65.0,47.044,0.514,73967.0,0.585,13345.0,103.504,43472.0,0.337,31.0,789.93,23902.0,163.786,0.324,0.0,0.0,2067.0,208.991,0.013,62556.0,921.486,255637.0,3906.0,772.311
2021-01-07,9927.0,3476.0,0.0,54836.0,46250.0,7563.0,64.0,59.798,0.506,81440.0,0.644,13734.0,106.521,44807.0,0.348,40.0,1019.264,23218.0,159.099,0.316,42360.0,906.004,2988.0,302.111,0.014,52787.0,777.583,278337.0,3992.0,840.891
2021-01-08,10176.0,4480.0,0.0,56216.0,46854.0,7863.0,78.0,62.17,0.617,63373.0,0.501,14362.0,111.391,43858.0,0.34,23.0,586.077,23330.0,159.866,0.314,25456.0,544.458,2950.0,298.269,0.015,68192.0,1004.507,295257.0,4112.0,892.008
2021-01-09,9478.0,5899.0,0.0,43775.0,37827.0,7790.0,59.0,61.592,0.466,35730.0,0.283,16105.0,124.91,22254.0,0.173,12.0,305.779,23012.0,157.687,0.311,0.0,0.0,2998.0,303.122,0.015,60098.0,885.278,260967.0,3324.0,788.414
2021-01-10,7502.0,3028.0,0.0,24980.0,22370.0,6081.0,45.0,48.08,0.356,24008.0,0.19,10003.0,77.583,9980.0,0.077,4.0,101.926,22540.0,154.453,0.306,0.0,0.0,2876.0,290.787,0.016,55026.0,810.565,213415.0,2003.0,644.753
2021-01-11,5604.0,2948.0,0.0,47696.0,37737.0,4928.0,48.0,38.964,0.38,19942.0,0.158,7594.0,58.899,48581.0,0.377,13.0,331.261,23018.0,157.728,0.301,61422.0,1313.705,2404.0,243.064,0.016,46275.0,681.657,214664.0,2107.0,648.527
2021-01-12,7259.0,6028.0,0.0,58243.0,51019.0,4575.0,64.0,36.173,0.506,86551.0,0.684,14395.0,111.647,46525.0,0.361,22.0,560.595,22657.0,155.255,0.283,25438.0,544.073,3243.0,327.894,0.018,45648.0,672.421,226967.0,4477.0,685.695
2021-01-13,10556.0,4460.0,0.0,58861.0,50324.0,5819.0,97.0,46.009,0.767,81255.0,0.642,15873.0,123.111,45432.0,0.352,36.0,917.338,22544.0,154.48,0.269,38869.0,831.337,3362.0,339.926,0.019,47662.0,702.089,230301.0,4011.0,695.768
2021-01-14,10698.0,5063.0,0.0,60144.0,52706.0,6594.0,66.0,52.136,0.522,101255.0,0.801,16468.0,127.725,46038.0,0.357,17.0,433.187,24303.0,166.534,0.258,35878.0,767.365,3382.0,341.948,0.02,48804.0,718.911,235766.0,3990.0,712.278
2021-01-15,10663.0,6458.0,0.0,62507.0,53411.0,7137.0,78.0,56.429,0.617,70610.0,0.558,21366.0,165.714,44426.0,0.345,24.0,611.558,24294.0,166.472,0.252,40197.0,859.741,3407.0,344.475,0.021,55885.0,823.218,242780.0,3893.0,733.468
2021-01-16,10947.0,8477.0,0.0,50768.0,46320.0,7071.0,56.0,55.908,0.443,44662.0,0.353,20523.0,159.176,23325.0,0.181,25.0,637.04,23670.0,162.196,0.249,0.0,0.0,3432.0,347.003,0.022,41428.0,610.258,201858.0,3410.0,609.838
2021-01-17,10385.0,4387.0,0.0,31199.0,29534.0,5773.0,49.0,45.645,0.387,16038.0,0.127,11170.0,86.634,9672.0,0.075,11.0,280.298,23178.0,158.825,0.248,0.0,0.0,3453.0,349.126,0.023,38670.0,569.631,177931.0,1901.0,537.552
2021-01-18,6702.0,4660.0,0.0,53201.0,42314.0,4890.0,58.0,38.663,0.459,80773.0,0.639,8074.0,62.622,48430.0,0.376,7.0,178.371,22509.0,154.24,0.244,84287.0,1802.746,3471.0,350.946,0.024,37610.0,554.017,143598.0,1535.0,433.827
2021-01-19,10455.0,10282.0,0.0,72116.0,60322.0,5384.0,104.0,42.569,0.822,103313.0,0.817,18894.0,146.542,48708.0,0.378,28.0,713.485,21442.0,146.929,0.238,34291.0,733.422,3491.0,352.969,0.024,33454.0,492.797,176216.0,2723.0,532.37
2021-01-20,14647.0,6493.0,0.0,75516.0,63886.0,5519.0,92.0,43.637,0.727,86804.0,0.686,20548.0,159.37,46249.0,0.359,22.0,560.595,20806.0,142.571,0.236,41576.0,889.235,3506.0,354.485,0.023,38992.0,574.375,183261.0,4407.0,553.654
2021-01-21,13544.0,5873.0,0.0,70818.0,59256.0,5621.0,94.0,44.443,0.743,85769.0,0.678,22339.0,173.261,45228.0,0.351,25.0,637.04,21544.0,147.628,0.235,44357.0,948.716,3529.0,356.811,0.023,37977.0,559.423,193856.0,4208.0,585.663
2021-01-22,13987.0,7319.0,0.0,77057.0,64158.0,5045.0,108.0,39.889,0.854,101273.0,0.801,21007.0,162.93,45981.0,0.357,24.0,611.558,21182.0,145.147,0.239,42885.0,917.232,3552.0,359.136,0.022,40321.0,593.952,190760.0,3845.0,576.31
2021-01-23,15333.0,9768.0,0.0,63079.0,53048.0,4754.0,83.0,37.588,0.656,37116.0,0.293,20057.0,155.562,23664.0,0.184,34.0,866.374,20585.0,141.056,0.241,0.0,0.0,3566.0,360.552,0.022,33652.0,495.713,170759.0,3347.0,515.884
2021-01-24,11721.0,5167.0,0.0,38321.0,36183.0,3971.0,56.0,31.397,0.443,18784.0,0.149,10872.0,84.323,9374.0,0.073,12.0,305.779,20800.0,142.53,0.242,0.0,0.0,3579.0,361.866,0.021,30111.0,443.552,131198.0,1900.0,396.365
2021-01-25,6923.0,5266.0,0.0,55558.0,43402.0,2785.0,74.0,22.02,0.585,81941.0,0.648,8521.0,66.089,47763.0,0.37,11.0,280.298,18999.0,130.189,0.245,93822.0,2006.682,3591.0,363.079,0.022,22244.0,327.667,151677.0,1978.0,458.235
2021-01-26,10765.0,13728.0,0.0,74608.0,64551.0,3861.0,104.0,30.527,0.822,66335.0,0.524,17165.0,133.131,47408.0,0.368,31.0,789.93,17982.0,123.22,0.246,36435.0,779.279,3601.0,364.09,0.021,20167.0,297.072,147626.0,4010.0,445.996
2021-01-27,15073.0,9268.0,0.0,71552.0,62134.0,3937.0,90.0,31.128,0.712,90824.0,0.718,17944.0,139.173,46243.0,0.359,14.0,356.742,17464.0,119.67,0.244,40285.0,861.623,3939.0,398.265,0.022,25369.0,373.7,153961.0,3963.0,465.135
2021-01-28,16432.0,8946.0,0.0,69769.0,61797.0,4162.0,113.0,32.907,0.893,64332.0,0.509,18670.0,144.804,43661.0,0.339,17.0,433.187,18856.0,129.209,0.243,34899.0,746.426,3966.0,400.995,0.022,28811.0,424.403,168804.0,3997.0,509.978
2021-01-29,13200.0,11187.0,0.0,68205.0,58327.0,3536.0,97.0,27.958,0.767,82296.0,0.651,16374.0,126.996,40219.0,0.312,0.0,0.0,18966.0,129.962,0.238,38118.0,815.275,3962.0,400.59,0.022,29145.0,429.323,166613.0,3631.0,503.359
2021-01-30,12435.0,14014.0,0.0,51500.0,46695.0,3319.0,91.0,26.242,0.72,40425.0,0.32,15337.0,118.953,20812.0,0.161,45.0,1146.672,18751.0,128.489,0.235,0.0,0.0,3647.0,368.741,0.022,23400.0,344.695,142459.0,2789.0,430.386
2021-01-31,9498.0,7511.0,0.0,25623.0,23851.0,2667.0,65.0,21.087,0.514,17772.0,0.141,7030.0,54.525,7291.0,0.057,14.0,356.742,18083.0,123.912,0.233,0.0,0.0,2948.0,298.067,0.021,21190.0,312.141,112152.0,1857.0,338.825
2021-02-01,5805.0,7973.0,0.0,47369.0,38324.0,1790.0,80.0,14.153,0.633,67269.0,0.532,5448.0,42.255,11196.0,0.087,10.0,254.816,17391.0,119.17,0.226,79686.0,1704.339,2730.0,276.025,0.021,18668.0,274.99,134975.0,2072.0,407.776
2021-02-02,5540.0,17572.0,0.0,57995.0,50587.0,2313.0,119.0,18.288,0.941,59110.0,0.467,4384.0,34.002,40154.0,0.311,44.0,1121.191,16406.0,112.42,0.216,29064.0,621.626,3310.0,334.668,0.02,16906.0,249.035,115303.0,3432.0,348.345
2021-02-03,9083.0,11218.0,0.0,53401.0,45746.0,2631.0,116.0,20.802,0.917,68807.0,0.544,12153.0,94.258,37328.0,0.29,29.0,738.966,16222.0,111.159,0.21,31596.0,675.781,3977.0,402.107,0.02,19215.0,283.048,121691.0,3904.0,367.644
2021-02-04,7914.0,10760.0,0.0,50384.0,41792.0,2592.0,104.0,20.494,0.822,61902.0,0.489,0.0,0.0,36046.0,0.28,24.0,611.558,16463.0,112.811,0.197,29960.0,640.79,3249.0,328.5,0.02,20734.0,305.424,124006.0,3738.0,374.637
2021-02-05,6916.0,11342.0,0.0,49625.0,39239.0,2366.0,106.0,18.707,0.838,71144.0,0.563,26626.0,206.511,35180.0,0.273,29.0,738.966,16444.0,112.681,0.186,28565.0,610.954,3251.0,328.703,0.02,19204.0,282.886,134422.0,3688.0,406.106
2021-02-06,6132.0,14317.0,0.0,30356.0,27511.0,2270.0,94.0,17.948,0.743,33043.0,0.261,13209.0,102.449,16739.0,0.13,22.0,560.595,16379.0,112.235,0.184,0.0,0.0,3276.0,331.23,0.02,18363.0,270.498,104176.0,2641.0,314.729
2021-02-07,3508.0,6573.0,0.0,15085.0,14173.0,1637.0,52.0,12.943,0.411,18191.0,0.144,6065.0,47.04,6054.0,0.047,8.0,203.853,15808.0,108.323,0.182,0.0,0.0,3093.0,312.727,0.02,15904.0,234.275,89746.0,1439.0,271.134
2021-02-08,2505.0,6755.0,0.0,34923.0,28597.0,1227.0,83.0,9.701,0.656,58499.0,0.463,3868.0,30.0,36736.0,0.285,10.0,254.816,15701.0,107.589,0.176,47095.0,1007.277,2798.0,282.901,0.02,14138.0,208.261,90438.0,1619.0,273.224
2021-02-09,2583.0,15157.0,0.0,38694.0,34486.0,1558.0,95.0,12.318,0.751,78153.0,0.618,10738.0,83.284,33348.0,0.259,30.0,764.448,14808.0,101.47,0.167,16402.0,350.809,3310.0,334.668,0.02,12441.0,183.263,95265.0,3070.0,287.807
2021-02-10,4387.0,8781.0,0.0,37621.0,32218.0,1884.0,121.0,14.896,0.957,65352.0,0.517,11138.0,86.386,31472.0,0.244,22.0,560.595,14258.0,97.701,0.164,18114.0,387.426,3539.0,357.822,0.02,13077.0,192.632,95250.0,3300.0,287.762
2021-02-11,3480.0,8263.0,0.0,37347.0,29077.0,1691.0,77.0,13.37,0.609,32865.0,0.26,10677.0,82.811,29866.0,0.232,18.0,458.669,14803.0,101.436,0.167,17853.0,381.843,3525.0,356.406,0.02,13543.0,199.496,105764.0,3213.0,319.526
2021-02-12,2854.0,7617.0,0.0,38752.0,29930.0,1316.0,63.0,10.405,0.498,56650.0,0.448,10388.0,80.569,30557.0,0.237,17.0,433.187,14867.0,101.874,0.169,14581.0,311.861,3307.0,334.365,0.02,15198.0,223.875,99670.0,2920.0,301.115
2021-02-13,2856.0,8786.0,0.0,21483.0,18689.0,1362.0,65.0,10.769,0.514,30220.0,0.239,9741.0,75.551,13755.0,0.107,3.0,76.445,14640.0,100.319,0.169,0.0,0.0,2631.0,266.016,0.018,13355.0,196.727,87219.0,2198.0,263.499
2021-02-14,1677.0,3791.0,0.0,12100.0,10492.0,1351.0,38.0,10.682,0.3,14716.0,0.116,4099.0,31.792,5027.0,0.039,5.0,127.408,13968.0,95.714,0.169,0.0,0.0,3167.0,320.209,0.018,10991.0,161.904,65135.0,1164.0,196.781
2021-02-15,1303.0,3538.0,0.0,33135.0,25152.0,973.0,72.0,7.693,0.569,58421.0,0.462,3098.0,24.028,29708.0,0.23,14.0,356.742,13999.0,95.927,0.17,30251.0,647.014,3123.0,315.761,0.018,9776.0,144.006,54279.0,959.0,163.984
2021-02-16,1502.0,8865.0,0.0,32083.0,25622.0,1308.0,101.0,10.342,0.799,59849.0,0.473,8683.0,67.345,27787.0,0.216,13.0,331.261,13030.0,89.287,0.177,10057.0,215.101,3236.0,327.186,0.018,10636.0,156.674,62498.0,1751.0,188.814
2021-02-17,2324.0,5342.0,0.0,34354.0,25897.0,1461.0,79.0,11.552,0.625,61138.0,0.483,8988.0,69.711,26258.0,0.204,29.0,738.966,12629.0,86.539,0.181,10829.0,231.613,3452.0,349.025,0.018,12760.0,187.962,70139.0,2407.0,211.899
2021-02-18,1944.0,4401.0,0.0,33985.0,25546.0,1525.0,76.0,12.058,0.601,54504.0,0.431,9099.0,70.572,26657.0,0.207,19.0,484.15,13243.0,90.746,0.187,14515.0,310.45,3294.0,333.05,0.017,12095.0,178.166,69911.0,2520.0,211.21
2021-02-19,1940.0,4404.0,0.0,33887.0,25951.0,1297.0,66.0,10.255,0.522,74955.0,0.593,7829.0,60.722,26827.0,0.208,9.0,229.334,13242.0,90.739,0.196,11435.0,244.574,3140.0,317.48,0.017,12099.0,178.225,79282.0,2622.0,239.521
2021-02-20,1570.0,5050.0,0.0,21848.0,18695.0,1234.0,78.0,9.757,0.617,31579.0,0.25,7785.0,60.38,11601.0,0.09,18.0,458.669,12775.0,87.539,0.198,0.0,0.0,3158.0,319.3,0.018,10453.0,153.979,71608.0,1819.0,216.337
2021-02-21,1186.0,2306.0,0.0,10854.0,9516.0,1036.0,47.0,8.191,0.372,14683.0,0.116,3104.0,24.075,5545.0,0.043,8.0,203.853,12568.0,86.121,0.2,0.0,0.0,2250.0,227.493,0.017,9835.0,144.875,57161.0,1251.0,172.69
2021-02-22,549.0,2187.0,0.0,31296.0,22975.0,737.0,56.0,5.827,0.443,54180.0,0.428,2252.0,17.466,31448.0,0.244,15.0,382.224,12455.0,85.347,0.206,20849.0,445.922,2105.0,212.833,0.017,10659.0,157.013,56151.0,1324.0,169.639
2021-02-23,1032.0,4567.0,0.0,31577.0,25110.0,1103.0,54.0,8.721,0.427,18324.0,0.145,8634.0,66.965,29042.0,0.225,19.0,484.15,11679.0,80.029,0.205,7461.0,159.577,3005.0,303.83,0.017,8523.0,125.549,72278.0,2274.0,218.361
2021-02-24,1480.0,3078.0,0.0,31235.0,23661.0,904.0,69.0,7.148,0.546,54702.0,0.433,8642.0,67.027,27590.0,0.214,12.0,305.779,11609.0,79.549,0.202,9212.0,197.028,3102.0,313.637,0.017,9947.0,146.525,74736.0,3175.0,225.787
2021-02-25,1160.0,2659.0,0.0,30974.0,23089.0,1084.0,74.0,8.571,0.585,59234.0,0.468,8462.0,65.631,27120.0,0.21,16.0,407.706,11067.0,75.835,0.203,9568.0,204.642,3025.0,305.852,0.016,10020.0,147.6,77514.0,2445.0,234.179
2021-02-26,1027.0,2780.0,0.0,32910.0,25485.0,1057.0,80.0,8.357,0.633,57864.0,0.458,7512.0,58.263,27923.0,0.217,10.0,254.816,10955.0,75.068,0.199,8341.0,178.399,3498.0,353.676,0.016,8588.0,126.506,77333.0,2071.0,233.633
2021-02-27,1071.0,2820.0,0.0,20380.0,18228.0,1220.0,41.0,9.646,0.324,29196.0,0.231,7246.0,56.2,11905.0,0.092,11.0,280.298,11409.0,78.179,0.196,0.0,0.0,3434.0,347.205,0.016,7457.0,109.846,64644.0,1516.0,195.298
2021-02-28,718.0,1664.0,0.0,11439.0,10256.0,997.0,30.0,7.883,0.237,19775.0,0.156,2810.0,21.794,5409.0,0.042,3.0,76.445,11234.0,76.98,0.196,0.0,0.0,2930.0,296.247,0.016,6055.0,89.194,51419.0,1095.0,155.343
2021-03-01,394.0,1258.0,0.0,26639.0,19740.0,688.0,51.0,5.44,0.403,60090.0,0.475,2343.0,18.172,30557.0,0.237,9.0,229.334,11450.0,78.46,0.189,15978.0,341.74,2526.0,255.399,0.016,5462.0,80.458,58099.0,1521.0,175.524
2021-03-02,691.0,3230.0,0.0,29735.0,23220.0,922.0,65.0,7.29,0.514,82324.0,0.651,7913.0,61.373,27373.0,0.212,0.0,0.0,10441.0,71.546,0.187,-74347.0,-1590.147,2721.0,275.115,0.015,6411.0,94.438,57090.0,1948.0,172.476
2021-03-03,979.0,1934.0,0.0,29388.0,23163.0,1244.0,63.0,9.836,0.498,30168.0,0.239,7793.0,60.442,26322.0,0.204,16.0,407.706,10416.0,71.375,0.184,6137.0,131.259,2692.0,272.183,0.015,6420.0,94.57,67201.0,2484.0,203.023
2021-03-04,830.0,1654.0,0.0,28081.0,21423.0,1149.0,67.0,9.085,0.53,68856.0,0.544,7521.0,58.333,24816.0,0.192,16.0,407.706,11263.0,77.178,0.178,6037.0,129.12,2742.0,277.239,0.014,6644.0,97.87,68057.0,1942.0,205.609
2021-03-05,949.0,1606.0,0.0,28636.0,22101.0,1129.0,55.0,8.927,0.435,45153.0,0.357,6797.0,52.717,25713.0,0.199,12.0,305.779,10906.0,74.732,0.175,6654.0,142.317,3072.0,310.604,0.013,6024.0,88.737,66429.0,1782.0,200.69
2021-03-06,1007.0,1942.0,0.0,19891.0,17404.0,412.0,6.0,3.258,0.047,31058.0,0.246,6561.0,50.887,10925.0,0.085,10.0,254.816,10909.0,74.753,0.171,0.0,0.0,2959.0,299.179,0.013,6118.0,90.122,58247.0,1508.0,175.971
2021-03-07,682.0,966.0,0.0,9396.0,8287.0,1722.0,59.0,13.615,0.466,14409.0,0.114,2734.0,21.205,5109.0,0.04,4.0,101.926,10478.0,71.799,0.169,0.0,0.0,2613.0,264.196,0.012,5260.0,77.483,41075.0,700.0,124.093
2021-03-08,365.0,779.0,0.0,25303.0,21169.0,621.0,46.0,4.91,0.364,67917.0,0.537,1877.0,14.558,26633.0,0.207,5.0,127.408,10145.0,69.518,0.168,11958.0,255.76,2483.0,251.052,0.012,4823.0,71.046,44919.0,742.0,135.706
2021-03-09,847.0,1872.0,0.0,24513.0,21440.0,1175.0,58.0,9.29,0.459,40237.0,0.318,7407.0,57.449,24279.0,0.188,20.0,509.632,9342.0,64.015,0.161,4012.0,85.809,2373.0,239.93,0.012,5869.0,86.454,57654.0,1808.0,174.18
2021-03-10,642.0,3961.0,0.0,26627.0,22561.0,1259.0,53.0,9.954,0.419,60152.0,0.476,6602.0,51.205,23701.0,0.184,14.0,356.742,8976.0,61.507,0.157,7119.0,152.262,2204.0,222.842,0.012,6021.0,88.693,57908.0,1573.0,174.947
2021-03-11,627.0,6017.0,0.0,24313.0,20445.0,1303.0,45.0,10.302,0.356,56851.0,0.449,6469.0,50.173,23132.0,0.179,13.0,331.261,9167.0,62.816,0.154,6255.0,133.783,2087.0,211.013,0.011,6835.0,100.683,62461.0,1562.0,188.702
2021-03-12,577.0,5574.0,0.0,27281.0,21894.0,1263.0,58.0,9.986,0.459,55562.0,0.439,6816.0,52.865,23388.0,0.181,22.0,560.595,9695.0,66.434,0.152,5348.0,114.384,2250.0,227.493,0.011,6684.0,98.459,61511.0,1567.0,185.832
2021-03-13,564.0,6489.0,0.0,21016.0,17921.0,1335.0,51.0,10.555,0.403,31295.0,0.247,6104.0,47.343,10378.0,0.08,9.0,229.334,9808.0,67.208,0.155,0.0,0.0,2159.0,218.292,0.01,5617.0,82.742,53029.0,1000.0,160.207
2021-03-14,541.0,3158.0,0.0,9709.0,8577.0,975.0,21.0,7.709,0.166,17266.0,0.137,2415.0,18.731,4875.0,0.038,1.0,25.482,9985.0,68.421,0.155,0.0,0.0,1992.0,201.407,0.01,4695.0,69.16,38282.0,582.0,115.655
2021-03-15,256.0,2371.0,0.0,26427.0,20097.0,713.0,38.0,5.637,0.3,49870.0,0.394,1439.0,11.161,6947.0,0.054,13.0,331.261,9347.0,64.049,0.16,11358.0,242.927,1898.0,191.903,0.009,5130.0,75.568,56546.0,757.0,170.832
2021-03-16,384.0,1173.0,0.0,41394.0,22612.0,1142.0,57.0,9.029,0.451,47776.0,0.378,1278.0,9.912,26305.0,0.204,15.0,382.224,9305.0,63.761,0.165,4962.0,106.128,2018.0,204.036,0.009,5363.0,79.0,53993.0,1180.0,163.12
2021-03-17,673.0,1058.0,0.0,48102.0,22807.0,1545.0,36.0,12.216,0.285,84919.0,0.671,6455.0,50.065,23492.0,0.182,6.0,152.89,8910.0,61.055,0.17,6092.0,130.297,2051.0,207.373,0.009,5793.0,85.334,59279.0,1236.0,179.089
2021-03-18,485.0,580.0,0.0,52896.0,21666.0,1460.0,32.0,11.544,0.253,54899.0,0.434,6726.0,52.167,22540.0,0.175,8.0,203.853,9713.0,66.557,0.174,6216.0,132.949,2101.0,212.428,0.009,6332.0,93.274,60374.0,1664.0,182.397
2021-03-19,568.0,1571.0,0.0,53485.0,22492.0,1469.0,33.0,11.615,0.261,71301.0,0.564,5722.0,44.38,22590.0,0.175,15.0,382.224,9612.0,65.865,0.177,0.0,0.0,2160.0,218.394,0.009,4872.0,71.767,61666.0,1149.0,186.301
2021-03-20,457.0,754.0,0.0,33514.0,18577.0,1596.0,19.0,12.619,0.15,30658.0,0.242,5729.0,44.434,9810.0,0.076,9.0,229.334,9548.0,65.427,0.179,0.0,0.0,2013.0,203.531,0.009,5639.0,83.066,55496.0,746.0,167.66
2021-03-21,450.0,395.0,0.0,10254.0,8661.0,1106.0,19.0,8.745,0.15,16997.0,0.134,2133.0,16.544,5182.0,0.04,0.0,0.0,9215.0,63.145,0.18,0.0,0.0,1717.0,173.603,0.009,5356.0,78.897,33840.0,441.0,102.235
2021-03-22,248.0,555.0,0.0,30283.0,22134.0,786.0,36.0,6.215,0.285,51469.0,0.407,1388.0,10.765,24800.0,0.192,9.0,229.334,9195.0,63.008,0.181,16471.0,352.285,1871.0,189.173,0.009,5407.0,79.648,51433.0,719.0,155.385
2021-03-23,434.0,1212.0,0.0,31200.0,25716.0,1517.0,51.0,11.994,0.403,52715.0,0.417,5881.0,45.613,23542.0,0.183,17.0,433.187,8369.0,57.348,0.181,5516.0,117.977,2172.0,219.607,0.009,5417.0,79.796,53668.0,877.0,162.138
2021-03-24,575.0,752.0,0.0,29256.0,24436.0,1974.0,21.0,15.608,0.166,59974.0,0.474,5714.0,44.318,22005.0,0.171,11.0,280.298,8769.0,60.089,0.181,0.0,0.0,2196.0,222.033,0.009,5626.0,82.874,86954.0,1509.0,262.699
2021-03-25,423.0,610.0,0.0,27478.0,23427.0,1911.0,27.0,15.11,0.213,62645.0,0.495,5787.0,44.884,22234.0,0.172,17.0,433.187,9128.0,62.549,0.178,13419.0,287.008,2043.0,206.564,0.009,6277.0,92.464,67549.0,1411.0,204.074
2021-03-26,488.0,891.0,0.0,30147.0,25092.0,1977.0,33.0,15.631,0.261,67296.0,0.532,5303.0,41.13,20849.0,0.162,21.0,535.114,9073.0,62.172,0.179,7586.0,162.251,2128.0,215.158,0.009,6235.0,91.845,77370.0,1152.0,233.744
2021-03-27,344.0,3668.0,0.0,22158.0,19866.0,2080.0,32.0,16.446,0.253,39591.0,0.313,5059.0,39.238,10097.0,0.078,6.0,152.89,8783.0,60.185,0.179,0.0,0.0,2304.0,232.953,0.009,3909.0,57.582,62848.0,788.0,189.872
2021-03-28,365.0,384.0,0.0,10845.0,9716.0,1783.0,29.0,14.097,0.229,18887.0,0.149,1646.0,12.766,5186.0,0.04,5.0,127.408,8979.0,61.528,0.179,0.0,0.0,2128.0,215.158,0.009,3947.0,58.142,43220.0,524.0,130.573
2021-03-29,309.0,458.0,0.0,30105.0,24254.0,1290.0,29.0,10.2,0.229,72179.0,0.571,1293.0,10.028,23320.0,0.181,6.0,152.89,8589.0,58.855,0.18,15501.0,331.538,1874.0,189.477,0.01,4783.0,70.456,69282.0,714.0,209.31
2021-03-30,389.0,1654.0,0.0,29244.0,25778.0,2141.0,33.0,16.928,0.261,41247.0,0.326,5067.0,39.3,22033.0,0.171,17.0,433.187,8162.0,55.929,0.186,4994.0,106.813,2289.0,231.437,0.01,4071.0,59.968,61426.0,887.0,185.576
2021-03-31,617.0,707.0,0.0,28793.0,24565.0,2864.0,43.0,22.645,0.34,67435.0,0.533,5977.0,46.357,20022.0,0.155,6.0,152.89,8156.0,55.888,0.194,8534.0,182.527,2084.0,210.709,0.009,4115.0,60.616,66769.0,1092.0,201.717
2021-04-01,592.0,702.0,0.0,28742.0,23351.0,2598.0,18.0,20.541,0.142,65377.0,0.517,5381.0,41.735,8868.0,0.069,17.0,433.187,9057.0,62.062,0.204,7041.0,150.594,2315.0,234.065,0.01,4565.0,67.245,79115.0,1076.0,239.016
2021-04-02,548.0,743.0,0.0,14921.0,12630.0,2714.0,18.0,21.459,0.142,61146.0,0.483,3089.0,23.958,6874.0,0.053,15.0,382.224,8682.0,59.492,0.216,0.0,0.0,2180.0,220.416,0.01,3422.0,50.408,69886.0,953.0,211.134
2021-04-03,280.0,318.0,0.0,23135.0,20763.0,2751.0,7.0,21.751,0.055,41103.0,0.325,1838.0,14.255,5264.0,0.041,6.0,152.89,8906.0,61.027,0.222,9571.0,204.706,2084.0,210.709,0.009,3424.0,50.437,63258.0,738.0,191.11
2021-04-04,193.0,349.0,0.0,12404.0,11304.0,2522.0,12.0,19.94,0.095,17189.0,0.136,1263.0,9.796,4874.0,0.038,3.0,76.445,8697.0,59.595,0.224,0.0,0.0,2113.0,213.642,0.009,2405.0,35.427,35126.0,295.0,106.12
2021-04-05,159.0,321.0,0.0,59231.0,27044.0,1566.0,19.0,12.382,0.15,60274.0,0.477,1247.0,9.672,23982.0,0.186,5.0,127.408,8525.0,58.417,0.223,10360.0,221.582,2012.0,203.43,0.009,2831.0,41.702,77399.0,519.0,233.832
2021-04-06,874.0,894.0,0.0,63682.0,29186.0,2615.0,22.0,20.676,0.174,53019.0,0.419,4804.0,37.26,22092.0,0.171,11.0,280.298,8206.0,56.231,0.229,6623.0,141.654,1988.0,201.003,0.009,2404.0,35.412,60690.0,862.0,183.352
2021-04-07,663.0,757.0,0.0,63322.0,29038.0,3453.0,35.0,27.302,0.277,58424.0,0.462,5370.0,41.65,21937.0,0.17,8.0,203.853,8174.0,56.011,0.238,8788.0,187.959,1883.0,190.387,0.009,2797.0,41.201,75005.0,2592.0,226.599
2021-04-08,602.0,601.0,0.0,58285.0,27545.0,3491.0,25.0,27.602,0.198,70959.0,0.561,5140.0,39.866,22443.0,0.174,11.0,280.298,8545.0,58.554,0.244,9901.0,211.764,2112.0,213.54,0.008,3124.0,46.018,79882.0,1023.0,241.333
2021-04-09,694.0,628.0,0.0,60048.0,30573.0,3480.0,14.0,27.515,0.111,67609.0,0.535,5045.0,39.129,21660.0,0.168,5.0,127.408,9027.0,61.857,0.245,10875.0,232.597,1875.0,189.578,0.008,-4787.0,-70.515,82713.0,889.0,249.886
2021-04-10,601.0,685.0,0.0,31800.0,24860.0,3706.0,27.0,29.302,0.213,40924.0,0.324,6356.0,49.297,10754.0,0.083,5.0,127.408,8580.0,58.794,0.238,0.0,0.0,1931.0,195.24,0.008,2713.0,39.964,66696.0,719.0,201.497
2021-04-11,566.0,410.0,0.0,12841.0,11713.0,2700.0,17.0,21.348,0.134,22466.0,0.178,1793.0,13.906,5205.0,0.04,1.0,25.482,8576.0,58.766,0.238,0.0,0.0,1810.0,183.006,0.008,1730.0,25.484,46506.0,302.0,140.5
2021-04-12,271.0,445.0,0.0,38795.0,25937.0,2113.0,24.0,16.707,0.19,72260.0,0.571,1627.0,12.619,25253.0,0.196,2.0,50.963,8191.0,56.128,0.242,22744.0,486.453,1928.0,194.937,0.008,3686.0,54.297,70093.0,479.0,211.76
2021-04-13,408.0,746.0,0.0,41484.0,29369.0,3449.0,29.0,27.27,0.229,65278.0,0.516,4512.0,34.995,23005.0,0.178,1.0,25.482,8044.0,55.121,0.24,6292.0,134.574,2022.0,204.441,0.008,2505.0,36.9,77957.0,835.0,235.518
2021-04-14,684.0,660.0,0.0,41634.0,29255.0,5482.0,49.0,43.344,0.387,73092.0,0.578,4894.0,37.958,21594.0,0.167,6.0,152.89,8202.0,56.203,0.227,10474.0,224.02,1798.0,181.792,0.008,2529.0,37.254,75413.0,974.0,227.832
2021-04-15,501.0,542.0,0.0,42082.0,30254.0,4515.0,35.0,35.698,0.277,82330.0,0.651,4189.0,32.49,20803.0,0.161,3.0,76.445,8818.0,60.424,0.219,9663.0,206.674,1928.0,194.937,0.008,2766.0,40.745,74304.0,904.0,224.482
2021-04-16,553.0,596.0,0.0,47034.0,32721.0,4511.0,46.0,35.667,0.364,77966.0,0.616,4504.0,34.933,19874.0,0.154,4.0,101.926,8872.0,60.794,0.209,10598.0,226.672,1843.0,186.342,0.008,2807.0,41.349,80051.0,870.0,241.844
2021-04-17,649.0,667.0,0.0,31461.0,23983.0,4802.0,41.0,37.968,0.324,50503.0,0.399,4157.0,32.242,8572.0,0.066,4.0,101.926,9201.0,63.049,0.208,0.0,0.0,1958.0,197.97,0.008,2273.0,33.483,52546.0,696.0,158.748
2021-04-18,441.0,395.0,0.0,14429.0,11975.0,4111.0,17.0,32.504,0.134,30571.0,0.242,1506.0,11.681,4537.0,0.035,4.0,101.926,8507.0,58.293,0.205,0.0,0.0,1930.0,195.139,0.009,1884.0,27.752,42114.0,337.0,127.232
2021-04-19,220.0,547.0,0.0,78716.0,26890.0,2274.0,19.0,17.98,0.15,86696.0,0.685,1308.0,10.145,22701.0,0.176,5.0,127.408,8465.0,58.005,0.201,21071.0,450.67,1803.0,182.298,0.009,3054.0,44.987,68123.0,502.0,205.808
2021-04-20,424.0,902.0,0.0,96913.0,32080.0,4973.0,53.0,39.32,0.419,70951.0,0.561,4262.0,33.056,21044.0,0.163,9.0,229.334,8044.0,55.121,0.197,0.0,0.0,1903.0,192.409,0.009,2530.0,37.268,60941.0,840.0,184.11
2021-04-21,610.0,532.0,0.0,98744.0,32374.0,5369.0,55.0,42.451,0.435,96428.0,0.762,4639.0,35.98,20852.0,0.162,9.0,229.334,8146.0,55.82,0.192,17718.0,378.956,1931.0,195.24,0.01,2424.0,35.707,62859.0,857.0,189.905
2021-04-22,636.0,521.0,0.0,98063.0,31187.0,5526.0,41.0,43.692,0.324,94257.0,0.745,3708.0,28.759,19690.0,0.153,1.0,25.482,8874.0,60.808,0.185,10814.0,231.292,2081.0,210.406,0.01,2766.0,40.745,67269.0,963.0,203.228
