Date,01:00,02:00,03:00,04:00,05:00,06:00,07:00,08:00,09:00,10:00,11:00,12:00,13:00,14:00,15:00,16:00,17:00,18:00,19:00,20:00,21:00,22:00,23:00,24:00
01-01-2014,58.06556,58.99289,59.41997,60.86286,60.54156,59.25932,56.80111,57.70966,58.72497,59.04578,62.14460,64.54892,64.87023,68.50340,69.03725,66.36601,63.26718,61.07590,59.63351,57.44273,55.78580,55.25145,55.99934,56.64096
02-01-2014,61.48552,59.49115,64.92361,65.51135,69.30517,67.96905,60.06059,47.66430,38.95407,44.13740,46.00787,48.19865,50.01474,51.72455,51.35036,40.93081,32.86219,30.13757,42.58774,48.83927,51.67117,50.86989,49.69443,51.19070
03-01-2014,54.21851,56.92601,59.04578,60.11398,58.61770,56.37404,58.19062,56.53419,56.15950,65.83216,67.64874,65.61812,65.29781,69.09113,66.36551,66.20535,70.85434,70.26710,69.89291,70.90822,68.77132,71.65611,76.73217,77.48106
04-01-2014,72.38337,63.89633,60.97263,56.58758,56.15900,57.06804,59.04678,66.00029,60.65182,60.27713,61.23955,58.35127,56.05173,53.43187,52.04087,55.78431,55.67754,54.39430,52.78926,51.93410,47.97563,43.59008,43.69735,42.46700
05-01-2014,43.35858,44.92720,49.68744,51.82733,53.59153,52.57522,52.89653,46.95932,43.69685,49.95487,48.93905,45.72947,45.56932,43.37604,46.74628,53.32411,56.96177,62.68444,61.29344,58.13774,60.54455,59.74278,55.57077,54.07299
06-01-2014,53.91317,52.55743,53.32411,58.03146,63.05863,67.87226,64.12833,65.67899,57.60289,61.29393,71.77635,70.86731,67.76499,64.50202,64.39575,62.41701,58.61920,61.82778,60.17036,60.86586,61.13278,62.63105,64.34187,62.57767
07-01-2014,63.46858,67.10541,63.05813,61.50747,60.43778,60.49166,58.19162,51.66618,47.06659,44.17831,48.18967,62.79121,64.66268,60.33051,54.23365,48.29644,48.56386,48.29694,44.60589,47.65532,50.86391,50.00825,48.93856,50.38294
08-01-2014,51.27419,49.91844,49.31275,45.99739,48.29644,51.18522,48.72502,44.65978,41.34392,42.73442,42.84119,44.55251,47.81548,46.37109,37.17191,26.47496,15.29654,18.45224,29.25596,38.24160,43.21539,43.37604,38.88372,31.55651
09-01-2014,29.09598,30.30737,32.89263,35.99544,39.89953,47.54855,65.51883,57.49612,55.46400,56.69385,51.98749,39.57922,45.56882,47.28063,48.93856,41.77150,46.95932,43.05523,43.85750,41.93215,41.82538,42.46700,42.78781,41.71811
10-01-2014,41.21852,41.43273,40.70230,43.69685,41.50457,38.45564,34.17636,24.65638,7.96933,19.78936,37.01125,36.74383,37.70676,39.84565,36.26287,24.65638,9.14579,6.15075,19.68259,26.79577,23.31926,25.19122,31.18182,36.58418
11-01-2014,41.43339,40.79078,44.17831,49.63406,50.70425,47.11997,51.07745,52.09426,42.68054,42.09231,41.39730,45.51493,48.51048,52.57572,53.11057,47.76209,38.72307,34.71121,32.89313,27.49077,20.21744,20.59163,20.37759,15.77751
12-01-2014,13.40645,12.76516,11.33857,13.85265,20.75229,21.18036,16.84820,7.91594,2.62035,11.28519,20.64502,32.83974,50.70325,55.51738,51.72006,41.29004,44.98058,42.78781,44.39235,40.80907,38.02806,34.87186,33.37459,29.25596
13-01-2014,27.76684,30.90741,38.65222,54.23115,58.99489,55.35473,49.67996,35.92160,30.94283,28.96210,37.68880,44.21922,44.05907,43.20291,42.39964,42.50691,39.56226,41.22168,44.05857,50.42984,57.17531,53.26723,63.17139,56.47881
14-01-2014,56.39050,55.03409,51.17923,47.85938,48.23457,45.18315,29.22952,18.25517,17.66644,20.61059,32.70902,39.66903,40.15099,41.48961,41.11491,32.97745,11.13501,4.22889,2.08800,5.51362,12.09843,20.07525,16.97044,14.24032
15-01-2014,33.19182,54.10542,60.22624,62.63604,61.77889,59.53073,53.53465,44.80796,34.58349,29.01548,30.72929,32.87068,33.51229,34.74414,39.99034,40.25776,45.55784,44.00519,43.20242,46.78919,48.98446,50.85792,55.83669,55.03342
16-01-2014,53.17809,52.60665,56.05123,58.40666,60.70820,58.13873,50.48373,48.07342,42.02495,43.36307,40.15049,43.57761,47.21776,50.21580,52.24992,49.03784,50.32307,51.50054,54.28404,55.62216,56.37204,57.87081,60.11947,57.65727
17-01-2014,60.60143,61.52876,63.81351,67.61432,64.93808,66.43685,67.39978,65.63358,63.59897,67.13285,63.97366,64.72355,66.65089,63.97416,57.76354,52.67750,51.98250,43.36307,38.27703,33.24487,35.17222,33.24537,36.13564,37.95622
18-01-2014,36.90315,34.33402,31.21125,37.26072,42.18511,39.24095,36.24291,33.45891,36.35018,30.83656,34.79752,37.20633,32.38871,31.26414,32.49548,25.64275,26.07133,26.07133,29.92552,29.92652,32.22756,33.35214,30.56814,29.33679
19-01-2014,32.69223,29.97941,25.42871,21.57402,19.48701,16.38170,11.93828,9.42170,18.30905,17.07820,38.59883,49.46592,47.16438,44.86184,46.19996,43.36307,40.31164,20.18251,11.40293,7.01339,7.06677,12.95559,28.96260,26.98137
20-01-2014,14.91852,18.55868,15.73909,20.12913,19.00455,9.63674,4.81812,1.55216,1.82008,2.03462,1.92785,3.21258,4.22889,5.30008,4.81812,3.15820,1.92735,2.89127,3.15820,2.89127,2.73012,2.62285,2.14189,1.92785
21-01-2014,1.71231,2.85518,4.44343,1.92685,1.87346,3.96097,3.05143,1.44539,2.46319,2.78400,3.64016,6.37077,9.36832,10.01093,12.04505,11.93828,20.98578,19.43313,5.08554,8.03070,36.99230,40.36503,39.50788,45.66511
22-01-2014,47.68126,48.68111,46.84307,44.27311,43.46984,38.33091,40.68634,43.57761,42.77484,41.54349,42.18561,39.72291,36.29630,32.70952,23.66252,15.79297,18.89778,6.31689,10.06432,5.78154,1.76620,1.71281,2.30204,4.49681
23-01-2014,6.07292,4.28676,5.51911,7.12615,8.84095,9.10987,11.78860,4.82261,4.28676,14.46783,22.77343,31.88280,35.68711,34.93722,48.17271,54.01312,51.28101,55.03143,46.99375,45.17217,44.90425,46.56467,41.90321,47.04713
24-01-2014,46.01153,43.15369,34.61592,36.54526,26.89954,20.84409,7.44845,2.41131,4.60857,5.35846,8.25172,24.75566,41.42075,43.56463,41.04556,21.21928,3.16169,12.91418,28.55996,38.04453,43.93983,45.76090,46.77921,45.06490
25-01-2014,43.65328,21.43315,19.71951,27.32812,32.63319,31.45423,33.70488,35.36580,34.07957,30.75773,28.02412,29.47100,32.47253,29.09631,21.80901,15.37886,32.25800,71.26745,71.91056,67.14134,64.51549,63.97965,62.21146,60.49765
26-01-2014,57.51408,50.51250,53.47728,52.62012,49.51182,48.65467,44.31452,42.49244,45.01152,42.59971,44.20775,54.54897,63.81899,72.55367,72.82160,67.19472,59.21042,54.49558,54.65674,58.30038,59.64000,61.72950,62.69442,63.22976
27-01-2014,60.08587,63.37212,63.81949,64.08692,63.60446,57.33546,51.49455,50.69128,48.17271,46.99325,47.58298,45.22556,43.61802,48.22609,45.17167,42.70698,39.17010,44.26064,42.97491,45.33233,36.86657,32.52592,27.54266,29.31035
28-01-2014,34.65134,45.93968,52.94193,57.71016,60.76557,64.30145,62.90846,61.56834,59.26431,54.87077,58.03196,59.85404,60.12146,60.81846,64.03353,64.40872,61.30042,58.56781,56.37104,58.13923,60.60392,45.49348,37.50868,46.83359
29-01-2014,47.29676,46.58296,47.58348,50.53063,50.79805,46.08271,40.18791,36.49088,23.04185,19.39771,23.73835,25.77397,25.13135,26.25643,25.02358,25.66670,25.07747,26.20254,31.40034,31.29357,28.72112,22.50601,21.43382,19.12978
30-01-2014,20.64751,21.79105,23.95239,26.90004,25.50654,22.61278,17.89694,12.21768,7.93041,5.30507,5.25119,6.00157,11.68133,14.19990,16.77186,23.20251,6.96599,4.92988,7.82364,14.14652,11.62745,16.93252,15.75356,8.19884
31-01-2014,6.28712,19.64767,12.86029,11.25275,9.75249,10.55626,5.73315,6.37626,16.82575,28.23916,32.73996,42.49294,47.10102,47.74363,48.17221,46.24336,50.95920,53.69181,56.90689,55.19158,55.24547,56.31716,55.72793,55.72843
01-02-2014,56.42310,55.56561,54.60036,56.15551,59.80315,74.65914,71.65561,68.16912,67.31047,65.75632,65.32675,63.77110,66.77512,71.01200,72.08419,70.58242,68.81323,66.39943,64.25406,61.30391,62.43049,64.03952,64.68263,64.57586
02-02-2014,64.86158,63.71738,62.69841,61.08938,58.19361,55.45851,56.69185,51.70360,48.59280,52.29333,54.27805,57.49612,60.23122,64.62975,67.52501,64.57536,56.42393,50.41587,42.53286,40.60152,41.99651,37.91930,38.34887,43.87297
03-02-2014,47.12713,48.98645,52.88306,51.75698,44.19428,40.01179,35.82780,21.29312,18.55752,37.00726,51.32791,56.63847,57.54950,58.56881,53.04471,41.03010,28.37237,25.52949,20.91693,24.93976,29.55233,26.17361,38.02657,46.98377
04-02-2014,46.26831,37.97285,31.91274,31.64382,34.59396,32.12678,33.46789,37.54411,39.04587,47.73465,54.92166,62.26933,61.03649,65.86259,65.97036,66.18490,64.46859,61.67910,64.78990,62.21595,57.60339,53.58105,57.12043,62.48437
05-02-2014,65.14830,63.28830,59.80265,58.51492,58.51542,61.78737,62.21645,63.77110,76.69725,69.72477,71.76338,66.93511,,,,78.30578,75.78521,71.92353,66.93578,66.93578,72.99722,76.58948,79.53962,79.05716
06-02-2014,76.87636,77.16175,78.14563,76.91178,76.26817,73.90826,71.06588,66.07813,64.95105,62.10918,58.56881,61.41118,64.30794,63.12748,62.21545,64.57586,64.89817,57.06754,59.10565,52.50787,54.33144,53.74221,51.81137,53.42090
07-02-2014,60.14109,71.15469,75.46291,70.90423,40.76217,50.20183,46.44742,43.44439,45.75092,55.24297,55.99535,48.64619,54.22467,56.20889,54.65424,57.87231,61.19714,53.20586,48.91411,44.30155,49.07526,65.97036,71.38769,71.11926
08-02-2014,72.15586,75.65965,76.80402,76.58998,76.21479,76.10702,73.80049,71.76288,70.36838,74.39072,75.24937,75.57117,81.52435,81.47096,83.40130,82.54315,80.29050,79.32558,82.97223,80.98800,77.50151,76.16090,73.96214,74.17618
09-02-2014,77.51964,77.87754,76.75113,76.85790,76.37544,75.40952,74.01453,72.19195,74.28345,75.19548,74.65864,74.76691,74.33733,73.37191,72.24584,71.54784,72.99722,75.14210,76.10752,80.82685,75.14160,65.16559,61.78687,63.50317
10-02-2014,60.64334,57.63981,60.71418,68.11624,64.62975,61.03599,55.40412,49.39807,49.12964,40.27921,23.76031,,,,,,,,,,,,,
11-02-2014,,,,,,,,,,,,,,65.59517,64.52198,64.36133,59.48034,47.41334,42.85367,49.39707,53.52767,60.23172,62.69841,61.51845
12-02-2014,61.50082,64.00343,62.86006,61.19714,64.95105,66.77463,64.30744,60.55253,56.74524,58.13973,60.98261,64.84379,69.13454,71.97692,71.65611,72.40649,71.17265,68.70596,67.74005,65.80921,69.72477,72.78168,73.53306,75.78571
13-02-2014,73.08586,74.87401,75.78571,76.10652,77.76944,74.39121,66.56109,56.31666,52.45448,51.00610,53.41890,64.68313,71.01150,72.19245,70.79746,65.75532,63.23475,59.85603,57.06704,58.94400,61.94852,63.87887,64.57586,63.18137
14-02-2014,67.15065,62.00108,57.97908,56.74474,51.43568,47.19831,39.10025,33.68243,40.06517,51.81087,59.90942,64.89817,74.76691,69.93931,62.59164,59.26580,55.67255,53.15248,48.10984,47.89580,55.40412,61.46507,80.02308,80.23762
15-02-2014,79.37897,80.52250,80.77346,80.29100,79.70077,78.78924,77.01855,75.94636,74.71302,74.55187,75.67844,75.51729,75.89248,77.66267,77.76993,75.89298,70.04707,67.90170,66.29217,63.71771,62.64502,62.37660,60.82145,60.60691
16-02-2014,62.00174,61.42964,59.80265,56.85250,56.53120,56.37004,53.95674,52.07829,52.02540,54.17028,57.17481,62.59114,67.47162,70.47515,71.01100,70.85134,65.64905,43.92636,36.79322,38.18822,35.45211,34.80900,34.64735,35.98896
17-02-2014,36.61511,39.76100,37.00726,35.23758,32.50197,28.53402,20.86355,15.01764,19.84474,32.82428,39.09926,51.81137,56.69185,59.10465,57.17431,53.52717,53.52717,49.98680,47.78803,53.95575,56.63797,57.71016,50.63141,45.42862
18-02-2014,48.19948,50.55906,48.53942,46.92988,48.00257,48.05696,48.16422,40.76167,36.09623,36.57819,37.22230,41.62082,49.02188,56.15551,58.78334,51.65021,46.34015,32.28743,28.64129,33.78920,30.73178,33.03832,36.79322,33.89697
19-02-2014,30.96462,26.60202,25.79792,27.40745,29.65959,29.55233,29.66009,22.47258,23.06281,29.28390,38.83083,44.57047,49.23691,52.13217,55.02843,53.79559,50.52414,31.10847,40.22633,24.56457,25.85230,32.12728,30.78567,36.73934
20-02-2014,48.19948,60.92872,58.56831,56.95977,53.84848,52.34721,50.68429,49.34418,46.44692,47.57350,51.43518,50.36199,49.71937,48.16373,53.63444,64.57586,68.59820,58.94450,57.55000,67.79393,65.11171,58.94400,57.22770,55.56528
21-02-2014,55.20771,54.20720,47.09104,47.57350,42.15667,38.45564,36.79273,23.06331,42.37071,57.06704,61.51845,68.97439,72.67491,72.67491,73.85487,76.16140,74.33733,66.45282,65.91598,63.82448,67.04305,66.02374,61.51895,61.14326
22-02-2014,61.50016,61.71503,63.55706,67.47212,63.71771,60.98211,62.69841,51.70360,53.74121,56.58408,65.70293,68.33027,68.70596,67.20320,68.06185,67.68716,61.73299,52.02590,39.36768,42.04940,48.32438,53.25875,57.71066,63.39591
23-02-2014,64.50435,68.15183,69.61750,71.97742,72.88945,72.08468,69.88592,67.90120,68.11574,69.45685,70.15384,67.74054,69.61800,71.22653,71.60173,71.60222,70.95811,70.36788,68.92000,69.18842,70.31400,67.84731,68.16912,70.52954
24-02-2014,68.15116,64.36133,66.39993,65.75582,63.34252,58.94400,54.22467,50.14795,47.94969,50.89933,52.40110,53.52767,57.87131,59.21242,61.51845,59.10515,57.92519,55.45801,50.46976,57.44223,58.40765,54.06401,53.09809,61.78737
25-02-2014,63.86040,67.00762,68.86712,71.49396,74.92806,74.01552,73.64033,69.45685,69.08116,69.99319,74.39121,78.78924,81.84665,82.43588,83.07999,79.37897,73.15737,70.69069,65.21998,68.65208,66.45332,68.70596,61.68010,60.55303
26-02-2014,60.57083,55.13587,49.23641,45.96446,41.13786,38.99199,33.84308,26.38764,34.59446,48.05646,55.40512,62.43049,65.80921,68.43704,67.20370,66.50720,58.78334,47.78903,40.92333,45.32135,44.67774,39.20603,31.05459,30.94682
27-02-2014,35.11301,43.33729,55.99435,64.41471,70.42177,71.44057,73.85387,72.62103,68.86662,66.50720,60.55353,64.36133,74.98094,76.53659,75.19498,70.74308,65.70194,57.01366,34.75462,26.49491,37.16892,39.85064,46.23289,44.40931
28-02-2014,44.19544,35.82747,25.04703,13.19407,11.26273,7.02586,6.91859,4.93437,9.01059,28.90921,46.23289,56.10162,60.92922,57.12043,54.27805,58.19361,52.29383,41.19125,43.44439,47.57400,38.24110,35.18369,41.83436,42.53236
01-03-2014,43.26478,47.48436,43.06870,43.98024,39.63610,31.75109,29.49944,33.89746,34.43331,37.43634,50.89933,50.52414,55.99435,58.40765,62.64452,59.05127,58.30088,51.64971,28.42575,16.94898,3.43260,2.89576,17.91390,33.36062
02-03-2014,21.02537,28.81924,24.13600,19.46955,21.72220,18.34248,31.48366,44.99904,57.22819,60.71418,63.61044,68.49093,74.33733,73.69422,75.62406,77.60928,77.44813,76.53609,77.60928,76.64386,75.03483,75.03483,71.38719,71.81626
03-03-2014,71.08351,70.01049,68.59820,67.47212,57.60339,48.27050,65.48690,54.70763,51.70360,57.87181,60.49915,69.34908,83.67022,82.91884,75.62506,62.21545,60.87484,30.35709,15.55449,32.50197,29.44506,6.70455,2.73561,3.00353
04-03-2014,2.57445,2.43076,2.73561,2.03811,1.55565,1.28723,2.41430,3.80780,6.75794,14.48130,31.80497,58.67657,70.47515,74.28395,73.05010,68.65208,60.44576,44.30205,22.63323,5.57748,2.84188,4.18399,3.27145,1.50127
05-03-2014,1.78815,11.15596,14.32015,6.59729,7.34767,4.18299,2.30653,3.27195,5.84640,13.51638,46.12562,63.61044,68.65208,67.74054,65.05882,65.38013,58.99688,42.63963,21.93624,26.65657,23.06281,14.80311,13.78380,16.41164
06-03-2014,17.09184,13.51621,27.46183,34.21877,37.97318,33.25285,32.50297,35.34584,37.65187,43.33663,48.75345,54.92117,63.28914,59.15903,60.71468,65.75532,72.67441,70.04707,73.05060,69.72477,73.10349,69.24181,70.31450,67.36386
07-03-2014,68.22234,67.86577,57.97908,48.16373,52.29333,54.76051,55.61866,59.64100,61.08987,55.94047,51.64971,50.84545,50.36249,55.94047,61.19664,62.16256,66.02424,54.01013,53.15198,49.45095,41.61983,35.07742,30.35659,33.73581
08-03-2014,36.93509,40.87127,27.37901,49.49735,51.59034,48.47655,35.05597,30.11661,27.70082,40.96075,44.23569,60.39487,65.01192,73.54753,79.02323,86.27062,79.02274,68.55429,63.99162,54.48960,49.87304,42.41112,39.02891,51.59034
09-03-2014,54.97222,54.47130,50.46327,42.73243,39.13568,41.01513,43.21639,49.44297,53.52268,57.49612,62.32721,71.50793,78.54028,86.10947,89.70672,88.74030,78.96985,61.79036,69.25279,65.92396,63.66982,65.06581,63.34751,60.39487
10-03-2014,60.34132,62.41685,55.88509,54.86578,48.74547,43.96727,39.08229,25.92963,41.06801,52.44999,64.04551,69.03775,69.78913,70.00417,70.91720,71.50743,71.61470,69.52171,73.49365,77.25205,78.75531,77.78840,76.98313,73.86984
11-03-2014,72.15121,68.71594,65.17308,64.26054,60.44876,61.14625,56.15351,48.69159,55.02644,66.19338,69.68236,72.74227,73.22523,75.64102,76.44629,77.09090,74.35280,65.81669,62.38159,59.42845,57.38785,53.68433,50.51666,48.79886
12-03-2014,45.30971,45.81063,44.50461,37.90134,26.73440,15.94415,17.66244,11.11256,18.84290,31.35195,33.92840,40.04871,49.44347,54.75802,52.18057,53.46929,51.37580,32.53290,21.63538,13.63612,8.85791,10.46844,6.01255,2.36241
13-03-2014,2.29106,2.29106,1.82507,2.14787,2.30803,1.55665,1.98622,2.68422,3.00652,13.09928,40.90736,61.52194,54.00664,61.95152,62.54224,38.00811,21.31258,7.94538,4.93886,2.46968,1.82507,2.95264,4.61655,5.42182
14-03-2014,2.36224,4.43844,3.91956,1.66392,1.66441,1.44938,2.84537,7.03235,9.98549,12.02559,18.62886,34.46524,43.16200,43.80661,70.21920,59.21392,56.85151,44.98757,34.46574,35.16374,26.89605,32.80133,40.04821,41.98105
15-03-2014,41.87378,48.17287,51.59084,61.73648,68.07183,65.81719,61.68310,61.46806,62.48886,63.07959,63.29412,63.29363,66.24626,65.27985,65.76330,65.60215,64.85077,58.78384,57.76454,55.02644,52.34222,51.91265,50.03420,47.72567
16-03-2014,47.24221,47.88616,48.42267,48.37028,43.80711,46.00737,41.98055,46.65098,49.87304,56.79762,61.20064,62.48836,66.46130,65.17258,65.70942,68.82321,62.81117,57.44223,51.64423,45.90010,44.28957,40.04871,42.24947,45.20211
17-03-2014,46.09734,46.31155,48.63820,50.46377,52.34272,51.75150,40.96124,30.60007,37.14946,47.67179,54.38233,61.95152,73.11796,67.53499,66.51469,63.77659,57.87181,49.49685,43.91388,40.96124,37.74018,33.33817,34.46524,35.10985
18-03-2014,32.99823,29.70533,32.63967,30.49280,36.18304,33.44594,36.02239,35.64669,36.82765,48.31590,60.98560,67.32045,67.26657,64.36781,64.47508,61.25352,53.79110,54.27456,55.77832,57.44273,60.39437,61.09287,63.99212,62.48836
19-03-2014,55.54565,50.53512,51.05300,47.29609,52.34222,53.14749,51.05350,47.67179,48.47655,52.23445,52.23545,51.69761,52.34272,54.91917,57.01216,56.26128,55.61667,47.51063,40.20936,45.09484,40.85398,33.87501,32.37175,32.26398
20-03-2014,33.42731,42.58957,46.00737,43.48431,46.11464,47.08106,42.51739,45.04095,51.96653,58.67657,62.05929,68.39364,75.26533,81.38515,79.39893,73.92322,71.93700,70.48713,66.40742,65.38712,65.38761,63.23974,66.13900,70.27309
21-03-2014,69.86147,64.34935,62.43498,61.03948,59.85803,55.07982,49.28232,44.66526,47.88632,54.11341,68.82371,75.42648,79.29216,76.44629,77.51947,77.73451,71.88312,63.13247,56.47631,64.26004,65.54877,64.36731,66.13900,69.19890
22-03-2014,70.07635,68.21502,70.43374,71.29289,66.94476,67.21268,65.76281,62.86455,63.99162,68.60818,72.04427,75.69491,77.46709,78.11020,79.93627,80.63376,77.94955,72.31319,67.31995,59.58961,59.10665,59.48234,51.53646,49.44297
23-03-2014,53.11090,52.10972,48.90662,45.84672,44.50411,44.23619,43.59158,47.88632,53.68383,57.49612,54.11390,50.46327,52.39611,60.44876,65.28035,67.32045,64.79639,60.28760,58.19361,52.77180,51.42919,48.79886,46.59810,42.24897
24-03-2014,37.29232,40.08364,37.14996,22.33238,22.43965,10.41456,5.85139,6.60327,13.25993,48.53093,68.82321,71.07785,73.33349,76.39290,75.53375,77.14428,77.14428,71.82973,49.71189,52.71791,45.79283,46.49083,49.76527,51.85926
25-03-2014,51.25091,46.59760,42.30335,29.84869,25.01710,28.02362,29.20408,26.73490,46.43695,56.15401,56.95927,66.62245,68.76983,70.54101,68.01845,81.97587,68.66206,48.47705,37.09607,43.64496,42.19658,36.82715,36.66650,37.41838
26-03-2014,38.50903,39.86943,44.66576,45.89960,44.77253,44.12892,39.78029,30.76122,46.75925,60.93172,62.38109,63.02570,65.60215,59.85853,59.32119,60.44876,57.33496,54.86479,43.59158,34.73366,35.32439,22.44015,18.14590,14.87046
27-03-2014,15.46135,6.37027,15.40730,17.33964,17.23237,10.36118,6.92508,11.16644,27.70131,48.10086,56.26128,59.32119,44.77253,35.96850,47.94021,46.97379,21.52712,13.63612,6.22708,2.52356,2.57695,8.53611,48.26201,46.49083
28-03-2014,50.39143,40.15548,34.73416,31.02964,36.18304,22.49403,17.98425,17.12560,20.77574,35.10985,42.03443,40.58555,36.45196,43.86050,45.14822,40.04871,36.34419,26.52036,12.29401,9.93160,11.43486,10.79075,3.16718,2.52306
29-03-2014,2.36224,6.29909,12.24063,12.72309,9.12584,6.60327,8.32107,9.66318,12.18624,17.01783,20.40005,20.93689,30.65445,39.61914,59.64349,70.21920,58.46254,40.90736,24.64141,18.46771,21.25919,30.76122,43.00135,48.47705
30-03-2014,43.37721,32.49731,34.89482,29.41911,27.11059,19.59478,14.54815,16.53487,26.57374,34.30409,37.41838,39.29683,50.51715,64.58235,74.72899,62.75678,62.11317,45.47053,44.61188,35.27051,31.08303,22.27900,15.56846,11.32709
31-03-2014,8.51831,10.09292,7.30077,7.30077,6.22708,5.26166,5.31505,5.20728,13.90404,24.85595,61.46856,77.89566,79.61396,77.19817,67.42772,68.12571,39.77979,21.15143,11.05917,19.11182,12.02509,18.95067,16.64214,10.68348
01-04-2014,6.01238,10.23595,3.70402,4.56317,8.80453,3.70402,3.38221,4.83159,16.10530,47.24221,63.29363,79.82850,84.92851,88.84757,77.57386,79.50669,86.05658,64.04501,48.20813,49.12116,41.33693,34.84093,32.21060,34.78705
02-04-2014,24.83782,21.25953,15.19277,27.48628,18.14540,13.68950,12.61582,17.71583,30.43892,41.06801,55.77782,58.99888,61.89863,60.77056,44.82642,55.50990,49.60412,50.94623,56.42193,63.13247,63.40139,62.70340,56.42193,48.85274
03-04-2014,49.81932,39.65522,32.85471,39.94144,30.38553,33.01586,31.56649,23.94291,33.01586,38.43768,40.63894,45.47103,47.77905,42.73293,33.92840,31.78152,25.17775,23.35268,14.33312,9.77045,7.51581,4.93886,6.65716,14.70931
04-04-2014,26.41309,30.13507,36.98880,33.76774,27.32512,18.30606,7.56969,5.58297,7.94588,9.34137,13.31332,14.17246,16.53487,13.74339,13.09878,14.65592,22.33238,28.02312,26.30532,25.71509,18.84290,29.47250,36.77377,32.04945
05-04-2014,28.55980,24.33690,26.62713,30.54668,30.11661,19.00455,15.03161,26.30532,50.67781,71.40016,79.56058,80.25807,78.54028,78.53978,73.06457,69.78963,65.38761,59.05276,51.96653,47.34948,44.66576,45.90010,49.17455,45.52441
06-04-2014,42.73326,38.79574,38.00861,36.29081,35.91512,36.18354,36.98830,37.68630,38.75999,37.41788,37.68630,38.49206,38.65222,39.35022,41.17578,43.10912,42.35674,41.06801,40.20986,44.23619,44.23569,39.29733,39.67252,40.04871
07-04-2014,40.51338,40.15548,41.44420,36.55923,34.09005,34.41136,31.78053,33.71386,36.45196,40.37102,39.56475,39.35121,39.83367,42.14220,36.61311,41.98055,47.88632,42.46401,39.02841,37.47126,45.57830,55.08032,57.87181,58.46204
08-04-2014,53.61249,54.75802,58.24700,60.77056,63.50866,60.60991,60.50214,61.03898,62.91843,64.90465,67.21318,,,82.95992,82.13703,85.94881,87.29042,87.07638,82.18991,68.01795,68.98436,59.58961,60.50214,59.85803
09-04-2014,50.96419,50.53512,47.61790,45.84672,43.37704,36.66650,35.75346,41.17578,51.53696,63.66932,71.50693,80.20469,83.42525,86.05608,89.59895,87.07588,83.21121,75.48037,69.84252,67.42772,70.59489,63.66982,62.75678,59.37457
10-04-2014,57.69303,54.04156,49.92643,46.92040,39.45848,43.32316,47.02767,52.93295,65.70992,66.62195,76.71471,87.77388,90.45810,88.74030,83.80144,62.48836,64.36781,64.31343,63.24024,51.16077,46.75875,40.69282,37.68630,33.98228
11-04-2014,41.80260,35.43166,41.01513,44.71915,40.80009,47.08106,49.65801,50.30212,54.27506,62.27382,67.80291,74.24553,76.55356,79.39942,81.11722,85.08966,77.19867,71.56081,63.13297,50.51715,35.27051,44.66526,49.28232,47.24271
12-04-2014,46.74062,44.02115,40.15598,45.25599,51.53696,47.67179,39.56525,37.57903,46.22291,56.26128,62.86455,72.90342,71.99039,72.36658,70.48763,68.28587,71.40016,68.76983,67.48110,63.02520,60.12645,58.67757,57.06654,59.96530
13-04-2014,61.84475,55.47381,50.14097,46.97429,46.38356,45.68507,48.10086,53.41591,59.10615,64.85027,70.00417,75.31922,78.21797,78.43301,77.25155,77.19817,81.92249,82.72675,74.46007,67.80341,66.78311,63.29363,62.32721,62.97182
14-04-2014,62.13080,69.14502,72.09766,72.68838,67.48110,62.43448,58.94500,66.78311,69.41394,73.65480,74.62122,74.67510,77.62774,81.06384,79.61396,77.46709,74.13776,73.11796,69.52071,61.30741,54.97255,55.93947,54.91967,50.30262
15-04-2014,47.88616,43.59208,40.80009,42.08832,36.88104,27.70082,21.68877,42.78631,65.22696,71.66808,74.08487,75.26483,79.50619,81.97587,81.92299,81.86860,77.95005,74.51445,68.55479,64.79689,55.83170,45.20261,49.12166,43.53819
16-04-2014,51.60880,40.72825,34.25070,30.17049,29.04342,21.47373,7.62357,47.83194,68.93098,70.54101,75.74879,78.86208,87.07539,87.34431,83.90871,84.06936,86.59292,78.48639,79.77462,66.99814,56.42243,50.40989,48.90662,47.67129
17-04-2014,43.09049,37.79390,34.25070,36.93492,42.62516,38.16926,33.12313,51.26854,67.85729,82.02976,85.73427,83.74706,80.84830,76.39340,73.01069,68.87710,63.93774,65.06531,63.34751,60.23422,55.88559,51.75150,53.46929,49.71139
18-04-2014,45.95365,44.73694,54.22167,61.95152,59.32069,59.91191,68.12571,72.79565,76.60744,77.68113,76.76809,76.66082,77.68063,78.54028,77.51997,79.18439,79.23827,78.48639,79.23777,76.50017,76.49967,75.05079,69.30617,75.26533
19-04-2014,76.16057,79.45281,79.18439,80.41923,80.09692,75.48037,68.44752,69.78963,69.89690,69.19890,72.25931,75.90994,77.78889,79.82850,78.59366,80.36534,81.97587,83.31848,81.86910,78.21847,76.50017,77.78840,76.66132,76.66132
20-04-2014,80.45465,73.44043,74.78187,74.83626,70.05805,67.69614,69.25329,68.23248,69.41394,70.43374,71.40016,74.29941,80.84880,81.54680,89.43779,94.16212,94.37715,93.78692,87.12977,81.00945,73.54753,61.03898,49.12166,38.86726
21-04-2014,43.09049,36.86391,36.61211,32.37225,31.13691,32.04945,44.39684,50.30212,59.58911,70.16532,75.58714,76.76859,74.56734,80.74153,75.80217,80.84830,82.78114,83.47913,79.50619,78.16458,72.25931,64.20716,58.56980,56.79812
22-04-2014,54.25643,52.03788,55.02644,43.37654,37.14946,36.61261,27.21786,28.93615,38.06199,46.54471,62.48836,68.39364,90.45760,82.40545,66.46130,68.55529,69.19890,77.89616,67.42722,54.38183,59.32119,54.38183,47.99409,47.02767
23-04-2014,50.82117,48.81682,50.83896,47.29609,43.10862,36.07627,38.70610,46.54421,70.32647,80.15080,89.65333,92.23028,94.48442,96.36337,87.77438,85.46585,98.88644,94.69946,94.00146,89.33102,76.60744,68.66256,64.74350,63.13247
24-04-2014,61.55737,47.17037,32.15721,32.64017,19.91759,13.74339,23.56772,44.12842,56.09963,65.44150,64.52847,66.13949,68.17910,71.99089,74.08438,79.39893,78.91646,80.47261,77.25205,73.97711,65.28035,66.83749,70.32647,65.76380
25-04-2014,59.98276,61.27198,63.88435,43.96727,33.33817,36.07577,32.53290,21.68827,13.25943,15.72961,24.31860,26.03690,30.70734,36.39808,37.25722,40.63894,37.95522,35.80735,36.88153,23.99680,17.71533,23.13765,17.93037,14.38750
26-04-2014,23.19136,31.06507,25.92963,40.96075,46.16902,41.55147,48.53044,57.28108,61.52194,59.05326,62.11317,61.30741,62.38109,62.00540,65.87057,68.28637,67.91018,67.69614,59.91191,41.65924,35.59281,30.76122,28.88227,26.89605
27-04-2014,20.70539,29.66142,31.59542,30.68239,29.44606,32.88515,36.05581,40.24678,45.29740,56.25978,68.24246,73.72365,76.19533,70.71464,75.76476,77.43067,77.75347,75.33568,63.62092,47.66231,34.33602,41.59039,51.31643,54.27157
28-04-2014,49.72220,51.44116,50.61744,47.93073,58.51642,54.48610,56.74374,59.80664,58.78534,64.26603,66.84497,68.99484,75.17403,76.41036,77.91412,75.60460,80.33241,74.63669,74.85172,70.44572,65.82417,67.16778,58.35527,57.49512
29-04-2014,56.24149,57.02979,56.47432,53.84199,56.31416,51.31593,51.58485,52.39112,58.19411,58.94649,67.38282,63.88984,63.19085,60.82694,62.97731,70.98256,75.92691,70.76802,70.82191,62.38558,60.98859,64.26603,62.76177,61.14975
30-04-2014,60.03930,60.61207,58.35527,58.73096,60.18233,62.17055,61.09586,56.09863,62.43897,55.56129,65.55575,74.26050,93.92712,101.87999,92.04667,92.42236,88.44693,88.28528,89.57500,88.71535,87.80182,89.41385,80.06349,69.31665
01-05-2014,61.32786,59.60890,54.27157,50.18786,44.11595,38.68864,29.71498,30.68189,37.61396,46.31870,56.63597,68.94096,74.95899,45.08336,54.00264,53.41192,69.69334,79.47326,84.09431,82.80459,79.15046,74.31438,77.96801,77.75397
02-05-2014,78.66650,77.52031,80.81637,81.29983,78.77477,76.14144,72.05774,67.59735,68.02743,67.38282,70.82141,74.52892,75.55022,77.75347,76.24871,73.50812,75.76525,75.76525,77.32340,72.27228,68.51138,62.43897,55.45402,63.13796
03-05-2014,57.96178,62.97697,59.21491,71.03644,71.78882,64.58834,64.31991,78.12916,79.52615,80.43968,83.18078,85.43741,85.16899,84.84619,85.54518,82.91136,82.58905,81.40760,68.99484,59.26830,44.22322,52.71342,57.01166,44.86783
04-05-2014,36.89717,51.36998,60.07556,52.92846,47.87784,44.76056,46.21143,62.11666,68.13470,76.89382,88.82312,94.03439,97.15118,99.73062,101.55818,103.65317,103.70705,100.69803,92.90632,90.05846,81.40760,86.94167,84.14769,77.80686
05-05-2014,74.08171,71.21522,69.42442,68.29585,60.98909,54.80891,59.37607,80.33291,88.92989,95.05619,98.44090,105.37246,108.81155,114.56166,116.17319,123.80325,127.99522,116.76442,113.48648,104.02985,105.15792,102.68625,89.89780,83.34143
06-05-2014,76.15857,67.48992,64.15876,66.30813,55.18510,46.26532,50.99363,53.35753,56.74374,58.24800,70.39233,82.53567,81.89106,84.57777,83.98604,87.96297,87.53290,81.99832,82.26675,65.01841,46.42647,46.96381,55.66905,66.84547
07-05-2014,66.27188,64.05066,62.81516,55.34625,50.88686,54.64775,55.56129,62.76177,60.66579,59.96779,62.43897,66.52317,65.82517,65.87806,65.07229,68.94096,67.00663,56.63597,53.68034,52.76681,53.30415,53.25027,54.97056,54.59387
08-05-2014,54.52252,55.16714,56.52770,55.02394,54.91668,52.49839,48.14576,48.89814,54.43272,53.14300,43.79364,34.01371,31.48816,32.45557,30.46735,26.38365,22.35284,19.02251,23.32075,22.89118,26.06085,25.47012,25.73854,29.71498
09-05-2014,33.60160,39.47628,43.63249,45.78186,48.79038,53.51919,53.94926,59.32218,61.79436,64.10488,63.19135,66.57705,68.67204,64.80337,66.95324,66.52317,62.97631,66.03921,61.36478,54.75552,43.79364,41.91220,41.75154,47.98511
10-05-2014,43.91871,41.48262,41.53700,42.28888,34.92725,41.53601,48.30742,47.82346,42.55780,38.90368,45.24452,58.94649,68.83319,69.85449,68.67204,68.51088,69.10261,68.72592,66.03921,64.05149,61.52544,62.70789,62.38508,62.22443
11-05-2014,62.11749,60.82694,61.31040,60.39737,60.23571,59.80664,55.99136,52.17558,52.17558,49.32822,49.43598,52.87458,56.09813,56.74324,53.89538,56.09813,53.78761,56.68985,58.03246,47.01720,43.68587,45.45905,47.60792,47.55454
12-05-2014,46.28361,47.35796,45.67459,43.36307,41.16081,38.79591,37.50669,38.41972,39.97836,48.25353,53.62695,60.93421,60.39687,57.54900,58.08684,42.34277,20.09620,22.78291,36.64754,37.82849,26.59869,31.05808,30.03728,30.73628
13-05-2014,28.65825,30.44973,28.69418,23.37464,19.50547,22.08492,37.02323,44.38487,42.18161,49.22095,53.78811,57.76454,65.17956,67.32893,66.14648,70.82141,69.80061,67.81239,66.95274,59.21541,55.45352,51.42370,37.07711,28.69368
14-05-2014,28.08549,30.09117,20.52627,26.81373,21.86988,23.42852,26.59819,30.25232,49.91944,60.18283,65.12618,65.44898,69.96176,70.06953,71.41263,71.46652,71.25198,71.46652,67.43620,56.58209,46.48035,32.61672,34.65882,22.62176
15-05-2014,15.33230,21.49369,29.44655,23.69694,14.13205,16.71149,26.70596,54.80891,58.35527,60.07456,63.94422,65.50187,64.31991,70.49910,72.54120,79.04269,77.80735,67.38282,62.27831,55.99086,62.76177,59.48383,51.96104,45.88913
16-05-2014,45.70951,39.19089,39.81771,30.46686,26.54481,32.72449,38.09741,54.86229,68.88707,76.67829,76.03417,74.20711,77.21613,78.18304,82.85847,85.65245,84.25546,74.04546,61.63320,61.04248,56.95878,48.09188,41.58989,40.35405
17-05-2014,40.90985,41.05288,41.32197,43.09465,39.70944,30.46735,25.73904,27.67337,38.47360,45.45905,52.82069,62.81566,72.54170,78.93542,82.58955,85.70584,86.56548,75.12064,61.79386,60.50464,71.68155,69.42442,62.17055,57.44223
18-05-2014,54.52252,51.65670,47.60842,35.41120,36.21697,46.48035,57.11993,59.96729,60.39737,73.18631,89.19831,95.59253,104.45943,103.27698,104.83562,102.47071,96.29203,93.71258,95.43238,87.31836,80.81587,76.62540,65.12618,48.30742
19-05-2014,38.76049,30.59275,30.09067,28.31749,22.03103,19.34432,18.16237,22.35384,31.91823,44.65329,66.84597,84.79280,91.88552,97.74240,93.28251,90.00407,74.36777,84.73892,85.32965,67.06051,60.39737,57.33447,50.94024,45.24452
20-05-2014,40.98103,32.38422,28.64029,23.91198,19.45209,16.12027,26.06135,45.72797,67.81239,71.14371,84.20208,88.17801,95.10957,98.54817,98.28024,94.94792,84.63115,74.79784,76.46375,71.30486,70.49910,61.52593,50.88686,46.10416
21-05-2014,41.48196,39.19023,37.77461,50.45678,48.84426,47.44727,50.93974,47.23273,47.93073,53.73422,60.07456,61.84774,70.87529,66.46928,69.20988,63.29911,58.40915,55.45352,49.27433,55.61517,61.90163,68.29635,67.43670,70.55298
22-05-2014,70.28456,49.79338,50.34852,54.21768,59.86002,56.79712,55.13171,57.49562,60.55852,67.22166,69.20988,70.44522,66.30813,67.16728,67.00663,69.37053,75.71137,79.41938,73.24019,57.38835,47.12496,34.92725,33.47587,38.31245
23-05-2014,36.10887,33.96016,35.08840,41.85881,38.95706,42.07385,49.70391,57.06604,60.02118,65.50187,68.77931,67.11389,73.50812,71.30536,72.21939,69.53218,74.10034,71.03694,68.51088,58.62369,46.96381,40.03225,27.13553,22.67564
24-05-2014,20.27565,14.61651,16.60373,19.07540,17.62453,17.46387,19.02251,21.86988,25.57739,37.34553,55.61467,60.39737,70.23068,72.86351,72.59459,72.54070,74.04646,63.99811,49.97283,43.57860,63.67530,64.74949,57.65727,56.52820
25-05-2014,61.61524,60.75510,56.15201,49.32772,47.82296,46.80266,51.79989,57.06604,58.40915,60.88132,61.74097,67.92016,72.00336,73.83042,76.67829,77.59232,74.20711,72.32616,70.06903,65.60864,57.92519,52.76731,47.98461,46.15755
26-05-2014,38.04336,25.57689,30.73578,28.10295,29.55432,33.42249,29.66159,36.48539,50.08010,55.77632,70.12291,72.59459,76.89332,83.39531,87.42513,88.07024,87.42613,84.52388,75.55022,72.80962,79.52665,71.41263,64.10438,58.99988
27-05-2014,63.90830,60.97063,55.02394,56.04474,53.19638,51.85328,52.44450,51.63874,47.87734,41.21420,42.18211,41.96658,38.47410,47.87734,51.90716,52.01443,56.42093,60.12845,62.38558,62.76127,65.50187,67.06001,63.40638,55.40013
28-05-2014,44.70701,41.62565,36.48539,33.53026,28.15633,19.77439,20.31124,33.20745,35.46459,46.96331,42.66507,47.93073,40.08613,35.08840,32.13327,28.42575,30.84354,38.90318,46.37258,38.52749,22.56837,18.10798,18.80698,16.49696
29-05-2014,14.47215,14.54400,12.46664,12.30549,10.20950,7.68394,9.18870,9.45712,6.34084,10.10223,11.17692,12.03657,17.30272,21.92326,29.93051,31.16585,31.48865,34.92725,36.16358,31.16535,28.42575,30.52074,28.96210,21.76261
30-05-2014,23.78608,28.87312,31.91823,32.34830,32.56334,36.37812,40.03225,44.70667,52.44500,52.71392,57.60339,61.14975,62.70739,66.14748,68.83319,68.08131,63.67530,63.40638,61.14975,57.28108,43.20192,38.52749,32.99241,29.17763
31-05-2014,29.23102,26.29335,24.23379,21.76211,21.87038,28.42575,33.90644,50.94024,61.63370,64.64222,68.72592,65.93194,67.97354,77.59232,81.89056,78.45246,71.52090,60.93471,71.35925,61.63270,55.23848,44.43825,46.26482,46.58762
01-06-2014,42.19908,29.94814,16.76488,17.84006,21.49369,29.01598,50.13448,67.54347,68.94046,72.97127,76.14094,75.12064,75.76575,71.95047,71.19760,73.56200,74.15323,68.18858,65.34072,52.49839,45.24402,39.65556,47.07108,48.57584
02-06-2014,51.58485,40.26524,42.01996,41.75104,38.25857,49.16656,48.73749,55.50790,59.05376,60.23621,65.01841,69.58607,72.70235,71.25148,77.16224,69.31715,67.32893,61.25701,54.37883,44.97510,39.44102,35.24955,34.22875,32.61672
03-06-2014,29.80445,27.79877,24.61047,24.18040,18.48467,14.18594,22.94456,27.83403,33.63752,37.29165,39.60167,42.18112,39.49440,42.34277,35.57186,44.11595,46.31920,41.75154,40.89189,27.99568,48.03850,40.56959,30.52124,30.84354
04-06-2014,30.11910,22.01523,26.24645,25.65522,18.44775,14.03726,16.83473,20.59962,40.33809,39.58471,52.70843,54.64476,61.15274,62.17454,59.70037,54.53699,48.67462,45.60873,41.41377,42.38168,38.83233,36.62658,38.29449,32.05543
05-06-2014,31.12361,35.28265,30.54968,25.44019,18.93171,18.17933,29.20458,38.67068,42.05938,40.87593,43.83356,48.56736,51.68614,55.02095,58.30238,59.37756,62.60461,61.52893,61.95950,54.48361,49.15858,40.39197,37.27219,37.70276
06-06-2014,39.37050,33.99143,26.40760,24.63293,20.59962,15.81243,23.87955,30.76471,48.02951,62.01338,67.12238,73.63035,76.05114,77.66416,76.10452,72.34013,70.02712,66.42338,59.26980,54.05304,45.66261,44.64082,40.23032,37.54161
07-06-2014,36.64504,39.01128,41.84384,43.72629,40.12255,42.00549,35.49752,36.14263,37.27269,36.25089,38.77895,29.79680,45.55485,63.62641,78.47142,84.22553,82.66589,83.84934,81.64459,75.45891,65.56274,52.70843,37.37946,30.06522
08-06-2014,31.19479,31.19479,19.03948,22.80486,24.41789,24.04170,39.96190,50.77260,59.70037,66.15446,69.54266,72.23187,73.63035,74.11431,77.82631,76.64236,78.73985,70.67223,68.25194,64.00310,59.91540,50.55707,32.75493,33.88449
09-06-2014,27.46549,33.70471,25.49407,28.23666,29.74292,36.78873,36.78873,47.65283,50.93376,50.44930,53.67635,59.26980,62.82015,76.85790,83.36488,88.90494,82.71927,71.85568,74.86769,67.12238,47.27664,46.41549,36.30378,33.88449
10-06-2014,31.84006,30.47700,24.68681,17.74826,30.76471,37.54161,38.13284,48.78289,62.55123,63.78806,64.64871,71.21007,74.27546,76.53510,74.97496,82.39746,84.06437,81.69847,75.56718,70.08100,62.12065,55.82771,49.53527,50.50318
11-06-2014,45.03497,33.34615,32.00155,27.96774,25.81638,35.49752,37.97119,40.92931,49.69642,55.66606,61.20612,62.92692,63.14245,66.31611,65.99331,72.17848,67.55295,69.11309,61.58281,50.39592,42.81176,42.81226,15.97408,17.15703
12-06-2014,20.22309,19.00306,18.17933,27.96824,14.57560,10.00395,22.69660,29.74292,32.37824,46.41599,57.01116,58.83972,63.35749,54.42972,56.90339,60.02317,60.50713,64.80936,62.71188,54.16080,39.31579,45.82427,47.43729,49.91196
13-06-2014,47.25818,45.10681,32.96946,32.70054,29.63515,14.36006,37.27169,36.51931,54.10692,65.99281,67.06849,68.57425,65.24043,64.64871,65.67001,64.86324,66.37000,67.98302,68.03691,51.20268,48.19117,49.96534,45.93153,43.24283
14-06-2014,46.54172,42.88360,40.66039,35.76644,35.55190,34.69075,35.17471,36.62708,38.88622,41.41327,43.08118,49.05131,52.11671,53.03124,55.34425,57.49562,58.35527,61.09885,62.76626,64.00310,64.00310,63.89533,64.86374,63.94921
15-06-2014,62.10286,61.02718,63.30360,60.77605,58.73245,59.91590,55.98986,52.54728,51.90167,52.06332,53.62296,54.91318,50.39592,47.54506,45.82377,43.29621,41.84384,43.24233,40.87593,42.48945,40.82254,41.35989,44.04909,44.58643
16-06-2014,41.80792,39.80025,41.95211,41.14435,36.30478,33.45342,34.47522,34.31407,33.99126,37.21881,39.15514,39.53133,44.42528,50.12700,53.46081,53.30016,46.36211,46.68441,48.40570,49.42750,48.45959,46.89995,48.56736,49.10520
17-06-2014,51.70460,61.17020,61.69008,61.20662,56.25828,55.55929,54.96757,58.51692,56.79613,57.28008,57.33397,57.54950,58.51742,57.65677,57.87231,56.20390,53.89188,53.03124,48.94355,43.67240,38.29399,37.05716,35.71255,33.83011
18-06-2014,30.04726,21.94405,20.11566,19.30840,17.96380,15.32847,11.56309,12.42423,15.38236,17.85653,23.61113,28.66673,31.62536,31.35594,30.87198,29.41961,31.57098,31.14090,33.56119,32.70004,35.87371,33.40004,23.34171,8.12150
19-06-2014,10.03970,4.44575,4.57115,3.71100,6.93855,11.13301,19.25501,15.00567,18.23321,26.03191,27.59105,29.41961,33.93838,37.21881,39.20802,40.82204,39.74636,39.47744,38.45514,39.53133,34.42183,29.58126,28.88227,18.12545
20-06-2014,26.82021,22.08708,8.92826,7.15359,13.98387,16.99588,20.43796,28.34343,35.71255,40.82204,46.68441,46.84606,44.85635,43.51125,48.13728,52.33224,41.73657,41.19823,43.45737,39.53133,27.32263,29.20507,23.50336,22.80437
21-06-2014,27.39364,25.60151,25.97803,24.79508,23.18155,24.84846,25.65522,29.20458,38.29399,48.40570,40.12305,54.10642,69.97373,69.00532,65.13266,64.00310,61.74396,60.45374,59.59260,56.09663,52.60116,42.65060,33.50780,16.72696
22-06-2014,23.01973,18.93188,5.64783,13.98387,19.30890,26.24695,29.04292,34.47572,34.47572,39.96190,55.66656,63.41087,59.00088,52.60067,55.39764,53.73023,52.33174,51.36383,47.54556,40.33809,38.50953,37.75665,37.27269,33.93788
23-06-2014,31.33781,26.31796,27.69882,22.53594,24.95573,29.79630,26.62314,27.69882,29.68903,32.64716,40.66089,57.17232,70.88776,76.85740,81.16013,77.50301,60.88382,53.40743,42.43607,35.06694,18.87783,14.36006,29.74292,25.92414
24-06-2014,21.01140,20.58099,19.63120,21.19084,16.02747,14.25279,20.27631,20.97630,27.37651,32.21659,34.74514,41.73657,38.07945,35.55090,26.89206,23.93393,29.04342,35.44413,31.89428,37.43335,27.96724,29.74292,22.96552,19.47005
25-06-2014,21.94405,19.21926,19.90012,18.77106,20.54523,24.79458,36.08874,43.51125,45.71650,52.38563,54.37534,55.39764,57.87131,60.77605,63.14295,64.27252,61.26001,56.52721,57.65627,52.06282,49.96534,44.04859,36.46593,31.73263
26-06-2014,41.09080,35.99977,30.33414,17.31819,14.52171,24.95573,46.89995,56.52721,53.24627,60.34598,64.00310,64.27202,67.39180,65.34720,65.61612,66.58503,66.10058,62.28181,57.38785,45.71600,36.73485,36.19701,32.05543,25.86976
27-06-2014,26.24678,33.20246,32.59278,26.56925,29.58126,13.76833,16.99588,28.82839,34.47572,34.15291,36.57320,43.18894,39.10125,41.09146,43.24233,38.18672,39.74636,40.66039,46.03880,36.73435,30.92537,25.27853,20.81465,21.45976
28-06-2014,27.53733,17.92804,15.65128,16.61919,20.11566,27.75270,40.12305,43.02729,47.00722,47.76010,51.84829,48.67462,49.69642,52.00894,55.82771,53.56858,49.05081,48.24355,48.08240,48.83578,43.40348,41.95211,39.26240,35.33636
29-06-2014,34.13512,33.05944,33.45342,32.37824,35.82032,36.14313,45.23254,47.54456,50.01923,41.46715,37.64888,42.97391,49.15858,49.26585,53.94577,55.72044,57.76454,58.89361,56.58059,50.98764,45.87765,39.47744,40.92931,42.81176
30-06-2014,18.07173,27.10693,31.51759,30.38803,29.25846,29.52788,42.22053,46.14707,48.99743,50.77161,53.62296,55.82821,58.89311,57.60289,53.62246,49.48139,51.41821,53.08462,51.79440,47.49167,36.94939,29.74242,32.96946,25.11738
01-07-2014,25.36269,13.18293,7.25437,2.47167,10.37066,17.67891,11.98318,22.03103,47.82346,53.35803,51.10140,53.03573,54.70164,52.17608,52.49839,51.42370,50.13448,50.51017,49.43549,45.29790,41.05255,32.13327,20.95635,13.70248
02-07-2014,7.60162,7.60162,3.60324,2.58144,2.68971,3.11878,9.25107,37.05765,43.45737,49.05131,53.94527,59.80814,62.92742,68.89755,71.47899,73.25367,73.46920,60.88382,59.26980,58.46353,54.91368,55.39814,51.90167,48.51347
03-07-2014,43.95995,37.28966,33.29227,25.54746,27.69882,32.91558,56.68836,64.05748,74.49150,83.68768,90.89466,88.42099,88.47487,89.33502,94.55277,97.08083,101.00637,98.80162,94.22997,83.90322,71.37172,57.81792,57.33347,49.37412
04-07-2014,44.89194,38.72523,34.79802,30.28026,27.96774,32.10932,35.82032,42.32780,48.02902,56.31217,76.31956,93.58436,101.27579,105.30910,108.21384,115.74362,108.48276,98.20989,91.54076,79.43934,68.84367,56.68886,45.01750,39.31629
05-07-2014,36.07095,28.68486,28.34443,29.47350,28.02113,26.24595,23.18105,19.20063,16.40366,16.78035,28.98954,33.72284,44.21024,41.36038,40.01528,41.79046,44.26413,41.62881,39.47694,23.34221,16.24300,11.83251,12.58588,14.95228
06-07-2014,22.73235,26.60468,26.35372,24.14947,20.32970,21.83645,29.79630,32.43212,30.92637,27.42990,27.75270,37.91730,40.39247,41.41427,48.02902,59.43145,63.57302,65.18655,64.54094,57.60239,46.68441,43.18845,42.27441,39.53133
07-07-2014,30.97992,29.83239,21.40588,16.78084,13.66107,14.84452,22.48206,29.90357,37.64938,44.04959,46.52276,52.22398,54.48311,56.09713,56.85001,56.90339,56.36605,59.32418,57.44124,48.62124,34.31407,29.90407,17.31869,14.14502
08-07-2014,10.89985,12.98003,10.11121,13.60718,14.41394,8.60546,17.04927,29.63515,43.24183,54.16030,61.47554,54.91368,38.83233,37.11104,26.73041,30.22687,38.88572,37.27269,35.22909,33.99126,32.32435,32.05493,27.32263,30.97975
09-07-2014,32.98759,35.06778,33.77623,39.37017,41.36038,42.05888,40.55362,38.72456,41.09146,46.84606,48.67512,50.77260,51.25606,51.30995,53.08512,53.35354,51.52498,51.79440,55.23599,57.33397,57.92519,57.92519,54.96707,52.38563
10-07-2014,52.13434,52.06382,52.92347,52.87008,50.82599,48.19067,41.30600,39.20852,39.20852,40.17693,40.23132,41.19823,40.39197,39.85413,39.26240,40.28420,38.99348,35.82032,36.84262,38.40226,35.33586,32.32385,33.93838,32.80881
11-07-2014,31.84006,32.41416,32.59327,34.20680,35.17471,34.58299,34.20680,33.29227,34.20630,34.95918,36.78873,37.70276,38.40176,39.36967,40.98370,41.79046,44.37190,45.66261,48.88966,47.16837,47.43729,44.31801,43.29621,44.42578
12-07-2014,41.80792,43.74441,41.62881,40.55312,41.03708,34.95968,34.36745,33.88449,37.75665,41.46765,53.19289,62.33569,74.27596,80.51452,79.00877,77.07294,73.19978,66.58454,63.35799,46.30822,36.14313,37.86392,40.60701,36.57320
13-07-2014,31.84006,31.69704,27.32213,25.44019,22.80486,17.85603,15.11344,19.25451,22.10487,24.63342,29.52738,32.75443,37.97119,43.08118,40.33809,27.05321,24.14947,25.92364,24.84796,22.42818,23.39609,20.86854,22.05199,23.23444
14-07-2014,25.96007,23.01973,20.54573,21.89033,20.92192,20.65300,19.95401,22.69710,28.61285,32.91558,38.50953,49.85758,54.91368,63.08807,69.97323,77.87920,79.54661,76.96467,72.12460,62.55123,53.19239,49.85758,46.03930,42.05888
15-07-2014,37.57704,36.78873,34.74514,30.92637,28.82789,26.56925,22.37479,21.24473,34.74514,40.23032,44.37239,48.24455,52.97785,57.17232,54.91368,54.05304,53.24627,55.39764,51.14829,45.55535,37.91780,32.91608,27.21486,23.66501
16-07-2014,24.09542,17.42645,17.69487,19.73847,18.93221,19.95351,24.57954,27.16098,29.90357,40.66089,57.97908,76.10452,82.50473,82.77315,86.37739,90.35731,87.82926,82.82804,75.56668,61.31389,41.62881,41.19873,38.83233,30.76471
17-07-2014,20.79652,19.36228,18.66379,17.15703,12.80092,13.44553,16.78084,20.76077,26.67652,30.65695,34.58299,35.98147,43.51125,49.53527,51.84829,52.11671,51.41821,51.41771,51.79390,57.06505,50.98764,48.19117,37.86442,37.11104
18-07-2014,36.07161,32.12744,30.92587,28.23666,33.83061,34.95968,37.54111,40.12255,42.32830,56.90339,67.28403,82.28970,93.20767,102.40486,112.57045,133.43849,144.08754,144.19481,127.57612,122.14383,108.96672,97.99436,114.29124,96.38084
19-07-2014,69.84817,48.97980,39.90751,46.84557,49.31973,26.62264,32.27097,24.04170,33.13062,46.89945,57.76404,79.86941,94.28335,104.01788,126.55382,125.31699,116.22757,110.84916,97.18810,89.38940,61.58231,53.19239,61.09885,57.11893
20-07-2014,35.49752,45.25050,34.79852,29.41961,36.08924,36.68047,37.80953,43.40398,43.24283,50.01873,59.37756,63.25022,67.06899,60.02267,58.57080,48.02951,45.71700,42.00549,35.65917,40.71478,39.69298,39.58521,40.60701,42.65110
21-07-2014,44.17482,44.38969,46.46988,37.59450,30.38803,23.44997,27.32213,36.30428,45.12477,50.39592,63.89533,66.58454,59.53922,53.62296,55.61268,59.70087,60.45325,61.52843,63.46476,63.68029,64.64821,61.79785,58.73245,63.35849
22-07-2014,63.17788,62.03101,59.80863,60.72217,58.30238,58.40915,54.26857,50.18088,50.88037,47.27614,48.62124,46.73830,53.35354,55.02095,57.87181,59.05476,61.20662,61.26051,60.66828,57.49512,47.43779,41.57492,42.22053,42.75837
23-07-2014,43.88744,40.87593,40.82254,42.11276,37.59500,38.13284,47.70621,48.02902,51.09491,54.05304,58.62518,62.65899,68.09079,71.96295,80.99898,86.80746,76.10452,72.60806,70.61785,67.12238,62.71238,64.00310,63.35799,63.30410
24-07-2014,61.31389,58.15869,50.28765,45.55535,48.24405,42.48945,38.93960,42.38168,44.21024,51.95556,59.10864,58.14023,67.17626,69.21936,66.42338,71.26345,73.73812,73.89977,73.14640,74.59827,69.75820,64.59482,61.58281,54.16080
25-07-2014,52.99581,52.13500,49.85807,46.14707,48.62074,44.69420,40.66089,48.88966,56.52770,62.06677,64.37979,70.13489,76.85740,74.65265,68.68202,79.97668,76.64236,63.84194,69.16647,67.28403,62.01338,60.13094,60.39986,62.38957
26-07-2014,63.10670,56.93932,57.11893,60.99109,64.80986,63.25022,61.52893,61.69058,61.09885,61.15224,65.93943,70.24215,72.87698,79.43884,83.90322,82.23581,82.28970,76.64236,80.94509,68.03641,68.09029,50.66484,37.75665,30.65695
27-07-2014,43.81626,35.99977,30.76421,43.29621,49.74981,53.08462,56.52721,53.83750,43.34960,41.25212,42.81176,44.21024,48.89016,53.46181,56.36605,48.94404,47.49117,48.19067,49.58866,43.51125,34.69075,41.35989,39.90801,37.81053
28-07-2014,34.63670,25.96007,20.49235,24.25674,21.62141,16.24250,12.96207,13.49991,22.80437,35.55190,40.82254,38.29449,36.94989,37.81053,39.20902,37.21881,39.36967,40.01528,39.58471,40.87593,42.48945,45.12477,45.93153,44.85585
29-07-2014,41.59238,34.20696,29.85018,28.93615,27.91436,24.68731,28.23716,33.40004,36.08974,39.58521,43.51125,48.67512,53.35404,54.96757,57.81792,58.62469,65.34820,65.40109,60.99109,52.87008,44.58693,45.07139,43.18845,35.49752
30-07-2014,41.44936,39.08312,38.34787,30.97975,25.11738,25.00961,33.83061,47.47305,,,62.81998,69.54216,76.58848,82.28920,87.66811,89.71220,95.09012,89.55055,63.57253,66.96072,59.86152,44.42578,43.83405,50.01923
31-07-2014,52.63659,36.28582,30.87148,31.51759,21.83645,22.85775,34.47572,52.65505,63.35699,70.83388,76.96467,83.47265,87.56034,95.57457,100.30737,98.74774,101.49083,96.65025,91.59465,74.92157,65.34770,53.78362,45.39369,40.76866
01-08-2014,35.92792,32.41416,29.41961,26.89156,17.31918,16.78035,16.40416,23.34221,40.82254,58.30188,67.87525,74.86719,85.46336,94.82169,92.34753,88.74379,94.01443,98.53170,96.27307,85.46336,75.45941,62.28231,56.74224,54.26807
02-08-2014,51.91947,49.05098,43.72629,36.46543,47.11499,33.50780,33.34565,43.29621,62.65849,66.96122,85.62401,92.45479,103.58831,114.61405,117.35664,115.63585,112.46318,94.28335,61.26001,62.17454,58.89361,51.14829,47.97563,47.59894
03-08-2014,53.23264,63.69343,58.73146,50.61794,46.42647,42.87961,50.29563,63.08408,72.32616,75.71187,80.27853,82.53567,83.18078,88.07024,94.30331,97.68902,98.11859,96.61383,90.43465,78.55923,72.91689,66.20086,60.93471,55.18510
04-08-2014,51.44183,42.48513,39.87109,31.48816,20.90246,18.48467,29.76836,33.42199,45.88863,61.04198,71.14421,76.24871,78.18354,82.10609,82.96574,72.97127,68.29635,68.35023,64.53445,65.28683,64.53495,57.01216,49.97233,38.25857
05-08-2014,49.86523,46.57033,38.09791,29.44655,24.34205,18.80698,25.95408,39.27987,,,,,,,,,,,,,,,,
06-08-2014,,,,,,,,,,,,,60.18233,74.90511,79.84896,84.95346,86.40483,77.10886,50.99363,38.04353,13.16513,10.90850,23.10572,43.41695
07-08-2014,38.04336,16.54968,12.25110,7.89848,12.03657,10.80023,26.75934,40.73024,46.10466,57.17281,59.53722,59.37607,63.72919,67.86627,59.48383,61.84824,62.22393,58.57030,56.52820,57.33397,50.77859,51.90716,52.65954,49.38210
08-08-2014,42.41395,36.82532,25.09343,17.19495,26.06135,21.70873,23.58868,45.40517,57.76454,67.92016,80.54795,85.81360,76.94721,67.97354,66.20086,63.45977,60.34398,66.73820,63.51365,50.56355,40.19290,39.38714,25.41624,29.23152
09-08-2014,69.28139,74.94120,71.89609,72.54070,65.55575,52.82069,46.42647,51.69212,58.14073,62.65450,65.77079,71.30536,76.35598,78.93592,79.25773,81.78329,83.07301,81.08529,75.65799,64.74949,62.11616,55.39963,51.79989,51.74601
10-08-2014,49.60445,47.02734,41.01513,41.22967,37.47126,35.05647,37.36449,35.75396,43.26977,46.54421,54.00614,51.96603,48.96001,49.22843,59.80414,76.98313,80.36534,74.67460,69.52121,64.79689,62.81067,63.88385,60.93122,57.38835
11-08-2014,56.33262,56.90606,53.68433,50.14097,47.51063,44.07454,40.20936,45.90010,50.78508,54.86578,59.32069,66.78311,69.84351,72.20493,76.39290,76.92925,76.71521,80.57988,70.21871,55.29436,58.78384,58.67707,53.04022,52.28884
12-08-2014,51.75116,53.75618,52.18107,51.37580,49.49735,49.22793,51.85976,57.01266,66.35403,69.68186,72.25931,75.10418,82.19091,88.14957,85.03578,87.29092,85.03628,86.59243,83.85532,73.70819,67.26657,74.78237,68.39414,66.72972
13-08-2014,62.70290,48.31590,43.96727,41.01463,41.22967,44.28957,39.29733,42.73243,50.51715,57.92569,62.16655,60.93122,68.93098,73.27911,70.00417,69.25279,68.50091,74.13826,63.88435,63.18636,58.51592,50.51666,49.71139,51.59084
14-08-2014,48.60195,46.02550,45.09484,42.14220,40.04821,35.27051,38.97502,46.32918,54.86479,59.37557,63.07859,64.52847,72.79565,65.60265,43.48431,41.33644,47.13444,36.61261,47.24221,28.02312,14.70981,10.84414,1.50376,1.34261
15-08-2014,2.72014,24.90966,19.75593,17.76921,21.74265,23.72837,30.27776,38.00861,46.38356,48.79886,52.50338,54.91917,56.47631,59.26730,58.89161,62.16655,62.38109,61.89813,59.91141,52.34272,52.71791,47.72567,43.05473,47.40336
16-08-2014,45.73878,36.93442,35.75297,35.10935,43.64546,38.59933,43.10812,48.63820,58.08635,61.95202,65.70942,70.80943,71.66908,76.71471,76.82198,77.41270,74.56734,74.72799,73.22523,69.95078,69.03825,68.01795,66.35453,66.29965
17-08-2014,65.71973,66.36368,68.33027,70.74407,70.26061,69.13404,65.21998,63.98613,63.34252,61.03599,65.43401,66.34555,69.72477,72.72880,70.42227,70.90473,73.10399,71.22653,66.88289,63.34202,60.66030,56.79812,57.17481,52.66952
18-08-2014,54.34956,54.20720,53.31213,51.11287,49.66549,49.71937,47.19831,45.16020,50.09457,55.13620,59.90942,63.28814,63.71771,61.51895,62.32272,63.93175,60.17734,60.66080,58.99738,49.28980,36.25588,18.50463,8.47474,17.32417
19-08-2014,31.25000,36.11419,32.82428,36.36415,36.47142,37.81203,40.43987,35.13081,46.50081,52.07879,56.79862,55.61816,57.97858,69.72477,63.71871,58.03246,56.15501,49.45045,43.49778,39.04637,26.76383,3.43161,1.82307,6.38175
20-08-2014,24.52915,6.43613,9.92262,15.07053,10.13716,5.73864,14.85699,23.59915,33.30724,41.19125,51.75698,57.97858,57.06754,57.33546,62.42999,58.19361,52.18556,42.96094,39.68948,23.38412,20.48836,16.73345,3.37922,2.73561
21-08-2014,3.00286,14.73226,13.40811,8.52763,6.81132,8.90332,12.33542,29.66009,44.51708,52.99082,61.25053,68.92050,72.19145,72.83507,72.45988,68.11574,67.74005,67.57939,65.91697,61.94753,55.29736,53.20536,50.89833,46.76923
22-08-2014,45.48200,47.19831,41.88825,35.55938,43.01482,42.31682,37.54461,38.29499,41.35190,44.24866,46.55469,45.48150,49.66549,50.47026,54.92166,58.62219,56.20889,49.28930,22.52646,6.70455,4.39802,13.30134,11.15596,18.61140
23-08-2014,21.16773,28.67621,32.71701,33.52127,31.96613,31.32251,34.43331,39.68948,48.59230,57.38885,60.44576,62.91295,60.71468,62.85956,60.33849,56.63797,57.92519,58.99688,40.65490,23.81369,16.19710,6.22110,3.32583,3.27145
24-08-2014,4.85820,8.85891,20.30874,22.50501,22.72005,24.75616,27.00681,34.08007,43.45687,53.10209,62.10469,68.26741,72.07121,73.03564,69.28472,75.92890,72.39252,62.42550,55.51389,56.69185,44.58244,39.81272,39.17010,37.29464
25-08-2014,31.93652,30.93601,31.07904,34.02619,33.22242,23.73835,16.87913,22.02355,33.81215,30.70385,48.81582,45.92156,49.99428,49.67297,44.15337,36.91995,31.61488,33.86553,29.52538,24.22081,24.54162,26.95343,31.29357,32.36477
26-08-2014,31.79350,31.43560,27.43489,25.98850,28.23916,31.13292,30.54319,28.82839,33.32969,36.43749,48.17271,59.80065,68.91002,74.58979,75.87552,78.28682,81.87709,79.19836,67.83833,62.15807,52.40559,40.34906,51.44116,49.45844
27-08-2014,46.36809,42.79646,42.22502,32.73996,24.80955,21.21928,21.70224,42.11725,46.02883,52.51236,59.15704,65.31976,70.40979,71.74991,71.80379,70.73160,64.62276,66.22980,62.80119,57.44273,58.78235,52.83466,45.38671,41.79545
28-08-2014,38.65205,26.50622,20.09420,17.46836,18.64732,18.27213,24.97020,30.27477,28.23916,23.68447,23.63108,30.38204,39.70645,46.83259,57.01366,64.19419,69.01679,64.30096,55.03093,54.87028,43.72529,43.08217,37.72372,25.13085
29-08-2014,27.79212,26.93530,29.25696,28.93516,27.86396,29.25696,33.49084,42.65360,46.77921,50.04767,55.19208,58.35377,60.87234,63.06911,64.62276,65.42653,64.30145,58.35377,54.44170,53.42389,48.54740,45.01102,44.15387,44.79698
30-08-2014,44.08169,42.72528,44.63633,45.76140,41.26010,34.61592,31.40134,38.25957,42.59971,46.24336,50.04767,54.28154,61.19315,60.28261,56.42493,50.04767,48.97598,54.44170,49.24440,38.36634,38.52699,36.59864,37.72422,38.25957
31-08-2014,33.90561,28.76602,28.15933,28.53352,29.65810,25.37533,25.05452,37.84895,43.84503,50.00177,51.60731,53.05319,54.28404,55.40812,57.87131,58.08485,54.06950,50.96469,41.22118,33.78022,26.12471,29.81925,30.62202,33.35214
01-09-2014,37.61695,35.04715,33.94087,29.92602,27.51671,21.73517,16.64913,18.52259,29.44406,42.82822,42.39915,40.36453,37.20683,30.99671,28.42675,21.57452,14.72178,14.34759,13.97240,6.85224,11.34905,12.58089,11.99166,22.43167
02-09-2014,24.62627,21.55689,17.55967,14.88243,16.32832,12.31347,8.35151,21.84244,32.28145,36.77826,50.64388,56.53269,59.90543,59.31669,56.74623,54.17727,47.11049,48.07392,45.34380,39.24095,34.95768,26.82071,28.96210,32.12079
03-09-2014,30.55018,21.34268,19.00455,15.95313,7.97631,2.03412,1.65943,3.05093,22.64521,39.34822,44.54103,48.07442,49.73334,62.31424,69.75570,67.88174,70.77251,70.29155,55.78281,42.93499,44.54103,42.61318,38.54495,37.84895
04-09-2014,31.76423,32.97761,29.65810,25.91067,25.80340,24.03721,22.00309,26.87460,32.60275,44.22022,53.64142,47.64584,52.14265,64.99047,68.84566,68.52436,65.84762,50.91131,42.50641,33.83410,28.10594,29.39018,22.91313,24.57206
05-09-2014,24.48325,26.33925,25.05402,30.35460,24.62644,30.67491,30.40798,35.92210,50.96469,60.49416,67.07897,69.38051,70.71863,72.16451,73.39636,70.07651,63.22428,67.13285,66.00828,58.13823,53.05319,42.23849,30.03329,16.86367
06-09-2014,23.53396,15.11876,12.14084,12.62230,11.60599,5.08105,12.03357,38.13483,43.53669,53.16395,56.53319,63.91429,60.97213,64.18171,71.08085,66.37449,60.86586,57.97758,48.45759,43.59058,35.72752,35.78140,26.26142,19.25451
07-09-2014,20.68077,13.62065,26.26092,33.16055,36.04883,27.54515,24.92330,19.25451,18.77305,30.96728,42.57377,56.80111,65.67899,63.91379,64.02106,56.31965,59.74228,63.05863,55.03592,46.69240,37.17191,27.86596,17.22189,10.64307
08-09-2014,7.70141,15.47532,14.97623,6.04398,3.15570,13.53135,5.72267,15.77800,42.41361,51.29199,58.08435,59.74278,62.57767,60.01020,56.15850,51.29199,51.72006,47.17286,50.81052,41.98554,37.75964,35.35333,26.58173,11.28568
09-09-2014,13.33527,9.84080,20.05629,6.25802,1.92535,11.92730,12.99700,18.93371,31.82393,45.94351,47.33401,51.29199,52.62910,58.67258,55.73142,51.66618,47.97563,45.30139,34.71171,32.89313,25.24461,22.41021,17.43593,23.31926
10-09-2014,26.10110,1.78283,1.49678,1.60454,2.19278,2.62085,1.87247,3.26197,21.76860,37.70676,45.08785,50.65037,58.29889,62.36363,61.02601,61.07940,60.00970,58.67258,40.91584,32.99990,32.25101,20.21694,18.29209,20.96583
11-09-2014,22.81950,24.31827,23.96087,27.17046,27.70531,18.07755,8.61095,9.41322,19.57482,31.66278,43.64346,44.98058,50.65037,50.59648,48.35032,49.79421,49.58017,49.36613,40.06019,29.95147,27.33111,32.83974,30.21889,34.92575
12-09-2014,31.73429,34.08722,32.62570,30.11212,20.64502,15.99204,16.42012,24.44234,37.86691,58.03097,65.41206,66.16095,71.40216,70.97408,71.93700,70.43973,65.67899,64.93060,47.92274,43.32266,38.34887,34.97913,34.92525,32.89363
13-09-2014,36.54992,36.54925,33.66397,32.06042,33.93139,27.14501,27.30517,41.57243,44.45821,57.01515,62.35864,66.68681,67.96905,67.70163,66.90035,66.84697,66.63343,60.64833,50.71024,42.37420,39.96938,38.63376,44.56448,51.29747
14-09-2014,55.07334,59.70469,59.84705,58.93851,54.93114,51.51151,49.80170,49.90797,57.86981,62.78572,65.24392,64.28200,64.22911,65.97452,66.63293,67.70163,63.69426,58.08385,48.35831,44.72513,34.46524,37.08410,44.51159,45.68706
15-09-2014,44.02980,40.11224,35.15974,30.77868,29.76337,22.12184,20.03833,22.12134,26.98436,41.78597,49.90847,54.66372,46.91542,55.78580,54.55745,62.09172,59.63301,58.72497,47.71719,32.64865,23.67150,17.95432,18.70220,20.67894
16-09-2014,18.45291,22.08641,22.70957,16.03046,7.74731,20.57218,32.00754,25.16727,21.80203,24.25873,33.07673,46.11464,51.29697,59.58013,62.03783,52.79375,54.02260,57.01465,61.87768,63.74815,58.83224,54.18276,49.26735,64.97700
17-09-2014,60.34531,54.43205,47.55703,42.80128,42.42709,43.60305,44.99206,43.87048,47.44976,53.64891,49.26735,54.23614,56.80161,61.07640,65.24392,69.89291,62.41203,72.72481,69.51921,52.47294,38.63326,37.03021,38.47311,37.77860
18-09-2014,35.76627,34.48304,32.32785,28.05306,20.25187,16.35127,10.41955,9.40424,19.28994,33.98428,46.96930,60.70221,69.73275,69.62598,69.46533,64.54959,62.89299,65.72439,65.61862,70.96160,56.37404,49.53427,51.35036,46.75576
19-09-2014,41.53650,34.34068,32.22108,24.68681,26.13020,25.27454,22.44264,23.61811,22.97749,25.91616,30.35061,38.63326,48.51846,61.18317,71.70949,47.61042,40.61100,39.06084,31.15238,38.57988,36.76279,32.70204,32.06092,34.19881
20-09-2014,38.29482,39.36252,38.49057,39.61165,40.57258,44.46968,43.18845,43.66891,47.13893,50.23526,49.27433,49.59464,51.73004,51.56989,57.76254,58.56332,54.45268,55.30683,57.28208,60.96564,62.94089,61.65965,61.33934,61.33934
21-09-2014,55.52037,50.39542,48.47356,44.14937,42.54783,43.61553,41.37336,43.18845,54.66621,58.45655,63.10104,63.74166,62.14011,57.54900,57.17531,56.32115,57.49562,55.25345,54.29252,51.56989,51.56989,54.87975,53.54513,52.90451
22-09-2014,47.90412,48.33120,44.78999,42.60121,39.29134,39.45150,34.54008,32.56484,37.04917,36.62209,38.11687,43.13506,50.60896,54.98652,56.74823,54.02560,47.72617,45.00353,32.93853,15.16133,15.42826,8.16790,11.58454,13.71994
23-09-2014,19.78803,21.70989,18.79151,16.76288,11.79808,3.68356,2.88279,4.37757,17.08319,38.06349,55.52037,68.27938,70.89525,71.69602,74.41866,72.81711,65.82367,52.21051,34.27315,30.64298,34.27315,35.82132,37.95672,37.47625
24-09-2014,36.65768,33.09869,34.48669,37.15594,33.15207,33.20545,27.86696,26.26541,28.50758,28.93466,31.12344,34.16638,28.18727,26.90603,32.56484,33.20545,31.33698,26.85264,26.42556,23.91647,7.58067,8.43483,16.38919,25.25109
25-09-2014,23.56057,16.01549,11.37100,13.98686,11.42439,8.86191,7.15359,11.37100,16.60273,26.53233,36.24840,43.93583,41.37336,39.50488,41.37336,40.57258,37.10256,35.02054,28.45419,30.58959,33.73930,34.48669,32.35130,30.64298
26-09-2014,30.32267,31.46155,32.93853,32.56484,29.52189,26.47895,22.95554,22.90215,27.92034,34.32654,42.54783,46.65847,48.47356,51.08942,49.48787,46.55170,42.17413,36.83563,23.38262,8.00775,5.44527,2.40232,12.91916,18.47120
27-09-2014,16.99605,14.43623,3.94700,4.00038,3.73296,4.37358,1.91986,2.88029,4.16004,10.71990,18.24020,29.33479,40.10808,51.52199,60.16187,42.24149,32.26748,22.13381,18.24070,11.57406,14.08066,8.64038,11.73422,16.00102
28-09-2014,7.96484,5.11964,3.57330,1.91986,2.50660,4.74677,3.94650,7.68045,7.68045,14.66690,26.98785,36.90798,47.36145,51.94907,44.85485,38.24110,29.86765,25.49407,16.48099,11.83999,6.56037,11.14698,10.34721,5.59993
29-09-2014,4.12445,1.91986,3.03995,3.62719,4.64000,2.24017,2.02663,2.08002,2.34694,3.36026,6.24006,21.28065,44.90774,43.36157,37.86841,22.40074,11.89387,13.12023,8.26719,4.05327,11.83999,23.14713,21.86738,10.34721
30-09-2014,6.40021,9.52947,16.42711,19.62721,19.52094,19.68060,21.92027,19.09336,22.18769,26.08081,31.94767,39.78827,46.08171,58.50844,65.33573,65.81519,62.08174,32.37425,25.01410,23.84063,25.92115,22.50701,19.62721,17.33365
01-10-2014,17.99124,25.03207,26.72093,32.37425,29.33380,24.80056,17.65396,15.68071,23.30728,39.46746,48.37477,51.20118,55.36222,54.08197,53.97520,56.37503,44.32200,22.24058,13.01346,4.58712,1.81309,1.86648,2.55998,4.42696
02-10-2014,2.77402,4.97794,9.06647,17.81362,31.36143,26.34823,15.52056,11.14698,19.57433,25.60134,33.12114,37.86791,41.86829,41.86829,34.18734,44.05458,37.65487,26.29385,30.02780,33.60060,39.73439,37.86791,37.97418,33.49433
03-10-2014,29.51175,28.87179,27.62747,25.06699,19.20063,11.20037,10.88006,11.46729,17.60058,22.18769,35.62774,44.21424,52.05534,52.85512,48.74797,48.10834,46.50829,43.36207,29.86765,27.84101,27.52070,28.74756,28.32098,29.44107
04-10-2014,29.12924,27.85066,34.31606,26.00347,17.69038,18.16985,23.12567,35.96750,45.39868,54.93713,57.17481,53.44535,54.83086,58.40067,43.95978,35.00857,28.98704,22.96602,10.97635,12.94860,12.73506,12.09594,11.45682,11.61597
05-10-2014,15.20391,11.15463,11.45632,13.26791,9.00510,10.07080,6.07441,6.28745,10.23096,17.95731,38.57838,44.17282,48.70256,51.42071,57.44173,55.15017,31.11845,21.04815,19.98145,22.37928,15.87879,27.22833,7.56670,9.32491
06-10-2014,10.72755,12.00680,20.19549,37.99264,32.07788,31.17184,30.58610,32.98343,37.40590,43.48082,42.30784,47.69025,49.92842,50.03519,45.39868,36.39359,39.21800,33.83610,33.24986,36.07427,32.45058,32.13077,29.78632,28.77400
07-10-2014,23.80005,22.52214,17.21142,12.73556,9.48456,5.22175,3.25050,4.58213,14.97324,34.10252,44.59990,51.95306,,,65.93128,65.16809,59.51976,50.08808,47.21028,48.43614,48.38275,41.24264,35.91412,32.55685
08-10-2014,29.89559,27.19075,28.50758,32.83176,25.46463,11.90485,6.94005,20.07275,28.77450,32.35130,41.90721,43.72230,51.83681,56.21438,57.65577,60.37841,57.22869,58.61670,64.11536,62.03334,50.23526,48.90064,53.11805,50.28865
09-10-2014,48.42100,51.84430,54.55446,54.71461,55.94446,57.49562,56.85450,57.54950,61.45409,64.02106,67.71161,71.29489,70.65327,74.77189,70.06504,73.75558,68.46099,63.05913,60.91924,59.42197,58.40516,55.03592,52.14764,48.93856
10-10-2014,48.15491,43.58210,39.06283,37.83049,35.31192,27.54266,16.23652,23.14862,44.15387,57.22770,64.03353,66.76664,66.87341,66.17691,59.74727,58.35327,55.13870,52.88755,50.31609,48.33286,43.67140,47.42232,50.42336,52.03089
11-10-2014,50.96486,45.52391,42.84020,45.52441,43.75273,39.56525,36.77377,29.95646,34.89482,46.70537,55.02644,62.64951,68.66206,71.02397,65.33373,66.03173,57.33447,50.67781,36.55923,42.30335,37.14946,32.31787,25.01660,27.43289
12-10-2014,21.63738,21.70856,24.66386,20.74181,21.27865,17.35610,13.48694,9.18870,8.06013,16.76538,28.10295,34.55106,46.85604,45.67459,48.68261,52.06831,42.01996,39.60167,43.68587,58.57030,55.72194,45.78136,42.88011,54.00314
13-10-2014,60.29409,72.92754,71.76088,74.99092,75.63653,64.38527,48.66614,33.16155,22.23310,24.71026,32.62321,35.31491,32.73098,28.26260,28.10095,26.91700,24.27869,26.27140,26.37866,26.80924,23.41754,17.01185,20.88799,17.92687
14-10-2014,13.30334,16.17981,13.42907,11.05618,11.54213,11.81155,5.44726,9.87023,24.05417,34.24771,37.59150,,45.19662,47.73116,49.94239,47.51562,39.91151,17.96030,13.53733,19.47005,21.19533,20.76476,20.33319,16.39617
15-10-2014,14.12091,18.87600,15.34544,22.91014,25.77397,20.31673,3.89062,2.80945,6.64568,9.88869,26.09827,44.52357,59.65347,51.00760,49.11667,50.14296,29.50193,24.04469,22.47807,23.66701,22.69460,25.01710,22.42418,19.23605
16-10-2014,14.79612,26.85015,34.86139,35.51099,39.62562,36.05232,21.11151,24.79358,27.98720,34.42932,41.24962,47.09553,51.26355,52.18423,53.64691,49.26136,27.06568,4.65497,2.76105,16.29389,16.40266,15.10396,15.91521,18.83791
17-10-2014,20.10202,18.94585,18.98210,18.60192,15.61885,11.49723,9.00310,21.31358,27.11657,39.64408,45.06790,50.49121,50.11203,49.29778,45.17566,40.51171,22.66966,32.59427,40.62098,45.12228,45.77238,45.50096,41.59687,38.66818
18-10-2014,40.35039,43.39384,41.23915,32.38273,35.75097,38.79341,37.92479,38.08744,38.73903,42.81425,43.14005,47.43280,46.50879,50.20383,49.00791,47.97613,48.24754,46.72682,45.47652,43.95529,44.44424,44.71516,48.68261,47.81298
19-10-2014,47.03000,46.88498,42.78432,41.80393,41.75004,44.09050,52.20053,50.73119,50.13248,52.58171,56.39200,59.00487,62.43448,63.84943,63.74066,62.27083,59.60408,59.11363,58.95048,58.67807,55.41311,50.83996,52.96338,52.20103
20-10-2014,51.76979,50.02422,49.73334,47.71569,43.89891,36.86407,29.17464,27.48478,33.91942,44.55350,46.78869,49.24290,51.11520,48.58831,46.78919,36.20948,40.19090,34.19183,34.08306,38.11837,39.04537,38.55493,39.20902,40.40844
21-10-2014,42.54034,43.19626,43.70583,47.03815,48.45909,52.66553,49.71538,48.62274,49.98879,52.11970,56.27126,58.07437,63.53810,59.71334,59.87699,59.98675,55.83420,54.35987,55.56079,55.56129,54.74205,53.15747,56.59955,55.61567
22-10-2014,56.86947,55.19241,53.20586,52.44001,45.22256,42.48795,37.12900,31.33249,34.77807,37.89485,43.03528,46.47985,51.07296,51.23710,44.67524,41.17578,40.46431,35.48854,38.16826,41.55846,40.30117,35.32439,34.23075,35.32489
23-10-2014,32.21126,27.68302,28.65077,34.34799,34.01970,26.29534,21.25570,27.66489,35.22460,37.69079,42.01847,46.23588,47.49566,47.66081,47.49616,36.32074,31.11596,32.15671,30.95181,33.30773,33.14309,32.59527,32.21160,31.49913
24-10-2014,32.27047,33.36810,34.79503,33.53275,29.69103,25.68466,21.18436,19.26349,26.50789,33.64251,40.00880,40.39297,44.39934,38.36234,36.16707,31.00819,21.12947,21.51365,20.85507,20.63554,21.67829,22.88569,18.93420,20.85507
25-10-2014,24.55842,25.51170,21.05763,18.96863,16.76987,10.88654,8.41237,9.07195,27.21586,41.23615,49.75879,57.01615,60.86436,63.55856,65.15312,60.75510,50.41837,37.71773,39.75135,47.99908,50.36299,44.20476,34.80351,40.24628
26-10-2014,39.95258,44.21207,43.62401,42.90805,46.48834,49.84860,52.93345,56.67888,59.54271,60.47919,58.88213,59.98376,63.12249,67.75002,64.99596,66.92380,69.01679,70.33845,68.74139,66.75866,63.50866,58.16567,54.53051,53.81455
27-10-2014,53.41491,47.60277,50.38045,52.91848,53.52567,52.53231,46.95882,41.82738,45.80082,48.61475,53.13950,50.76712,50.10504,51.75948,50.32507,46.46239,40.99966,41.16530,39.67551,39.78578,36.25389,32.05992,30.62551,28.91420
28-10-2014,31.10498,29.26162,24.32359,19.73548,18.62986,19.40369,18.24269,18.18731,23.21847,30.01732,38.36484,45.77288,47.09902,41.51605,39.30481,32.61573,25.53947,23.27286,26.25842,27.03226,27.41942,28.69068,27.19790,27.41892
29-10-2014,29.46252,29.61020,45.41215,57.26362,60.25417,52.11322,40.53865,29.13024,32.01003,48.01505,61.14027,62.46940,65.29382,63.63240,61.36179,54.49458,38.37881,33.39455,33.61607,33.83759,34.16988,37.38196,45.46753,42.36622
30-10-2014,43.27542,40.90786,31.12494,11.48476,1.44239,1.33163,11.81704,20.08373,14.48030,10.54129,12.98253,19.25152,30.40349,36.00692,29.84819,21.19284,12.26108,8.65535,10.15312,14.59156,24.07862,23.52382,23.35717,22.52497
31-10-2014,24.90035,23.64040,22.78790,22.62126,22.34286,21.95420,17.28576,12.17227,14.28422,19.89763,28.56795,41.24064,47.24321,52.57921,44.51958,40.79560,34.01521,29.18013,29.40165,25.62279,30.40249,27.67886,21.89882,26.34524
01-11-2014,28.26044,26.62796,25.03406,23.14214,23.58768,27.81507,32.43212,29.20607,29.65111,27.09163,35.99295,55.35174,66.08860,71.15120,68.92549,64.58634,46.00587,26.09029,39.60866,45.89461,54.46166,55.18510,56.96576,60.74811
02-11-2014,60.78237,62.04565,62.41751,62.13911,59.85404,57.73610,56.90040,56.51074,56.62200,55.11674,56.39848,56.34310,53.77913,54.50307,57.23468,56.62200,51.82883,47.25917,45.75442,50.04517,54.94960,52.77679,47.92823,44.19378
03-11-2014,43.10113,47.04597,47.67877,53.20536,56.61152,57.50460,56.33163,54.37784,52.20153,52.53581,51.36333,51.80987,46.72932,38.74602,40.30915,49.63306,41.14585,31.76705,24.23029,35.34036,26.18358,28.97557,20.88051,11.50122
04-11-2014,12.52834,16.62950,20.74979,24.88838,23.71391,20.07824,10.90600,4.30672,4.19546,14.20639,26.90204,31.93569,38.64723,37.52814,35.29196,18.06558,5.70521,4.41798,2.40482,2.96411,3.13225,3.24351,6.65566,10.34721
05-11-2014,13.67121,19.94636,23.53230,24.87690,27.90288,31.54453,27.34259,24.59650,18.82594,8.90881,4.59460,9.30046,42.02196,29.47200,24.98916,33.84208,38.37981,25.77347,27.06219,36.81119,40.00480,41.51804,34.12148,35.13081
06-11-2014,33.60293,24.02291,26.04438,29.74840,30.98324,23.06929,7.74581,3.25599,4.88348,10.66502,38.72905,61.57383,64.82932,63.14594,57.19527,50.90881,52.92946,50.57204,50.79705,55.79229,54.50157,52.31279,53.54763,52.36867
07-11-2014,52.40509,51.73054,51.28101,49.59414,49.48139,46.66994,45.15172,43.35259,44.36491,45.37673,48.52545,58.02847,58.25299,57.29755,66.96871,64.83181,65.90051,60.16487,59.71534,54.31697,41.77798,33.79319,31.37590,34.01820
08-11-2014,33.34615,33.12130,36.50085,37.34603,39.09227,41.00715,38.02158,39.03589,43.93633,53.68084,61.39821,66.35503,66.97469,68.55180,69.67837,65.73487,63.53910,63.31358,63.70773,61.06044,58.69503,63.76411,59.87749,60.66579
09-11-2014,59.28693,52.21483,45.93253,38.42770,21.04715,18.79101,26.69049,27.98870,27.25528,28.83487,36.22744,47.06110,52.08328,42.66058,43.67540,35.09838,21.49968,16.30736,26.06983,24.77213,22.96602,23.02240,25.33641,27.87594
10-11-2014,30.07387,35.65052,40.81356,40.13502,42.00001,40.92632,38.27004,40.64393,39.34323,43.18745,51.27103,53.19339,52.68448,50.93176,43.63947,27.19042,33.12563,36.06529,39.90901,42.33977,42.28340,44.20525,45.67459,48.67063
11-11-2014,55.37136,50.54376,47.63886,42.54683,38.58636,40.28370,31.00520,23.02788,27.78014,30.09965,34.00324,34.62589,35.36131,37.17191,32.47553,22.68762,18.16187,16.46403,18.67127,25.34689,32.75892,32.13676,29.64662,30.60855
12-11-2014,32.49532,32.19330,39.61764,48.23308,56.11160,59.90842,56.28074,47.66630,48.57284,52.37066,55.77083,57.75456,62.34567,62.62906,59.05775,52.42654,40.01428,35.48055,32.07988,28.67921,38.76747,39.16462,39.50438,45.28493
13-11-2014,44.51342,41.18327,37.81403,32.53390,33.38457,34.06710,32.64716,13.62714,11.07165,22.54093,35.71305,36.62159,36.39458,42.07185,43.43541,44.62685,45.93353,42.81076,39.51736,40.02825,40.25527,36.45096,31.17034,29.01349
14-11-2014,30.10713,29.50044,34.92275,38.56291,37.93726,37.14098,33.50082,25.76549,24.00228,24.45730,24.85545,19.85023,21.67031,25.42422,25.36734,30.08817,25.31047,16.60822,10.35170,8.87288,8.87288,8.58850,1.99071,1.76320
15-11-2014,4.02666,9.26803,3.24750,1.59456,1.99370,1.65194,1.53769,2.56398,1.93783,1.88045,2.27959,3.01999,2.22221,2.33597,2.56348,2.50660,2.50660,2.39284,2.22221,2.22221,2.22221,2.44972,2.56348,2.27909
16-11-2014,2.43475,3.42462,4.73679,6.05046,2.34046,2.39684,2.28308,2.33996,2.96811,3.42462,4.16702,5.59345,22.26004,21.46026,23.28782,23.85859,23.91497,17.46587,28.31050,38.18473,41.55197,45.60424,43.26478,36.75730
17-11-2014,32.62837,21.80369,20.12614,25.95857,24.98616,27.67387,23.21348,6.97497,3.43061,2.57346,5.48917,12.17826,18.92572,18.92522,12.34989,14.46583,12.29301,5.20279,8.29014,5.71768,11.43486,26.30133,23.67100,27.04473
18-11-2014,20.00822,34.28945,33.39255,15.34993,13.05886,12.88723,2.00418,2.11943,3.03596,7.96135,9.10738,9.45014,8.13298,9.62277,13.28837,13.11674,12.88723,8.99262,11.34057,13.17362,10.82518,14.20440,6.58681,2.29106
19-11-2014,2.60106,6.88517,8.43433,11.47528,15.43425,9.12284,1.77867,1.72129,2.00817,3.32783,11.24577,21.97515,23.12268,21.17188,9.75398,6.13927,4.30323,2.81144,2.46718,3.27045,5.27863,5.10650,8.31957,2.92620
20-11-2014,2.98823,5.59461,2.12642,1.95379,1.72429,1.78166,1.60853,1.66691,1.78166,1.89741,1.72379,4.19546,3.21857,5.00023,4.65597,2.35642,1.83954,1.66641,6.14975,2.81643,3.73645,9.02356,10.17308,15.80594
21-11-2014,13.49892,11.96555,13.57625,12.25360,11.85047,11.50521,7.42051,6.15524,7.07575,8.85891,12.59786,12.19522,17.89045,15.99204,13.51887,11.04470,8.68628,8.68678,10.18156,12.71311,7.93840,2.30104,1.38053,1.49578
22-11-2014,1.61253,1.76686,1.55515,1.72828,1.61303,1.49777,1.55565,1.78615,4.09168,6.85772,8.18287,7.08773,5.93521,6.68460,5.82046,5.68508,,2.84254,4.95582,4.03331,3.68855,4.03381,5.41683,3.63068
23-11-2014,5.07972,3.69471,2.88678,2.77053,2.42478,2.54003,21.24273,25.05302,31.92222,40.69681,36.36764,40.06168,45.83375,44.44873,48.66315,49.29828,51.26055,46.46888,44.62236,44.39085,37.92578,30.59408,30.70983,30.24833
24-11-2014,26.83086,22.51349,23.24542,22.37828,22.26303,20.29627,6.76542,3.52690,6.82330,9.77244,24.05517,27.06269,22.72504,21.85790,15.61236,8.09606,1.67639,2.48664,2.66027,2.83340,3.00702,2.08152,2.25514,2.08152
25-11-2014,2.31701,2.31701,2.20126,2.20126,2.14338,1.91188,2.08551,2.14338,2.49063,2.49063,2.72214,2.49063,2.25913,2.89626,5.61839,9.84728,15.40830,13.38067,16.50843,22.64870,24.73471,25.54446,17.84106,14.42342
26-11-2014,14.85466,16.09266,15.55099,15.49212,10.32875,7.94937,4.23587,3.07537,2.37887,2.32100,3.88762,3.42312,3.01750,2.72663,2.14687,1.79863,1.56663,1.50875,1.50875,1.50875,1.39300,1.56663,1.50875,1.50875
27-11-2014,1.39499,1.47283,1.39499,1.39499,1.33662,1.51174,1.39499,1.51174,3.83673,9.35834,14.99669,21.09954,24.47028,17.78668,15.63531,6.74247,5.98660,2.73161,2.09199,2.78999,3.08086,3.19711,1.97624,1.45337
28-11-2014,1.31982,2.71748,1.22287,1.22336,1.33912,1.10662,0.99037,1.39749,1.51374,3.90110,3.90110,3.08585,5.88033,4.19197,2.67773,1.74674,1.45536,1.39749,1.39699,1.39749,1.45636,1.57211,1.45586,1.51374
29-11-2014,1.55465,1.47682,1.39899,1.39899,1.45736,1.45736,1.51573,1.74923,3.61571,5.19082,5.42381,6.70705,7.17404,5.65731,5.24919,3.84971,2.04110,2.09948,1.86598,1.86598,2.27460,1.86598,1.92435,1.74923
30-11-2014,1.71431,1.63647,1.63647,1.69485,1.57810,1.63647,1.63647,1.63647,1.86997,3.79732,8.47175,14.19691,18.16985,19.57183,23.89601,21.26668,13.49592,9.87373,2.62934,1.40298,6.89365,17.93586,21.09106,23.31127
01-12-2014,25.26024,26.27406,23.68197,23.68197,25.43619,24.73421,24.44184,18.36094,16.25548,16.72397,15.90523,18.82893,15.14487,15.43724,15.26212,17.65895,15.96360,15.90523,17.30771,20.75827,24.09159,24.55908,22.45412,22.62924
02-12-2014,21.55556,20.07142,21.26219,22.02355,18.33350,17.22090,13.88209,5.38939,3.63168,4.39353,13.76484,19.32885,21.84843,16.75191,36.72537,57.51907,55.93748,58.98391,61.32686,63.31807,64.49005,62.61559,63.84594,64.37280
03-12-2014,67.67020,66.73155,68.23797,68.99983,69.11758,68.17860,65.71391,59.14307,50.57653,50.92877,57.73460,51.22164,39.54579,37.25772,34.91028,43.12558,48.58182,46.93886,44.29855,50.40041,46.35263,41.18875,43.36008,40.54314
04-12-2014,41.21985,42.47382,43.43392,43.66891,39.08429,39.02542,34.49967,24.92031,13.45900,8.52264,6.46557,4.52575,3.46753,4.46688,5.23123,4.87799,3.17366,1.93882,1.93882,2.17432,2.93867,2.70417,2.40981,2.17432
05-12-2014,2.11943,3.29690,5.29858,7.88900,13.71744,11.18590,7.65351,5.88732,4.70985,6.47605,13.36421,21.90081,30.90840,24.78560,15.13040,18.13293,23.49039,20.66448,21.01772,17.36758,21.19433,24.43236,27.72925,30.49629
06-12-2014,27.52070,27.44221,30.07570,28.89674,27.95327,28.07102,24.94525,11.97220,15.92269,16.68954,18.81197,26.95043,36.32723,38.56840,32.02151,15.98207,5.60193,2.47716,3.65612,7.48936,11.67684,21.82049,24.70926,20.64003
07-12-2014,18.19413,13.46831,18.60791,30.30421,35.97549,38.33790,41.29203,45.36775,47.43579,46.19447,48.73499,52.45648,55.88259,57.18179,54.70114,55.76485,52.04337,47.37642,48.08490,46.72632,45.13126,46.90394,48.43963,49.73883
08-12-2014,49.23126,46.39138,47.81148,47.45625,47.69324,43.37305,38.99448,30.71033,29.64563,36.44996,43.31417,43.49179,44.32051,44.61587,43.55066,37.63341,35.38476,36.68745,32.48551,37.98865,40.00081,39.88207,38.93561,38.34338
09-12-2014,35.56337,34.77308,34.91128,31.41481,27.85798,25.78295,14.87794,3.08236,4.26731,5.74911,9.60181,15.29255,24.47976,27.67986,13.09928,15.35092,32.83675,41.72759,45.46155,48.78090,50.26270,52.39661,52.98933,52.45598
10-12-2014,51.69329,52.08910,57.53154,64.95305,69.28721,67.03107,64.41870,54.14733,47.14143,55.45352,59.01584,60.97512,63.17189,63.35000,60.91575,56.99719,52.42554,39.42306,48.56636,53.43487,50.52564,53.37550,51.41622,47.31954
11-12-2014,53.16279,59.73862,62.57118,62.98778,63.99761,67.20620,66.90983,57.22370,64.23510,61.67960,57.10446,56.51074,60.07606,61.68010,60.96664,56.27225,50.80553,49.73634,45.87316,52.05384,46.34864,51.45962,59.54121,67.91916
12-12-2014,65.63325,71.50593,72.55717,72.02082,76.90230,77.61577,75.53325,74.87817,68.50939,67.61681,63.03369,57.20025,54.04605,51.00959,43.92685,31.54653,42.85566,43.51025,40.65291,34.22526,42.08183,49.40306,52.49839,54.99800
13-12-2014,54.85182,51.98998,48.47256,42.27192,37.08510,29.93001,24.38546,13.89207,10.91049,13.83220,20.03284,26.53134,30.64597,33.62655,29.69153,17.64847,3.16019,4.76972,2.62335,2.68272,3.99439,9.59932,12.16329,13.89157
14-12-2014,18.71235,27.71030,39.11722,35.65368,26.93397,23.29132,27.11358,31.41382,39.17759,43.95479,45.38821,45.68706,47.95667,49.80768,51.18172,50.70325,48.91161,50.70375,52.07679,53.51021,52.49489,56.07867,58.52740,59.72132
15-12-2014,64.20766,66.04237,63.76960,54.97555,54.55645,62.81216,60.47919,55.03592,46.95932,47.73714,50.90731,53.65988,54.49708,48.75395,42.17363,29.01299,17.16901,5.20479,9.57138,21.05713,24.52616,10.94741,17.88696,24.28717
16-12-2014,19.89314,19.49400,24.02823,24.92679,28.46217,32.71701,32.65714,31.15837,34.93373,37.62992,47.75660,46.97828,46.07922,48.65567,43.26279,28.10295,13.48195,6.47106,15.33995,24.74768,22.82981,31.75857,29.24150,13.06285
17-12-2014,13.92533,39.93396,55.93947,60.14092,57.25913,54.13835,52.03788,46.69589,43.51474,41.29453,40.57358,44.23519,46.39603,45.43560,36.01191,36.67298,26.70945,28.86980,31.27112,41.83386,39.37317,39.43354,42.01447,43.09465
18-12-2014,42.72528,46.41333,45.87166,49.41852,53.62745,55.49144,55.61118,56.51324,50.86241,53.50671,63.48771,63.96867,59.39952,60.78154,60.12046,60.18083,59.51876,60.18033,61.26250,62.52478,64.38927,63.90780,64.20865,64.98997
19-12-2014,66.64374,65.67982,65.82068,65.27885,64.97750,63.95420,62.68943,57.44972,57.63033,61.36478,65.51933,65.94142,68.46997,65.58020,64.49554,62.92991,60.70171,62.74930,57.63033,52.69247,55.70398,60.22025,60.22075,63.23176
20-12-2014,64.01940,66.51269,68.76484,69.85050,73.65081,74.07240,73.95166,73.16785,71.05690,69.79013,70.69518,68.16164,68.28238,71.41862,68.70397,65.20601,61.10484,57.78649,58.26945,51.99597,52.71991,51.93560,48.73849,44.69719
21-12-2014,45.07621,50.63024,51.49555,50.52963,50.52963,55.78181,56.56662,53.48775,53.24627,56.32514,58.80031,59.04179,66.58803,70.51207,71.11577,71.65910,72.92687,70.81392,68.76135,68.27839,67.49358,64.71656,64.41471,65.13915
22-12-2014,65.95256,63.29163,62.88850,62.58665,62.52628,62.40504,62.88800,63.25172,62.58615,65.00494,66.09309,65.00444,64.94457,63.73517,63.43233,62.34417,63.25172,64.33987,66.45631,68.69399,67.12138,67.72608,69.90338,70.68919
23-12-2014,70.18012,71.14937,73.65231,73.77355,74.68209,75.28778,72.44142,69.23083,62.93141,62.56769,63.23475,63.83995,62.20447,61.41767,62.20497,59.29724,61.11482,59.35860,59.29774,64.68862,70.20024,71.35077,74.31887,75.04531
24-12-2014,75.14875,72.56033,70.92219,69.28472,65.28084,66.37149,60.18383,54.96657,55.33028,62.67147,67.03955,69.22385,67.22116,67.03906,66.43286,65.94741,59.82011,59.21342,58.06040,55.14868,55.63313,58.00003,57.45371,57.15086
25-12-2014,57.85202,57.69037,56.08965,55.05687,53.65938,52.32276,51.77494,51.04602,49.22344,49.89150,50.07361,52.32227,52.99033,55.78580,56.27225,55.11724,49.34468,41.99103,34.21278,32.45058,22.54542,21.26917,25.82635,26.37367
26-12-2014,26.37650,20.85773,14.66939,18.38239,21.97366,20.45193,16.13025,12.96507,11.62595,12.96507,10.46944,13.63462,20.39107,24.59102,25.56492,26.90403,22.82582,26.53882,43.03428,52.52982,62.02536,64.52098,70.30352,65.31228
27-12-2014,45.84855,53.73356,55.35922,57.79797,58.89610,62.67596,64.38278,64.44415,62.06627,57.67623,54.87177,38.16627,48.40920,50.42086,47.18982,37.74018,21.03418,10.60864,15.36489,38.89769,51.70160,52.31079,49.75031,59.07871
28-12-2014,61.96449,60.00937,61.98445,66.68681,68.21353,67.84731,64.06097,59.17550,56.12208,54.16779,48.85424,50.99213,56.91587,58.38171,43.11411,27.60253,18.25916,20.27482,33.46539,36.76329,26.68650,17.16053,21.19084,23.51134
29-12-2014,21.93940,20.79719,19.32935,14.49677,13.45750,19.94103,26.66954,24.83399,27.70980,28.50408,35.41619,38.78044,40.18741,41.10493,31.31802,31.37939,11.86693,8.44131,9.60331,9.60331,6.48403,4.83259,3.42562,4.95482
30-12-2014,12.49840,13.31531,18.99308,19.91210,12.86628,8.27168,4.35013,5.08554,5.75859,16.41962,24.75217,33.63603,36.94440,40.13053,36.63806,18.80947,9.31244,21.62790,21.13696,21.07609,18.93171,21.32106,21.19882,24.56856
31-12-2014,23.95505,23.54593,20.17403,25.56991,34.09304,33.54023,34.82796,36.17755,15.75855,19.56036,37.71125,47.88932,50.89384,49.11518,45.06839,42.37071,39.97886,37.83348,44.20974,48.31839,47.52161,48.07342,49.29978,48.19616